tick,pitch,yaw,steamid,label,pitch_velocity,yaw_velocity,pitch_acceleration,yaw_acceleration,pitch_jerk,yaw_jerk,cumulative_pitch,cumulative_yaw,pitch_mean,pitch_std,pitch_min,pitch_max,pitch_range,yaw_mean,yaw_std,yaw_min,yaw_max,yaw_range
15401,3.0250244,-107.94273,76561198900166541,1,0.0,0.0,0.0,0.0,0.0,0.0274700000000081,12.1000976,-431.79839,1.5952612319333335,0.86451307193669,0.55000305,4.1524963,3.60249325,-64.85911794666667,15.47974885806691,-107.9702,-51.212433,56.75776700000001
15402,3.0524902,-107.91527,76561198900166541,1,0.027465799999999874,0.027459999999990714,0.027465799999999874,0.027459999999990714,0.027465799999999874,0.027459999999990714,15.1525878,-539.71366,1.5952612319333335,0.86451307193669,0.55000305,4.1524963,3.60249325,-64.85911794666667,15.47974885806691,-107.9702,-51.212433,56.75776700000001
15403,3.0524902,-107.91527,76561198900166541,1,0.0,0.0,-0.027465799999999874,-0.027459999999990714,-0.05493159999999975,-0.05491999999998143,18.205078,-647.62893,1.5952612319333335,0.86451307193669,0.55000305,4.1524963,3.60249325,-64.85911794666667,15.47974885806691,-107.9702,-51.212433,56.75776700000001
15404,3.0524902,-107.91527,76561198900166541,1,0.0,0.0,0.0,0.0,0.027465799999999874,0.027459999999990714,21.2575682,-755.5441999999999,1.5952612319333335,0.86451307193669,0.55000305,4.1524963,3.60249325,-64.85911794666667,15.47974885806691,-107.9702,-51.212433,56.75776700000001
15405,3.0524902,-107.91527,76561198900166541,1,0.0,0.0,0.0,0.0,0.0,0.0,24.310058400000003,-863.4594699999999,1.5952612319333335,0.86451307193669,0.55000305,4.1524963,3.60249325,-64.85911794666667,15.47974885806691,-107.9702,-51.212433,56.75776700000001
15406,3.0524902,-107.91527,76561198900166541,1,0.0,0.0,0.0,0.0,0.0,0.0,27.362548600000004,-971.3747399999999,1.5952612319333335,0.86451307193669,0.55000305,4.1524963,3.60249325,-64.85911794666667,15.47974885806691,-107.9702,-51.212433,56.75776700000001
15407,3.0524902,-107.91527,76561198900166541,1,0.0,0.0,0.0,0.0,0.0,0.0,30.415038800000005,-1079.29001,1.5952612319333335,0.86451307193669,0.55000305,4.1524963,3.60249325,-64.85911794666667,15.47974885806691,-107.9702,-51.212433,56.75776700000001
15408,3.0524902,-107.8878,76561198900166541,1,0.0,0.0274700000000081,0.0,0.0274700000000081,0.0,0.0274700000000081,33.467529000000006,-1187.17781,1.5952612319333335,0.86451307193669,0.55000305,4.1524963,3.60249325,-64.85911794666667,15.47974885806691,-107.9702,-51.212433,56.75776700000001
15409,3.079956,-107.83287,76561198900166541,1,0.027465800000000318,0.05492999999999881,0.027465800000000318,0.027459999999990714,0.027465800000000318,-1.0000000017384991e-05,36.54748500000001,-1295.0106799999999,1.5952612319333335,0.86451307193669,0.55000305,4.1524963,3.60249325,-64.85911794666667,15.47974885806691,-107.9702,-51.212433,56.75776700000001
15410,3.079956,-107.805405,76561198900166541,1,0.0,0.027465000000006512,-0.027465800000000318,-0.0274649999999923,-0.054931600000000635,-0.054924999999983015,39.62744100000001,-1402.816085,1.5952612319333335,0.86451307193669,0.55000305,4.1524963,3.60249325,-64.85911794666667,15.47974885806691,-107.9702,-51.212433,56.75776700000001
15411,3.079956,-107.75047,76561198900166541,1,0.0,0.05493499999998619,0.0,0.027469999999979677,0.027465800000000318,0.05493499999997198,42.707397000000014,-1510.5665549999999,1.5952612319333335,0.86451307193669,0.55000305,4.1524963,3.60249325,-64.85911794666667,15.47974885806691,-107.9702,-51.212433,56.75776700000001
15412,3.079956,-107.75047,76561198900166541,1,0.0,0.0,0.0,-0.05493499999998619,0.0,-0.08240499999996587,45.78735300000002,-1618.3170249999998,1.5952612319333335,0.86451307193669,0.55000305,4.1524963,3.60249325,-64.85911794666667,15.47974885806691,-107.9702,-51.212433,56.75776700000001
15413,3.1074219,-107.6952,76561198900166541,1,0.02746589999999971,0.05527000000000726,0.02746589999999971,0.05527000000000726,0.02746589999999971,0.11020499999999345,48.894774900000016,-1726.012225,1.5952612319333335,0.86451307193669,0.55000305,4.1524963,3.60249325,-64.85911794666667,15.47974885806691,-107.9702,-51.212433,56.75776700000001
15414,3.1348877,-107.55787,76561198900166541,1,0.027465800000000318,0.13733000000000573,-9.99999993922529e-08,0.08205999999999847,-0.027465999999999102,0.02678999999999121,52.029662600000016,-1833.570095,1.5952612319333335,0.86451307193669,0.55000305,4.1524963,3.60249325,-64.85911794666667,15.47974885806691,-107.9702,-51.212433,56.75776700000001
15415,3.190155,-107.448006,76561198900166541,1,0.055267299999999686,0.10986399999998753,0.02780149999999937,-0.027466000000018198,0.02780159999999876,-0.10952600000001667,55.21981760000001,-1941.0181010000001,1.5952612319333335,0.86451307193669,0.55000305,4.1524963,3.60249325,-64.85911794666667,15.47974885806691,-107.9702,-51.212433,56.75776700000001
15416,3.3000183,-107.03533,76561198900166541,1,0.10986330000000022,0.4126760000000047,0.05459600000000053,0.3028120000000172,0.026794500000001165,0.3302780000000354,58.51983590000001,-2048.0534310000003,1.5952612319333335,0.86451307193669,0.55000305,4.1524963,3.60249325,-64.85911794666667,15.47974885806691,-107.9702,-51.212433,56.75776700000001
15417,3.3824158,-106.65047,76561198900166541,1,0.0823974999999999,0.3848600000000033,-0.027465800000000318,-0.027816000000001395,-0.08206180000000085,-0.3306280000000186,61.90225170000001,-2154.7039010000003,1.5952612319333335,0.86451307193669,0.55000305,4.1524963,3.60249325,-64.85911794666667,15.47974885806691,-107.9702,-51.212433,56.75776700000001
15418,3.740158,-105.440254,76561198900166541,1,0.3577422000000001,1.2102160000000026,0.2753447000000002,0.8253559999999993,0.30281050000000054,0.8531720000000007,65.6424097,-2260.1441550000004,1.5952612319333335,0.86451307193669,0.55000305,4.1524963,3.60249325,-64.85911794666667,15.47974885806691,-107.9702,-51.212433,56.75776700000001
15419,3.8774872,-104.69799,76561198900166541,1,0.13732919999999993,0.7422639999999916,-0.2204130000000002,-0.467952000000011,-0.4957577000000004,-1.2933080000000103,69.5198969,-2364.8421450000005,1.5952612319333335,0.86451307193669,0.55000305,4.1524963,3.60249325,-64.85911794666667,15.47974885806691,-107.9702,-51.212433,56.75776700000001
15420,4.0975647,-102.717705,76561198900166541,1,0.22007750000000037,1.9802850000000092,0.08274830000000044,1.2380210000000176,0.30316130000000063,1.7059730000000286,73.61746160000001,-2467.5598500000006,1.5952612319333335,0.86451307193669,0.55000305,4.1524963,3.60249325,-64.85911794666667,15.47974885806691,-107.9702,-51.212433,56.75776700000001
15421,4.1524963,-101.2603,76561198900166541,1,0.05493159999999975,1.4574049999999943,-0.16514590000000062,-0.5228800000000149,-0.24789420000000106,-1.7609010000000325,77.76995790000001,-2568.8201500000005,1.5952612319333335,0.86451307193669,0.55000305,4.1524963,3.60249325,-64.85911794666667,15.47974885806691,-107.9702,-51.212433,56.75776700000001
15422,4.070099,-97.68528,76561198900166541,1,-0.08239730000000023,3.575019999999995,-0.13732889999999998,2.1176150000000007,0.027817000000000647,2.6404950000000156,81.84005690000001,-2666.5054300000006,1.5952612319333335,0.86451307193669,0.55000305,4.1524963,3.60249325,-64.85911794666667,15.47974885806691,-107.9702,-51.212433,56.75776700000001
15423,3.7950897,-94.2754,76561198900166541,1,-0.2750092999999998,3.409880000000001,-0.19261199999999956,-0.16513999999999385,-0.055283099999999585,-2.2827549999999945,85.63514660000001,-2760.7808300000006,1.5952612319333335,0.86451307193669,0.55000305,4.1524963,3.60249325,-64.85911794666667,15.47974885806691,-107.9702,-51.212433,56.75776700000001
15424,3.5750122,-91.47045,76561198900166541,1,-0.22007749999999993,2.804950000000005,0.054931799999999864,-0.604929999999996,0.24754379999999943,-0.4397900000000021,89.21015880000002,-2852.2512800000004,1.5952612319333335,0.86451307193669,0.55000305,4.1524963,3.60249325,-64.85911794666667,15.47974885806691,-107.9702,-51.212433,56.75776700000001
15425,3.3824158,-89.0229,76561198900166541,1,-0.19259640000000022,2.4475499999999926,0.027481099999999703,-0.3574000000000126,-0.02745070000000016,0.24752999999998337,92.59257460000002,-2941.2741800000003,1.5952612319333335,0.86451307193669,0.55000305,4.1524963,3.60249325,-64.85911794666667,15.47974885806691,-107.9702,-51.212433,56.75776700000001
15426,3.2725525,-87.8405,76561198900166541,1,-0.10986329999999978,1.1824000000000012,0.08273310000000045,-1.2651499999999913,0.055252000000000745,-0.9077499999999787,95.86512710000002,-3029.11468,1.5952612319333335,0.86451307193669,0.55000305,4.1524963,3.60249325,-64.85911794666667,15.47974885806691,-107.9702,-51.212433,56.75776700000001
15427,3.1626892,-86.38275,76561198900166541,1,-0.10986330000000022,1.4577500000000043,-4.440892098500626e-16,0.2753500000000031,-0.08273310000000089,1.5404999999999944,99.02781630000003,-3115.4974300000003,1.5952612319333335,0.86451307193669,0.55000305,4.1524963,3.60249325,-64.85911794666667,15.47974885806691,-107.9702,-51.212433,56.75776700000001
15428,3.1074219,-85.75035,76561198900166541,1,-0.05526730000000013,0.6324000000000041,0.05459600000000009,-0.8253500000000003,0.05459600000000053,-1.1007000000000033,102.13523820000003,-3201.24778,1.5952612319333335,0.86451307193669,0.55000305,4.1524963,3.60249325,-64.85911794666667,15.47974885806691,-107.9702,-51.212433,56.75776700000001
15429,3.0524902,-84.81548,76561198900166541,1,-0.05493170000000003,0.9348700000000036,0.0003356000000001025,0.3024699999999996,-0.054260399999999986,1.1278199999999998,105.18772840000003,-3286.0632600000004,1.5952612319333335,0.86451307193669,0.55000305,4.1524963,3.60249325,-64.85911794666667,15.47974885806691,-107.9702,-51.212433,56.75776700000001
15430,3.0524902,-84.292946,76561198900166541,1,0.0,0.5225339999999932,0.05493170000000003,-0.41233600000001047,0.054596099999999925,-0.71480600000001,108.24021860000002,-3370.3562060000004,1.5952612319333335,0.86451307193669,0.55000305,4.1524963,3.60249325,-64.85911794666667,15.47974885806691,-107.9702,-51.212433,56.75776700000001
15431,3.079956,-83.33027,76561198900166541,1,0.027465800000000318,0.9626760000000019,0.027465800000000318,0.4401420000000087,-0.02746589999999971,0.8524780000000192,111.32017460000002,-3453.6864760000003,1.5952612319333335,0.86451307193669,0.55000305,4.1524963,3.60249325,-64.85911794666667,15.47974885806691,-107.9702,-51.212433,56.75776700000001
15432,3.1074219,-82.61547,76561198900166541,1,0.02746589999999971,0.7147999999999968,9.99999993922529e-08,-0.2478760000000051,-0.027465700000000925,-0.6880180000000138,114.42759650000002,-3536.3019460000005,1.5952612319333335,0.86451307193669,0.55000305,4.1524963,3.60249325,-64.85911794666667,15.47974885806691,-107.9702,-51.212433,56.75776700000001
15433,3.079956,-81.95526,76561198900166541,1,-0.02746589999999971,0.6602100000000064,-0.05493179999999942,-0.05458999999999037,-0.05493189999999881,0.19328600000001472,117.50755250000002,-3618.2572060000007,1.5952612319333335,0.86451307193669,0.55000305,4.1524963,3.60249325,-64.85911794666667,15.47974885806691,-107.9702,-51.212433,56.75776700000001
15434,3.0524902,-81.707726,76561198900166541,1,-0.027465800000000318,0.2475340000000017,9.99999993922529e-08,-0.4126760000000047,0.05493189999999881,-0.35808600000001434,120.56004270000001,-3699.9649320000008,1.5952612319333335,0.86451307193669,0.55000305,4.1524963,3.60249325,-64.85911794666667,15.47974885806691,-107.9702,-51.212433,56.75776700000001
15435,3.0250244,-81.62533,76561198900166541,1,-0.027465799999999874,0.08239599999998859,4.440892098500626e-16,-0.1651380000000131,-9.999999894816369e-08,0.2475379999999916,123.58506710000002,-3781.5902620000006,1.5952612319333335,0.86451307193669,0.55000305,4.1524963,3.60249325,-64.85911794666667,15.47974885806691,-107.9702,-51.212433,56.75776700000001
15436,3.0250244,-81.488,76561198900166541,1,0.0,0.13733000000000573,0.027465799999999874,0.054934000000017136,0.02746579999999943,0.22007200000003024,126.61009150000002,-3863.0782620000004,1.5952612319333335,0.86451307193669,0.55000305,4.1524963,3.60249325,-64.85911794666667,15.47974885806691,-107.9702,-51.212433,56.75776700000001
15437,2.9700928,-81.213,76561198900166541,1,-0.05493159999999975,0.2750000000000057,-0.05493159999999975,0.13766999999999996,-0.08239739999999962,0.08273599999998282,129.5801843,-3944.2912620000006,1.5952612319333335,0.86451307193669,0.55000305,4.1524963,3.60249325,-64.85911794666667,15.47974885806691,-107.9702,-51.212433,56.75776700000001
15438,2.9151611,-80.99293,76561198900166541,1,-0.05493170000000003,0.22006999999999266,-1.0000000028043132e-07,-0.054930000000013024,0.05493149999999947,-0.19260000000001298,132.49534540000002,-4025.2841920000005,1.5952612319333335,0.86451307193669,0.55000305,4.1524963,3.60249325,-64.85911794666667,15.47974885806691,-107.9702,-51.212433,56.75776700000001
15439,2.8873444,-80.58025,76561198900166541,1,-0.02781670000000025,0.4126799999999946,0.027114999999999778,0.19261000000000195,0.02711510000000006,0.24754000000001497,135.3826898,-4105.864442000001,1.5952612319333335,0.86451307193669,0.55000305,4.1524963,3.60249325,-64.85911794666667,15.47974885806691,-107.9702,-51.212433,56.75776700000001
15440,2.8598785,-80.36053,76561198900166541,1,-0.02746589999999971,0.21972000000000946,0.00035080000000053957,-0.19295999999998514,-0.02676419999999924,-0.3855699999999871,138.24256830000002,-4186.224972000001,1.5952612319333335,0.86451307193669,0.55000305,4.1524963,3.60249325,-64.85911794666667,15.47974885806691,-107.9702,-51.212433,56.75776700000001
15441,2.804947,-79.94785,76561198900166541,1,-0.054931500000000355,0.4126799999999946,-0.027465600000000645,0.19295999999998514,-0.027816400000001185,0.3859199999999703,141.04751530000001,-4266.172822,1.5952612319333335,0.86451307193669,0.55000305,4.1524963,3.60249325,-64.85911794666667,15.47974885806691,-107.9702,-51.212433,56.75776700000001
15442,2.804947,-79.865456,76561198900166541,1,0.0,0.08239400000000785,0.054931500000000355,-0.33028599999998676,0.082397100000001,-0.5232459999999719,143.8524623,-4346.038278,1.5952612319333335,0.86451307193669,0.55000305,4.1524963,3.60249325,-64.85911794666667,15.47974885806691,-107.9702,-51.212433,56.75776700000001
15443,2.804947,-79.72778,76561198900166541,1,0.0,0.13767599999999902,0.0,0.05528199999999117,-0.054931500000000355,0.38556799999997793,146.6574093,-4425.766058,1.5952612319333335,0.86451307193669,0.55000305,4.1524963,3.60249325,-64.85911794666667,15.47974885806691,-107.9702,-51.212433,56.75776700000001
15444,2.777481,-79.645386,76561198900166541,1,-0.02746599999999999,0.08239399999999364,-0.02746599999999999,-0.05528200000000538,-0.02746599999999999,-0.11056399999999655,149.4348903,-4505.411444,1.5952612319333335,0.86451307193669,0.55000305,4.1524963,3.60249325,-64.85911794666667,15.47974885806691,-107.9702,-51.212433,56.75776700000001
15445,2.7500153,-79.53552,76561198900166541,1,-0.027465700000000037,0.10986599999999669,2.9999999995311555e-07,0.02747200000000305,0.027466299999999944,0.08275400000000843,152.1849056,-4584.946964000001,1.5952612319333335,0.86451307193669,0.55000305,4.1524963,3.60249325,-64.85911794666667,15.47974885806691,-107.9702,-51.212433,56.75776700000001
15446,2.7500153,-79.50806,76561198900166541,1,0.0,0.027460000000004925,0.027465700000000037,-0.08240599999999176,0.027465400000000084,-0.10987799999999481,154.9349209,-4664.455024000001,1.5952612319333335,0.86451307193669,0.55000305,4.1524963,3.60249325,-64.85911794666667,15.47974885806691,-107.9702,-51.212433,56.75776700000001
15447,2.7500153,-79.45278,76561198900166541,1,0.0,0.05527999999999622,0.0,0.027819999999991296,-0.027465700000000037,0.11022599999998306,157.6849362,-4743.907804,1.5952612319333335,0.86451307193669,0.55000305,4.1524963,3.60249325,-64.85911794666667,15.47974885806691,-107.9702,-51.212433,56.75776700000001
15448,2.7500153,-79.425316,76561198900166541,1,0.0,0.027464000000009037,0.0,-0.027815999999987184,0.0,-0.05563599999997848,160.4349515,-4823.33312,1.5952612319333335,0.86451307193669,0.55000305,4.1524963,3.60249325,-64.85911794666667,15.47974885806691,-107.9702,-51.212433,56.75776700000001
15449,2.7500153,-79.34292,76561198900166541,1,0.0,0.08239599999998859,0.0,0.05493199999997955,0.0,0.08274799999996674,163.1849668,-4902.67604,1.5952612319333335,0.86451307193669,0.55000305,4.1524963,3.60249325,-64.85911794666667,15.47974885806691,-107.9702,-51.212433,56.75776700000001
15450,2.7500153,-79.20559,76561198900166541,1,0.0,0.13733000000000573,0.0,0.054934000000017136,0.0,2.0000000375830496e-06,165.9349821,-4981.88163,1.5952612319333335,0.86451307193669,0.55000305,4.1524963,3.60249325,-64.85911794666667,15.47974885806691,-107.9702,-51.212433,56.75776700000001
15451,2.7500153,-79.150314,76561198900166541,1,0.0,0.05527600000000632,0.0,-0.0820539999999994,0.0,-0.13698800000001654,168.68499740000001,-5061.031944,1.5952612319333335,0.86451307193669,0.55000305,4.1524963,3.60249325,-64.85911794666667,15.47974885806691,-107.9702,-51.212433,56.75776700000001
15452,2.7500153,-79.12285,76561198900166541,1,0.0,0.027463999999994826,0.0,-0.027812000000011494,0.0,0.05424199999998791,171.43501270000002,-5140.154794,1.5952612319333335,0.86451307193669,0.55000305,4.1524963,3.60249325,-64.85911794666667,15.47974885806691,-107.9702,-51.212433,56.75776700000001
15453,2.7500153,-79.04045,76561198900166541,1,0.0,0.0823999999999927,0.0,0.054935999999997875,0.0,0.08274800000000937,174.18502800000002,-5219.1952440000005,1.5952612319333335,0.86451307193669,0.55000305,4.1524963,3.60249325,-64.85911794666667,15.47974885806691,-107.9702,-51.212433,56.75776700000001
15454,2.7500153,-78.84785,76561198900166541,1,0.0,0.19260000000001298,0.0,0.11020000000002028,0.0,0.055264000000022406,176.93504330000002,-5298.043094000001,1.5952612319333335,0.86451307193669,0.55000305,4.1524963,3.60249325,-64.85911794666667,15.47974885806691,-107.9702,-51.212433,56.75776700000001
15455,2.7225494,-78.43552,76561198900166541,1,-0.02746589999999971,0.4123299999999972,-0.02746589999999971,0.21972999999998422,-0.02746589999999971,0.10952999999996393,179.6575927,-5376.478614000001,1.5952612319333335,0.86451307193669,0.55000305,4.1524963,3.60249325,-64.85911794666667,15.47974885806691,-107.9702,-51.212433,56.75776700000001
15456,2.6676178,-77.99538,76561198900166541,1,-0.05493160000000019,0.44013999999999953,-0.02746570000000048,0.027810000000002333,1.9999999922859502e-07,-0.19191999999998188,182.3252105,-5454.473994000001,1.5952612319333335,0.86451307193669,0.55000305,4.1524963,3.60249325,-64.85911794666667,15.47974885806691,-107.9702,-51.212433,56.75776700000001
15457,2.5299377,-77.087975,76561198900166541,1,-0.13768009999999986,0.9074049999999971,-0.08274849999999967,0.4672649999999976,-0.05528279999999919,0.43945499999999527,184.8551482,-5531.561969000001,1.5952612319333335,0.86451307193669,0.55000305,4.1524963,3.60249325,-64.85911794666667,15.47974885806691,-107.9702,-51.212433,56.75776700000001
15458,2.3926086,-76.455574,76561198900166541,1,-0.1373291000000001,0.6324010000000015,0.00035099999999976816,-0.2750039999999956,0.08309949999999944,-0.7422689999999932,187.2477568,-5608.017543000001,1.5952612319333335,0.86451307193669,0.55000305,4.1524963,3.60249325,-64.85911794666667,15.47974885806691,-107.9702,-51.212433,56.75776700000001
15459,2.1450806,-75.10803,76561198900166541,1,-0.24752799999999997,1.3475439999999992,-0.11019889999999988,0.7151429999999976,-0.11054989999999965,0.9901469999999932,189.3928374,-5683.125573000001,1.5952612319333335,0.86451307193669,0.55000305,4.1524963,3.60249325,-64.85911794666667,15.47974885806691,-107.9702,-51.212433,56.75776700000001
15460,1.6500092,-72.52281,76561198900166541,1,-0.49507140000000005,2.5852199999999925,-0.24754340000000008,1.2376759999999933,-0.1373445000000002,0.5225329999999957,191.0428466,-5755.648383000002,1.5952612319333335,0.86451307193669,0.55000305,4.1524963,3.60249325,-64.85911794666667,15.47974885806691,-107.9702,-51.212433,56.75776700000001
15461,1.2651367,-70.378075,76561198900166541,1,-0.38487249999999995,2.1447350000000114,0.1101989000000001,-0.44048499999998114,0.3577423000000002,-1.6781609999999745,192.3079833,-5826.026458000001,1.5952612319333335,0.86451307193669,0.55000305,4.1524963,3.60249325,-64.85911794666667,15.47974885806691,-107.9702,-51.212433,56.75776700000001
15462,1.0176086,-68.75553,76561198900166541,1,-0.24752810000000003,1.6225450000000023,0.13734439999999992,-0.522190000000009,0.027145499999999823,-0.0817050000000279,193.32559189999998,-5894.781988000002,1.5952612319333335,0.86451307193669,0.55000305,4.1524963,3.60249325,-64.85911794666667,15.47974885806691,-107.9702,-51.212433,56.75776700000001
15463,0.7975464,-67.792854,76561198900166541,1,-0.22006219999999999,0.9626759999999877,0.027465900000000043,-0.6598690000000147,-0.10987849999999988,-0.13767900000000566,194.12313829999997,-5962.574842000002,1.5952612319333335,0.86451307193669,0.55000305,4.1524963,3.60249325,-64.85911794666667,15.47974885806691,-107.9702,-51.212433,56.75776700000001
15464,0.55000305,-65.89531,76561198900166541,1,-0.24754334999999994,1.8975440000000106,-0.027481149999999954,0.9348680000000229,-0.05494705,1.5947370000000376,194.67314134999995,-6028.470152000002,1.5952612319333335,0.86451307193669,0.55000305,4.1524963,3.60249325,-64.85911794666667,15.47974885806691,-107.9702,-51.212433,56.75776700000001
15465,0.55000305,-64.90551,76561198900166541,1,0.0,0.9897999999999882,0.24754334999999994,-0.9077440000000223,0.2750244999999999,-1.8426120000000452,195.22314439999994,-6093.375662000001,1.5952612319333335,0.86451307193669,0.55000305,4.1524963,3.60249325,-64.85911794666667,15.47974885806691,-107.9702,-51.212433,56.75776700000001
15466,0.6049347,-63.503036,76561198900166541,1,0.05493165,1.402474000000005,0.05493165,0.41267400000001686,-0.19261169999999994,1.3204180000000392,195.82807909999994,-6156.878698000001,1.5952612319333335,0.86451307193669,0.55000305,4.1524963,3.60249325,-64.85911794666667,15.47974885806691,-107.9702,-51.212433,56.75776700000001
15467,0.5774689,-63.145294,76561198900166541,1,-0.027465800000000096,0.3577420000000018,-0.0823974500000001,-1.0447320000000033,-0.1373291000000001,-1.4574060000000202,196.40554799999995,-6220.023992000001,1.5952612319333335,0.86451307193669,0.55000305,4.1524963,3.60249325,-64.85911794666667,15.47974885806691,-107.9702,-51.212433,56.75776700000001
15468,0.6049347,-62.8981,76561198900166541,1,0.027465800000000096,0.24719400000000036,0.05493160000000019,-0.11054800000000142,0.13732905000000029,0.9341840000000019,197.01048269999995,-6282.922092000002,1.5952612319333335,0.86451307193669,0.55000305,4.1524963,3.60249325,-64.85911794666667,15.47974885806691,-107.9702,-51.212433,56.75776700000001
15469,0.6049347,-62.81536,76561198900166541,1,0.0,0.08274000000000115,-0.027465800000000096,-0.1644539999999992,-0.08239740000000029,-0.05390599999999779,197.61541739999996,-6345.737452000001,1.5952612319333335,0.86451307193669,0.55000305,4.1524963,3.60249325,-64.85911794666667,15.47974885806691,-107.9702,-51.212433,56.75776700000001
15470,0.6049347,-62.787895,76561198900166541,1,0.0,0.027464999999999407,0.0,-0.05527500000000174,0.027465800000000096,0.10917899999999747,198.22035209999996,-6408.525347000002,1.5952612319333335,0.86451307193669,0.55000305,4.1524963,3.60249325,-64.85911794666667,15.47974885806691,-107.9702,-51.212433,56.75776700000001
15471,0.6049347,-62.787895,76561198900166541,1,0.0,0.0,0.0,-0.027464999999999407,0.0,0.027810000000002333,198.82528679999996,-6471.313242000002,1.5952612319333335,0.86451307193669,0.55000305,4.1524963,3.60249325,-64.85911794666667,15.47974885806691,-107.9702,-51.212433,56.75776700000001
15472,0.6049347,-62.787895,76561198900166541,1,0.0,0.0,0.0,0.0,0.0,0.027464999999999407,199.43022149999996,-6534.101137000002,1.5952612319333335,0.86451307193669,0.55000305,4.1524963,3.60249325,-64.85911794666667,15.47974885806691,-107.9702,-51.212433,56.75776700000001
15473,0.6049347,-62.787895,76561198900166541,1,0.0,0.0,0.0,0.0,0.0,0.0,200.03515619999996,-6596.889032000003,1.5952612319333335,0.86451307193669,0.55000305,4.1524963,3.60249325,-64.85911794666667,15.47974885806691,-107.9702,-51.212433,56.75776700000001
15474,0.6049347,-62.787895,76561198900166541,1,0.0,0.0,0.0,0.0,0.0,0.0,200.64009089999996,-6659.676927000003,1.5952612319333335,0.86451307193669,0.55000305,4.1524963,3.60249325,-64.85911794666667,15.47974885806691,-107.9702,-51.212433,56.75776700000001
15475,0.6049347,-62.787895,76561198900166541,1,0.0,0.0,0.0,0.0,0.0,0.0,201.24502559999996,-6722.464822000004,1.5952612319333335,0.86451307193669,0.55000305,4.1524963,3.60249325,-64.85911794666667,15.47974885806691,-107.9702,-51.212433,56.75776700000001
15476,0.6049347,-62.787895,76561198900166541,1,0.0,0.0,0.0,0.0,0.0,0.0,201.84996029999996,-6785.252717000004,1.5952612319333335,0.86451307193669,0.55000305,4.1524963,3.60249325,-64.85911794666667,15.47974885806691,-107.9702,-51.212433,56.75776700000001
15477,0.6049347,-62.787895,76561198900166541,1,0.0,0.0,0.0,0.0,0.0,0.0,202.45489499999996,-6848.040612000004,1.5952612319333335,0.86451307193669,0.55000305,4.1524963,3.60249325,-64.85911794666667,15.47974885806691,-107.9702,-51.212433,56.75776700000001
15478,0.6049347,-62.787895,76561198900166541,1,0.0,0.0,0.0,0.0,0.0,0.0,203.05982969999997,-6910.828507000005,1.5952612319333335,0.86451307193669,0.55000305,4.1524963,3.60249325,-64.85911794666667,15.47974885806691,-107.9702,-51.212433,56.75776700000001
15479,0.6049347,-62.787895,76561198900166541,1,0.0,0.0,0.0,0.0,0.0,0.0,203.66476439999997,-6973.616402000005,1.5952612319333335,0.86451307193669,0.55000305,4.1524963,3.60249325,-64.85911794666667,15.47974885806691,-107.9702,-51.212433,56.75776700000001
15480,0.6049347,-62.787895,76561198900166541,1,0.0,0.0,0.0,0.0,0.0,0.0,204.26969909999997,-7036.4042970000055,1.5952612319333335,0.86451307193669,0.55000305,4.1524963,3.60249325,-64.85911794666667,15.47974885806691,-107.9702,-51.212433,56.75776700000001
15481,0.6049347,-62.787895,76561198900166541,1,0.0,0.0,0.0,0.0,0.0,0.0,204.87463379999997,-7099.192192000006,1.5952612319333335,0.86451307193669,0.55000305,4.1524963,3.60249325,-64.85911794666667,15.47974885806691,-107.9702,-51.212433,56.75776700000001
15482,0.6049347,-62.787895,76561198900166541,1,0.0,0.0,0.0,0.0,0.0,0.0,205.47956849999997,-7161.980087000006,1.5952612319333335,0.86451307193669,0.55000305,4.1524963,3.60249325,-64.85911794666667,15.47974885806691,-107.9702,-51.212433,56.75776700000001
15483,0.6049347,-62.787895,76561198900166541,1,0.0,0.0,0.0,0.0,0.0,0.0,206.08450319999997,-7224.767982000007,1.5952612319333335,0.86451307193669,0.55000305,4.1524963,3.60249325,-64.85911794666667,15.47974885806691,-107.9702,-51.212433,56.75776700000001
15484,0.6049347,-62.787895,76561198900166541,1,0.0,0.0,0.0,0.0,0.0,0.0,206.68943789999997,-7287.555877000007,1.5952612319333335,0.86451307193669,0.55000305,4.1524963,3.60249325,-64.85911794666667,15.47974885806691,-107.9702,-51.212433,56.75776700000001
15485,0.6049347,-62.787895,76561198900166541,1,0.0,0.0,0.0,0.0,0.0,0.0,207.29437259999997,-7350.343772000007,1.5952612319333335,0.86451307193669,0.55000305,4.1524963,3.60249325,-64.85911794666667,15.47974885806691,-107.9702,-51.212433,56.75776700000001
15486,0.6049347,-62.787895,76561198900166541,1,0.0,0.0,0.0,0.0,0.0,0.0,207.89930729999998,-7413.131667000008,1.5952612319333335,0.86451307193669,0.55000305,4.1524963,3.60249325,-64.85911794666667,15.47974885806691,-107.9702,-51.212433,56.75776700000001
15487,0.6049347,-62.787895,76561198900166541,1,0.0,0.0,0.0,0.0,0.0,0.0,208.50424199999998,-7475.919562000008,1.5952612319333335,0.86451307193669,0.55000305,4.1524963,3.60249325,-64.85911794666667,15.47974885806691,-107.9702,-51.212433,56.75776700000001
15488,0.6049347,-62.787895,76561198900166541,1,0.0,0.0,0.0,0.0,0.0,0.0,209.10917669999998,-7538.707457000009,1.5952612319333335,0.86451307193669,0.55000305,4.1524963,3.60249325,-64.85911794666667,15.47974885806691,-107.9702,-51.212433,56.75776700000001
15489,0.6049347,-62.787895,76561198900166541,1,0.0,0.0,0.0,0.0,0.0,0.0,209.71411139999998,-7601.495352000009,1.5952612319333335,0.86451307193669,0.55000305,4.1524963,3.60249325,-64.85911794666667,15.47974885806691,-107.9702,-51.212433,56.75776700000001
15490,0.6049347,-62.787895,76561198900166541,1,0.0,0.0,0.0,0.0,0.0,0.0,210.31904609999998,-7664.283247000009,1.5952612319333335,0.86451307193669,0.55000305,4.1524963,3.60249325,-64.85911794666667,15.47974885806691,-107.9702,-51.212433,56.75776700000001
15491,0.6049347,-62.787895,76561198900166541,1,0.0,0.0,0.0,0.0,0.0,0.0,210.92398079999998,-7727.07114200001,1.5952612319333335,0.86451307193669,0.55000305,4.1524963,3.60249325,-64.85911794666667,15.47974885806691,-107.9702,-51.212433,56.75776700000001
15492,0.6049347,-62.787895,76561198900166541,1,0.0,0.0,0.0,0.0,0.0,0.0,211.52891549999998,-7789.85903700001,1.5952612319333335,0.86451307193669,0.55000305,4.1524963,3.60249325,-64.85911794666667,15.47974885806691,-107.9702,-51.212433,56.75776700000001
15493,0.6049347,-62.787895,76561198900166541,1,0.0,0.0,0.0,0.0,0.0,0.0,212.13385019999998,-7852.646932000011,1.5952612319333335,0.86451307193669,0.55000305,4.1524963,3.60249325,-64.85911794666667,15.47974885806691,-107.9702,-51.212433,56.75776700000001
15494,0.6049347,-62.787895,76561198900166541,1,0.0,0.0,0.0,0.0,0.0,0.0,212.73878489999998,-7915.434827000011,1.5952612319333335,0.86451307193669,0.55000305,4.1524963,3.60249325,-64.85911794666667,15.47974885806691,-107.9702,-51.212433,56.75776700000001
15495,0.6049347,-62.787895,76561198900166541,1,0.0,0.0,0.0,0.0,0.0,0.0,213.3437196,-7978.222722000011,1.5952612319333335,0.86451307193669,0.55000305,4.1524963,3.60249325,-64.85911794666667,15.47974885806691,-107.9702,-51.212433,56.75776700000001
15496,0.6049347,-62.787895,76561198900166541,1,0.0,0.0,0.0,0.0,0.0,0.0,213.9486543,-8041.010617000012,1.5952612319333335,0.86451307193669,0.55000305,4.1524963,3.60249325,-64.85911794666667,15.47974885806691,-107.9702,-51.212433,56.75776700000001
15497,0.6049347,-62.787895,76561198900166541,1,0.0,0.0,0.0,0.0,0.0,0.0,214.553589,-8103.798512000012,1.5952612319333335,0.86451307193669,0.55000305,4.1524963,3.60249325,-64.85911794666667,15.47974885806691,-107.9702,-51.212433,56.75776700000001
15498,0.6049347,-62.787895,76561198900166541,1,0.0,0.0,0.0,0.0,0.0,0.0,215.1585237,-8166.5864070000125,1.5952612319333335,0.86451307193669,0.55000305,4.1524963,3.60249325,-64.85911794666667,15.47974885806691,-107.9702,-51.212433,56.75776700000001
15499,0.65986633,-62.842827,76561198900166541,1,0.0549316299999999,-0.05493200000000087,0.0549316299999999,-0.05493200000000087,0.0549316299999999,-0.05493200000000087,215.81839003,-8229.429234000012,1.5952612319333335,0.86451307193669,0.55000305,4.1524963,3.60249325,-64.85911794666667,15.47974885806691,-107.9702,-51.212433,56.75776700000001
15500,0.65986633,-62.842827,76561198900166541,1,0.0,0.0,-0.0549316299999999,0.05493200000000087,-0.1098632599999998,0.10986400000000174,216.47825636,-8292.272061000012,1.5952612319333335,0.86451307193669,0.55000305,4.1524963,3.60249325,-64.85911794666667,15.47974885806691,-107.9702,-51.212433,56.75776700000001
15501,0.65986633,-62.842827,76561198900166541,1,0.0,0.0,0.0,0.0,0.0549316299999999,-0.05493200000000087,217.13812269,-8355.114888000013,1.5952612319333335,0.86451307193669,0.55000305,4.1524963,3.60249325,-64.85911794666667,15.47974885806691,-107.9702,-51.212433,56.75776700000001
15502,0.65986633,-62.842827,76561198900166541,1,0.0,0.0,0.0,0.0,0.0,0.0,217.79798902,-8417.957715000013,1.5952612319333335,0.86451307193669,0.55000305,4.1524963,3.60249325,-64.85911794666667,15.47974885806691,-107.9702,-51.212433,56.75776700000001
15503,0.6876831,-62.870636,76561198900166541,1,0.027816770000000046,-0.027808999999997752,0.027816770000000046,-0.027808999999997752,0.027816770000000046,-0.027808999999997752,218.48567211999998,-8480.828351000013,1.5952612319333335,0.86451307193669,0.55000305,4.1524963,3.60249325,-64.85911794666667,15.47974885806691,-107.9702,-51.212433,56.75776700000001
15504,0.6876831,-62.870636,76561198900166541,1,0.0,0.0,-0.027816770000000046,0.027808999999997752,-0.05563354000000009,0.055617999999995504,219.17335521999996,-8543.698987000012,1.5952612319333335,0.86451307193669,0.55000305,4.1524963,3.60249325,-64.85911794666667,15.47974885806691,-107.9702,-51.212433,56.75776700000001
15505,0.7151489,-62.870636,76561198900166541,1,0.027465799999999985,0.0,0.027465799999999985,0.0,0.05528257000000003,-0.027808999999997752,219.88850411999996,-8606.569623000012,1.5952612319333335,0.86451307193669,0.55000305,4.1524963,3.60249325,-64.85911794666667,15.47974885806691,-107.9702,-51.212433,56.75776700000001
15506,0.7151489,-62.870636,76561198900166541,1,0.0,0.0,-0.027465799999999985,0.0,-0.05493159999999997,0.0,220.60365301999997,-8669.440259000012,1.5952612319333335,0.86451307193669,0.55000305,4.1524963,3.60249325,-64.85911794666667,15.47974885806691,-107.9702,-51.212433,56.75776700000001
15507,0.7151489,-62.870636,76561198900166541,1,0.0,0.0,0.0,0.0,0.027465799999999985,0.0,221.31880191999997,-8732.310895000011,1.5952612319333335,0.86451307193669,0.55000305,4.1524963,3.60249325,-64.85911794666667,15.47974885806691,-107.9702,-51.212433,56.75776700000001
15508,0.7151489,-62.870636,76561198900166541,1,0.0,0.0,0.0,0.0,0.0,0.0,222.03395081999997,-8795.181531000011,1.5952612319333335,0.86451307193669,0.55000305,4.1524963,3.60249325,-64.85911794666667,15.47974885806691,-107.9702,-51.212433,56.75776700000001
15509,0.7151489,-62.870636,76561198900166541,1,0.0,0.0,0.0,0.0,0.0,0.0,222.74909971999998,-8858.05216700001,1.5952612319333335,0.86451307193669,0.55000305,4.1524963,3.60249325,-64.85911794666667,15.47974885806691,-107.9702,-51.212433,56.75776700000001
15510,0.7151489,-62.870636,76561198900166541,1,0.0,0.0,0.0,0.0,0.0,0.0,223.46424861999998,-8920.92280300001,1.5952612319333335,0.86451307193669,0.55000305,4.1524963,3.60249325,-64.85911794666667,15.47974885806691,-107.9702,-51.212433,56.75776700000001
15511,0.7151489,-62.870636,76561198900166541,1,0.0,0.0,0.0,0.0,0.0,0.0,224.17939751999998,-8983.79343900001,1.5952612319333335,0.86451307193669,0.55000305,4.1524963,3.60249325,-64.85911794666667,15.47974885806691,-107.9702,-51.212433,56.75776700000001
15512,0.7151489,-62.870636,76561198900166541,1,0.0,0.0,0.0,0.0,0.0,0.0,224.89454641999998,-9046.66407500001,1.5952612319333335,0.86451307193669,0.55000305,4.1524963,3.60249325,-64.85911794666667,15.47974885806691,-107.9702,-51.212433,56.75776700000001
15513,0.7151489,-62.870636,76561198900166541,1,0.0,0.0,0.0,0.0,0.0,0.0,225.60969532,-9109.53471100001,1.5952612319333335,0.86451307193669,0.55000305,4.1524963,3.60249325,-64.85911794666667,15.47974885806691,-107.9702,-51.212433,56.75776700000001
15514,0.7151489,-62.870636,76561198900166541,1,0.0,0.0,0.0,0.0,0.0,0.0,226.32484422,-9172.405347000009,1.5952612319333335,0.86451307193669,0.55000305,4.1524963,3.60249325,-64.85911794666667,15.47974885806691,-107.9702,-51.212433,56.75776700000001
15515,0.7151489,-62.870636,76561198900166541,1,0.0,0.0,0.0,0.0,0.0,0.0,227.03999312,-9235.275983000009,1.5952612319333335,0.86451307193669,0.55000305,4.1524963,3.60249325,-64.85911794666667,15.47974885806691,-107.9702,-51.212433,56.75776700000001
15516,0.7151489,-62.870636,76561198900166541,1,0.0,0.0,0.0,0.0,0.0,0.0,227.75514202,-9298.146619000008,1.5952612319333335,0.86451307193669,0.55000305,4.1524963,3.60249325,-64.85911794666667,15.47974885806691,-107.9702,-51.212433,56.75776700000001
15517,0.7151489,-62.870636,76561198900166541,1,0.0,0.0,0.0,0.0,0.0,0.0,228.47029092,-9361.017255000008,1.5952612319333335,0.86451307193669,0.55000305,4.1524963,3.60249325,-64.85911794666667,15.47974885806691,-107.9702,-51.212433,56.75776700000001
15518,0.7151489,-62.870636,76561198900166541,1,0.0,0.0,0.0,0.0,0.0,0.0,229.18543982,-9423.887891000008,1.5952612319333335,0.86451307193669,0.55000305,4.1524963,3.60249325,-64.85911794666667,15.47974885806691,-107.9702,-51.212433,56.75776700000001
15519,0.7151489,-62.870636,76561198900166541,1,0.0,0.0,0.0,0.0,0.0,0.0,229.90058872,-9486.758527000007,1.5952612319333335,0.86451307193669,0.55000305,4.1524963,3.60249325,-64.85911794666667,15.47974885806691,-107.9702,-51.212433,56.75776700000001
15520,0.7151489,-62.870636,76561198900166541,1,0.0,0.0,0.0,0.0,0.0,0.0,230.61573762,-9549.629163000007,1.5952612319333335,0.86451307193669,0.55000305,4.1524963,3.60249325,-64.85911794666667,15.47974885806691,-107.9702,-51.212433,56.75776700000001
15521,0.7151489,-62.870636,76561198900166541,1,0.0,0.0,0.0,0.0,0.0,0.0,231.33088652,-9612.499799000007,1.5952612319333335,0.86451307193669,0.55000305,4.1524963,3.60249325,-64.85911794666667,15.47974885806691,-107.9702,-51.212433,56.75776700000001
15522,0.7151489,-62.870636,76561198900166541,1,0.0,0.0,0.0,0.0,0.0,0.0,232.04603542,-9675.370435000006,1.5952612319333335,0.86451307193669,0.55000305,4.1524963,3.60249325,-64.85911794666667,15.47974885806691,-107.9702,-51.212433,56.75776700000001
15523,0.7151489,-62.870636,76561198900166541,1,0.0,0.0,0.0,0.0,0.0,0.0,232.76118432,-9738.241071000006,1.5952612319333335,0.86451307193669,0.55000305,4.1524963,3.60249325,-64.85911794666667,15.47974885806691,-107.9702,-51.212433,56.75776700000001
15524,0.7151489,-62.870636,76561198900166541,1,0.0,0.0,0.0,0.0,0.0,0.0,233.47633322000001,-9801.111707000005,1.5952612319333335,0.86451307193669,0.55000305,4.1524963,3.60249325,-64.85911794666667,15.47974885806691,-107.9702,-51.212433,56.75776700000001
15525,0.7151489,-62.870636,76561198900166541,1,0.0,0.0,0.0,0.0,0.0,0.0,234.19148212000002,-9863.982343000005,1.5952612319333335,0.86451307193669,0.55000305,4.1524963,3.60249325,-64.85911794666667,15.47974885806691,-107.9702,-51.212433,56.75776700000001
15526,0.7151489,-62.870636,76561198900166541,1,0.0,0.0,0.0,0.0,0.0,0.0,234.90663102000002,-9926.852979000005,1.5952612319333335,0.86451307193669,0.55000305,4.1524963,3.60249325,-64.85911794666667,15.47974885806691,-107.9702,-51.212433,56.75776700000001
15527,0.7151489,-62.870636,76561198900166541,1,0.0,0.0,0.0,0.0,0.0,0.0,235.62177992000002,-9989.723615000004,1.5952612319333335,0.86451307193669,0.55000305,4.1524963,3.60249325,-64.85911794666667,15.47974885806691,-107.9702,-51.212433,56.75776700000001
15528,0.7151489,-62.870636,76561198900166541,1,0.0,0.0,0.0,0.0,0.0,0.0,236.33692882000003,-10052.594251000004,1.5952612319333335,0.86451307193669,0.55000305,4.1524963,3.60249325,-64.85911794666667,15.47974885806691,-107.9702,-51.212433,56.75776700000001
15529,0.7151489,-62.870636,76561198900166541,1,0.0,0.0,0.0,0.0,0.0,0.0,237.05207772000003,-10115.464887000004,1.5952612319333335,0.86451307193669,0.55000305,4.1524963,3.60249325,-64.85911794666667,15.47974885806691,-107.9702,-51.212433,56.75776700000001
15530,0.7151489,-62.870636,76561198900166541,1,0.0,0.0,0.0,0.0,0.0,0.0,237.76722662000003,-10178.335523000003,1.5952612319333335,0.86451307193669,0.55000305,4.1524963,3.60249325,-64.85911794666667,15.47974885806691,-107.9702,-51.212433,56.75776700000001
15531,0.7151489,-62.870636,76561198900166541,1,0.0,0.0,0.0,0.0,0.0,0.0,238.48237552000003,-10241.206159000003,1.5952612319333335,0.86451307193669,0.55000305,4.1524963,3.60249325,-64.85911794666667,15.47974885806691,-107.9702,-51.212433,56.75776700000001
15532,0.7151489,-62.870636,76561198900166541,1,0.0,0.0,0.0,0.0,0.0,0.0,239.19752442000004,-10304.076795000003,1.5952612319333335,0.86451307193669,0.55000305,4.1524963,3.60249325,-64.85911794666667,15.47974885806691,-107.9702,-51.212433,56.75776700000001
15533,0.7151489,-62.870636,76561198900166541,1,0.0,0.0,0.0,0.0,0.0,0.0,239.91267332000004,-10366.947431000002,1.5952612319333335,0.86451307193669,0.55000305,4.1524963,3.60249325,-64.85911794666667,15.47974885806691,-107.9702,-51.212433,56.75776700000001
15534,0.7151489,-62.870636,76561198900166541,1,0.0,0.0,0.0,0.0,0.0,0.0,240.62782222000004,-10429.818067000002,1.5952612319333335,0.86451307193669,0.55000305,4.1524963,3.60249325,-64.85911794666667,15.47974885806691,-107.9702,-51.212433,56.75776700000001
15535,0.7151489,-62.870636,76561198900166541,1,0.0,0.0,0.0,0.0,0.0,0.0,241.34297112000004,-10492.688703000002,1.5952612319333335,0.86451307193669,0.55000305,4.1524963,3.60249325,-64.85911794666667,15.47974885806691,-107.9702,-51.212433,56.75776700000001
15536,0.7151489,-62.870636,76561198900166541,1,0.0,0.0,0.0,0.0,0.0,0.0,242.05812002000005,-10555.559339000001,1.5952612319333335,0.86451307193669,0.55000305,4.1524963,3.60249325,-64.85911794666667,15.47974885806691,-107.9702,-51.212433,56.75776700000001
15537,0.7151489,-62.870636,76561198900166541,1,0.0,0.0,0.0,0.0,0.0,0.0,242.77326892000005,-10618.429975000001,1.5952612319333335,0.86451307193669,0.55000305,4.1524963,3.60249325,-64.85911794666667,15.47974885806691,-107.9702,-51.212433,56.75776700000001
15538,0.7151489,-62.842827,76561198900166541,1,0.0,0.027808999999997752,0.0,0.027808999999997752,0.0,0.027808999999997752,243.48841782000005,-10681.272802000001,1.5952612319333335,0.86451307193669,0.55000305,4.1524963,3.60249325,-64.85911794666667,15.47974885806691,-107.9702,-51.212433,56.75776700000001
15539,0.74261475,-62.81536,76561198900166541,1,0.027465850000000014,0.027467000000001462,0.027465850000000014,-0.0003419999999962897,0.027465850000000014,-0.028150999999994042,244.23103257000005,-10744.088162000002,1.5952612319333335,0.86451307193669,0.55000305,4.1524963,3.60249325,-64.85911794666667,15.47974885806691,-107.9702,-51.212433,56.75776700000001
15540,0.77008057,-62.787895,76561198900166541,1,0.027465819999999974,0.027464999999999407,-3.0000000039720476e-08,-2.0000000020559128e-06,-0.027465880000000054,0.0003399999999942338,245.00111314000006,-10806.876057000001,1.5952612319333335,0.86451307193669,0.55000305,4.1524963,3.60249325,-64.85911794666667,15.47974885806691,-107.9702,-51.212433,56.75776700000001
15541,0.77008057,-62.787895,76561198900166541,1,0.0,0.0,-0.027465819999999974,-0.027464999999999407,-0.027465789999999934,-0.02746299999999735,245.77119371000006,-10869.663952,1.5952612319333335,0.86451307193669,0.55000305,4.1524963,3.60249325,-64.85911794666667,15.47974885806691,-107.9702,-51.212433,56.75776700000001
15542,0.77008057,-62.76043,76561198900166541,1,0.0,0.027464999999999407,0.0,0.027464999999999407,0.027465819999999974,0.05492999999999881,246.54127428000007,-10932.424382000001,1.5952612319333335,0.86451307193669,0.55000305,4.1524963,3.60249325,-64.85911794666667,15.47974885806691,-107.9702,-51.212433,56.75776700000001
15543,0.87994385,-62.6231,76561198900166541,1,0.10986328000000001,0.13732999999999862,0.10986328000000001,0.10986499999999921,0.10986328000000001,0.0823999999999998,247.42121813000006,-10995.047482000002,1.5952612319333335,0.86451307193669,0.55000305,4.1524963,3.60249325,-64.85911794666667,15.47974885806691,-107.9702,-51.212433,56.75776700000001
15544,0.87994385,-62.512894,76561198900166541,1,0.0,0.11020599999999803,-0.10986328000000001,-0.027124000000000592,-0.21972656000000002,-0.1369889999999998,248.30116198000005,-11057.560376000001,1.5952612319333335,0.86451307193669,0.55000305,4.1524963,3.60249325,-64.85911794666667,15.47974885806691,-107.9702,-51.212433,56.75776700000001
15545,0.9348755,-62.40303,76561198900166541,1,0.05493165,0.10986400000000174,0.05493165,-0.0003419999999962897,0.16479493,0.026782000000004302,249.23603748000005,-11119.963406,1.5952612319333335,0.86451307193669,0.55000305,4.1524963,3.60249325,-64.85911794666667,15.47974885806691,-107.9702,-51.212433,56.75776700000001
15546,1.0450745,-62.292824,76561198900166541,1,0.11019899999999994,0.11020599999999803,0.05526734999999994,0.0003419999999962897,0.0003356999999999388,0.0006839999999925794,250.28111198000005,-11182.25623,1.5952612319333335,0.86451307193669,0.55000305,4.1524963,3.60249325,-64.85911794666667,15.47974885806691,-107.9702,-51.212433,56.75776700000001
15547,1.1000061,-62.18296,76561198900166541,1,0.05493160000000019,0.10986400000000174,-0.055267399999999745,-0.0003419999999962897,-0.11053474999999968,-0.0006839999999925794,251.38111808000005,-11244.439190000001,1.5952612319333335,0.86451307193669,0.55000305,4.1524963,3.60249325,-64.85911794666667,15.47974885806691,-107.9702,-51.212433,56.75776700000001
15548,1.1274719,-62.073097,76561198900166541,1,0.027465799999999874,0.10986300000000426,-0.027465800000000318,-9.999999974752427e-07,0.027801599999999427,0.0003409999999988145,252.50858998000004,-11306.512287000001,1.5952612319333335,0.86451307193669,0.55000305,4.1524963,3.60249325,-64.85911794666667,15.47974885806691,-107.9702,-51.212433,56.75776700000001
15549,1.1549377,-62.045288,76561198900166541,1,0.027465800000000096,0.027808999999997752,2.220446049250313e-16,-0.08205400000000651,0.02746580000000054,-0.08205300000000904,253.66352768000004,-11368.557575,1.5952612319333335,0.86451307193669,0.55000305,4.1524963,3.60249325,-64.85911794666667,15.47974885806691,-107.9702,-51.212433,56.75776700000001
15550,1.1549377,-62.045288,76561198900166541,1,0.0,0.0,-0.027465800000000096,-0.027808999999997752,-0.027465800000000318,0.05424500000000876,254.81846538000005,-11430.602863,1.5952612319333335,0.86451307193669,0.55000305,4.1524963,3.60249325,-64.85911794666667,15.47974885806691,-107.9702,-51.212433,56.75776700000001
15551,1.1549377,-62.045288,76561198900166541,1,0.0,0.0,0.0,0.0,0.027465800000000096,0.027808999999997752,255.97340308000005,-11492.648151,1.5952612319333335,0.86451307193669,0.55000305,4.1524963,3.60249325,-64.85911794666667,15.47974885806691,-107.9702,-51.212433,56.75776700000001
15552,1.1549377,-62.017822,76561198900166541,1,0.0,0.027465999999996882,0.0,0.027465999999996882,0.0,0.027465999999996882,257.12834078000003,-11554.665973,1.5952612319333335,0.86451307193669,0.55000305,4.1524963,3.60249325,-64.85911794666667,15.47974885806691,-107.9702,-51.212433,56.75776700000001
15553,1.1549377,-61.990356,76561198900166541,1,0.0,0.027466000000003987,0.0,7.105427357601002e-15,0.0,-0.027465999999989776,258.28327848000004,-11616.656329,1.5952612319333335,0.86451307193669,0.55000305,4.1524963,3.60249325,-64.85911794666667,15.47974885806691,-107.9702,-51.212433,56.75776700000001
15554,1.2098694,-61.798096,76561198900166541,1,0.05493170000000003,0.19225999999999743,0.05493170000000003,0.16479399999999345,0.05493170000000003,0.16479399999998634,259.49314788000004,-11678.454425,1.5952612319333335,0.86451307193669,0.55000305,4.1524963,3.60249325,-64.85911794666667,15.47974885806691,-107.9702,-51.212433,56.75776700000001
15555,1.3200684,-61.495285,76561198900166541,1,0.11019899999999994,0.3028109999999984,0.05526729999999991,0.11055100000000095,0.00033559999999988044,-0.05424299999999249,260.81321628000006,-11739.94971,1.5952612319333335,0.86451307193669,0.55000305,4.1524963,3.60249325,-64.85911794666667,15.47974885806691,-107.9702,-51.212433,56.75776700000001
15556,1.4299316,-60.97309,76561198900166541,1,0.10986319999999994,0.5221950000000035,-0.0003357999999999972,0.21938400000000513,-0.055603099999999905,0.10883300000000418,262.24314788000004,-11800.9228,1.5952612319333335,0.86451307193669,0.55000305,4.1524963,3.60249325,-64.85911794666667,15.47974885806691,-107.9702,-51.212433,56.75776700000001
15557,1.51268,-60.505486,76561198900166541,1,0.08274840000000006,0.46760400000000146,-0.027114799999999883,-0.054591000000002055,-0.026778999999999886,-0.2739750000000072,263.75582788,-11861.428286,1.5952612319333335,0.86451307193669,0.55000305,4.1524963,3.60249325,-64.85911794666667,15.47974885806691,-107.9702,-51.212433,56.75776700000001
15558,1.5676117,-60.230484,76561198900166541,1,0.05493170000000003,0.27500200000000063,-0.027816700000000028,-0.19260200000000083,-0.0007019000000001441,-0.13801099999999877,265.32343958,-11921.65877,1.5952612319333335,0.86451307193669,0.55000305,4.1524963,3.60249325,-64.85911794666667,15.47974885806691,-107.9702,-51.212433,56.75776700000001
15559,1.6225433,-59.90055,76561198900166541,1,0.05493159999999997,0.3299339999999944,-1.0000000005838672e-07,0.054931999999993764,0.02781659999999997,0.2475339999999946,266.94598288000003,-11981.55932,1.5952612319333335,0.86451307193669,0.55000305,4.1524963,3.60249325,-64.85911794666667,15.47974885806691,-107.9702,-51.212433,56.75776700000001
15560,1.677475,-59.653015,76561198900166541,1,0.05493170000000003,0.24753499999999917,1.0000000005838672e-07,-0.08239899999999523,2.0000000011677344e-07,-0.137330999999989,268.62345788000005,-12041.212335,1.5952612319333335,0.86451307193669,0.55000305,4.1524963,3.60249325,-64.85911794666667,15.47974885806691,-107.9702,-51.212433,56.75776700000001
15561,1.7049408,-59.40548,76561198900166541,1,0.027465799999999874,0.24753500000000628,-0.027465900000000154,7.105427357601002e-15,-0.027466000000000212,0.08239900000000233,270.32839868,-12100.617815,1.5952612319333335,0.86451307193669,0.55000305,4.1524963,3.60249325,-64.85911794666667,15.47974885806691,-107.9702,-51.212433,56.75776700000001
15562,1.7324066,-59.267807,76561198900166541,1,0.027465800000000096,0.1376729999999995,2.220446049250313e-16,-0.10986200000000679,0.027465900000000376,-0.10986200000001389,272.06080528,-12159.885622,1.5952612319333335,0.86451307193669,0.55000305,4.1524963,3.60249325,-64.85911794666667,15.47974885806691,-107.9702,-51.212433,56.75776700000001
15563,1.815155,-58.882942,76561198900166541,1,0.08274840000000006,0.3848649999999978,0.05528259999999996,0.2471919999999983,0.05528259999999974,0.3570540000000051,273.87596028,-12218.768564,1.5952612319333335,0.86451307193669,0.55000305,4.1524963,3.60249325,-64.85911794666667,15.47974885806691,-107.9702,-51.212433,56.75776700000001
15564,1.8700867,-58.47061,76561198900166541,1,0.05493170000000003,0.41233199999999925,-0.027816700000000028,0.027467000000001462,-0.08309929999999999,-0.21972499999999684,275.74604698,-12277.239174,1.5952612319333335,0.86451307193669,0.55000305,4.1524963,3.60249325,-64.85911794666667,15.47974885806691,-107.9702,-51.212433,56.75776700000001
15565,1.8700867,-58.305473,76561198900166541,1,0.0,0.16513700000000142,-0.05493170000000003,-0.24719499999999783,-0.027115,-0.2746619999999993,277.61613368,-12335.544647,1.5952612319333335,0.86451307193669,0.55000305,4.1524963,3.60249325,-64.85911794666667,15.47974885806691,-107.9702,-51.212433,56.75776700000001
15566,1.8975525,-58.057938,76561198900166541,1,0.027465799999999874,0.24753499999999917,0.027465799999999874,0.08239799999999775,0.0823974999999999,0.3295929999999956,279.51368618000004,-12393.602585,1.5952612319333335,0.86451307193669,0.55000305,4.1524963,3.60249325,-64.85911794666667,15.47974885806691,-107.9702,-51.212433,56.75776700000001
15567,1.8975525,-58.003006,76561198900166541,1,0.0,0.05493200000000087,-0.027465799999999874,-0.1926029999999983,-0.05493159999999975,-0.27500099999999605,281.41123868000005,-12451.605591000001,1.5952612319333335,0.86451307193669,0.55000305,4.1524963,3.60249325,-64.85911794666667,15.47974885806691,-107.9702,-51.212433,56.75776700000001
15568,1.8975525,-57.97554,76561198900166541,1,0.0,0.027465999999996882,0.0,-0.027466000000003987,0.027465799999999874,0.16513699999999432,283.30879118000007,-12509.581131,1.5952612319333335,0.86451307193669,0.55000305,4.1524963,3.60249325,-64.85911794666667,15.47974885806691,-107.9702,-51.212433,56.75776700000001
15569,1.9250183,-57.8928,76561198900166541,1,0.027465800000000096,0.08274000000000115,0.027465800000000096,0.055274000000004264,0.027465800000000096,0.08274000000000825,285.23380948000005,-12567.473931,1.5952612319333335,0.86451307193669,0.55000305,4.1524963,3.60249325,-64.85911794666667,15.47974885806691,-107.9702,-51.212433,56.75776700000001
15570,1.9874878,-57.729378,76561198900166541,1,0.062469499999999956,0.16342200000000418,0.03500369999999986,0.08068200000000303,0.007537899999999764,0.025407999999998765,287.22129728000004,-12625.203309,1.5952612319333335,0.86451307193669,0.55000305,4.1524963,3.60249325,-64.85911794666667,15.47974885806691,-107.9702,-51.212433,56.75776700000001
15571,2.0606232,-57.641487,76561198900166541,1,0.07313540000000018,0.08789099999999905,0.010665900000000228,-0.07553100000000512,-0.024337799999999632,-0.15621300000000815,289.28192048000005,-12682.844796000001,1.5952612319333335,0.86451307193669,0.55000305,4.1524963,3.60249325,-64.85911794666667,15.47974885806691,-107.9702,-51.212433,56.75776700000001
15572,2.0729828,-57.580376,76561198900166541,1,0.012359599999999915,0.06111099999999681,-0.06077580000000027,-0.026780000000002246,-0.0714417000000005,0.048751000000002875,291.35490328000003,-12740.425172000001,1.5952612319333335,0.86451307193669,0.55000305,4.1524963,3.60249325,-64.85911794666667,15.47974885806691,-107.9702,-51.212433,56.75776700000001
15573,2.0729828,-57.580376,76561198900166541,1,0.0,0.0,-0.012359599999999915,-0.06111099999999681,0.04841620000000035,-0.03433099999999456,293.42788608,-12798.005548000001,1.5952612319333335,0.86451307193669,0.55000305,4.1524963,3.60249325,-64.85911794666667,15.47974885806691,-107.9702,-51.212433,56.75776700000001
15574,2.0729828,-57.580376,76561198900166541,1,0.0,0.0,0.0,0.0,0.012359599999999915,0.06111099999999681,295.50086888,-12855.585924,1.5952612319333335,0.86451307193669,0.55000305,4.1524963,3.60249325,-64.85911794666667,15.47974885806691,-107.9702,-51.212433,56.75776700000001
15575,2.0729828,-57.580376,76561198900166541,1,0.0,0.0,0.0,0.0,0.0,0.0,297.57385167999996,-12913.1663,1.5952612319333335,0.86451307193669,0.55000305,4.1524963,3.60249325,-64.85911794666667,15.47974885806691,-107.9702,-51.212433,56.75776700000001
15576,2.0729828,-57.531624,76561198900166541,1,0.0,0.04875200000000035,0.0,0.04875200000000035,0.0,0.04875200000000035,299.64683447999994,-12970.697924,1.5952612319333335,0.86451307193669,0.55000305,4.1524963,3.60249325,-64.85911794666667,15.47974885806691,-107.9702,-51.212433,56.75776700000001
15577,2.0606232,-57.49489,76561198900166541,1,-0.012359599999999915,0.03673400000000271,-0.012359599999999915,-0.012017999999997642,-0.012359599999999915,-0.06076999999999799,301.70745767999995,-13028.192814,1.5952612319333335,0.86451307193669,0.55000305,4.1524963,3.60249325,-64.85911794666667,15.47974885806691,-107.9702,-51.212433,56.75776700000001
15578,2.0606232,-57.470512,76561198900166541,1,0.0,0.02437799999999868,0.012359599999999915,-0.01235600000000403,0.02471919999999983,-0.00033800000000638875,303.76808087999996,-13085.663326,1.5952612319333335,0.86451307193669,0.55000305,4.1524963,3.60249325,-64.85911794666667,15.47974885806691,-107.9702,-51.212433,56.75776700000001
15579,2.0486145,-57.458153,76561198900166541,1,-0.012008700000000427,0.012358999999996456,-0.012008700000000427,-0.012019000000002222,-0.024368300000000342,0.0003370000000018081,305.81669537999994,-13143.121479,1.5952612319333335,0.86451307193669,0.55000305,4.1524963,3.60249325,-64.85911794666667,15.47974885806691,-107.9702,-51.212433,56.75776700000001
15580,2.036255,-57.421417,76561198900166541,1,-0.012359499999999635,0.036736000000004765,-0.0003507999999992073,0.02437700000000831,0.01165790000000122,0.03639600000001053,307.8529503799999,-13200.542895999999,1.5952612319333335,0.86451307193669,0.55000305,4.1524963,3.60249325,-64.85911794666667,15.47974885806691,-107.9702,-51.212433,56.75776700000001
15581,2.036255,-57.39704,76561198900166541,1,0.0,0.024377000000001203,0.012359499999999635,-0.012359000000003562,0.012710299999998842,-0.03673600000001187,309.8892053799999,-13257.939935999999,1.5952612319333335,0.86451307193669,0.55000305,4.1524963,3.60249325,-64.85911794666667,15.47974885806691,-107.9702,-51.212433,56.75776700000001
15582,1.9995117,-57.32357,76561198900166541,1,-0.036743300000000145,0.07347000000000037,-0.036743300000000145,0.049092999999999165,-0.04910279999999978,0.06145200000000273,311.88871707999994,-13315.263506,1.5952612319333335,0.86451307193669,0.55000305,4.1524963,3.60249325,-64.85911794666667,15.47974885806691,-107.9702,-51.212433,56.75776700000001
15583,1.9627686,-57.18933,76561198900166541,1,-0.03674310000000003,0.13423999999999836,2.0000000011677344e-07,0.06076999999999799,0.03674350000000026,0.011676999999998827,313.85148567999994,-13372.452835999999,1.5952612319333335,0.86451307193669,0.55000305,4.1524963,3.60249325,-64.85911794666667,15.47974885806691,-107.9702,-51.212433,56.75776700000001
15584,1.914032,-56.883774,76561198900166541,1,-0.04873660000000002,0.3055559999999957,-0.01199349999999999,0.17131599999999736,-0.011993700000000107,0.11054599999999937,315.76551767999996,-13429.336609999998,1.5952612319333335,0.86451307193669,0.55000305,4.1524963,3.60249325,-64.85911794666667,15.47974885806691,-107.9702,-51.212433,56.75776700000001
15585,1.8652649,-56.663704,76561198900166541,1,-0.04876710000000006,0.22006999999999977,-3.050000000004438e-05,-0.08548599999999595,0.011962999999999946,-0.2568019999999933,317.63078257999996,-13486.000313999999,1.5952612319333335,0.86451307193669,0.55000305,4.1524963,3.60249325,-64.85911794666667,15.47974885806691,-107.9702,-51.212433,56.75776700000001
15586,1.828537,-56.27266,76561198900166541,1,-0.036727899999999813,0.39104400000000084,0.01203920000000025,0.17097400000000107,0.012069700000000294,0.256459999999997,319.45931957999994,-13542.272974,1.5952612319333335,0.86451307193669,0.55000305,4.1524963,3.60249325,-64.85911794666667,15.47974885806691,-107.9702,-51.212433,56.75776700000001
15587,1.7918091,-55.967102,76561198900166541,1,-0.036727900000000036,0.3055580000000049,-2.220446049250313e-16,-0.08548599999999595,-0.012039200000000472,-0.256459999999997,321.25112867999997,-13598.240076,1.5952612319333335,0.86451307193669,0.55000305,4.1524963,3.60249325,-64.85911794666667,15.47974885806691,-107.9702,-51.212433,56.75776700000001
15588,1.7794495,-55.89363,76561198900166541,1,-0.012359600000000137,0.07347199999999532,0.0243682999999999,-0.23208600000000956,0.02436830000000012,-0.1466000000000136,323.03057817999996,-13654.133706,1.5952612319333335,0.86451307193669,0.55000305,4.1524963,3.60249325,-64.85911794666667,15.47974885806691,-107.9702,-51.212433,56.75776700000001
15589,1.7674255,-55.83252,76561198900166541,1,-0.012023999999999813,0.06110999999999933,0.00033560000000032453,-0.012361999999995987,-0.024032699999999574,0.21972400000001358,324.79800367999997,-13709.966226,1.5952612319333335,0.86451307193669,0.55000305,4.1524963,3.60249325,-64.85911794666667,15.47974885806691,-107.9702,-51.212433,56.75776700000001
15590,1.743042,-55.783768,76561198900166541,1,-0.024383500000000113,0.04875200000000035,-0.0123595000000003,-0.012357999999998981,-0.012695100000000625,3.999999997006398e-06,326.54104567999997,-13765.749994,1.5952612319333335,0.86451307193669,0.55000305,4.1524963,3.60249325,-64.85911794666667,15.47974885806691,-107.9702,-51.212433,56.75776700000001
15591,1.743042,-55.734673,76561198900166541,1,0.0,0.04909500000000122,0.024383500000000113,0.0003430000000008704,0.036743000000000414,0.012700999999999851,328.28408767999997,-13821.484667,1.5952612319333335,0.86451307193669,0.55000305,4.1524963,3.60249325,-64.85911794666667,15.47974885806691,-107.9702,-51.212433,56.75776700000001
15592,1.7183228,-55.661545,76561198900166541,1,-0.024719200000000052,0.07312800000000408,-0.024719200000000052,0.024033000000002858,-0.049102700000000166,0.023690000000001987,330.00241048,-13877.146212000001,1.5952612319333335,0.86451307193669,0.55000305,4.1524963,3.60249325,-64.85911794666667,15.47974885806691,-107.9702,-51.212433,56.75776700000001
15593,1.6939545,-55.600433,76561198900166541,1,-0.0243682999999999,0.06111199999999428,0.00035090000000015387,-0.012016000000009797,0.025070100000000206,-0.036049000000012654,331.69636498,-13932.746645000001,1.5952612319333335,0.86451307193669,0.55000305,4.1524963,3.60249325,-64.85911794666667,15.47974885806691,-107.9702,-51.212433,56.75776700000001
15594,1.6695862,-55.514946,76561198900166541,1,-0.02436830000000012,0.08548700000000053,-2.220446049250313e-16,0.024375000000006253,-0.0003509000000003759,0.03639100000001605,333.36595118,-13988.261591,1.5952612319333335,0.86451307193669,0.55000305,4.1524963,3.60249325,-64.85911794666667,15.47974885806691,-107.9702,-51.212433,56.75776700000001
15595,1.6572266,-55.441475,76561198900166541,1,-0.012359599999999915,0.07347100000000495,0.012008700000000205,-0.012015999999995586,0.012008700000000427,-0.03639100000000184,335.02317778,-14043.703066,1.5952612319333335,0.86451307193669,0.55000305,4.1524963,3.60249325,-64.85911794666667,15.47974885806691,-107.9702,-51.212433,56.75776700000001
15596,1.632843,-55.343628,76561198900166541,1,-0.02438359999999995,0.09784699999999447,-0.012024000000000035,0.024375999999989517,-0.02403270000000024,0.0363919999999851,336.65602078,-14099.046694,1.5952612319333335,0.86451307193669,0.55000305,4.1524963,3.60249325,-64.85911794666667,15.47974885806691,-107.9702,-51.212433,56.75776700000001
15597,1.6084595,-55.2705,76561198900166541,1,-0.024383500000000113,0.07312800000000408,9.999999983634211e-08,-0.024718999999990388,0.012024099999999871,-0.049094999999979905,338.26448028,-14154.317194000001,1.5952612319333335,0.86451307193669,0.55000305,4.1524963,3.60249325,-64.85911794666667,15.47974885806691,-107.9702,-51.212433,56.75776700000001
15598,1.5960999,-55.160294,76561198900166541,1,-0.012359599999999915,0.11020599999999803,0.012023900000000198,0.03707799999999395,0.012023800000000362,0.06179699999998434,339.86058018,-14209.477488,1.5952612319333335,0.86451307193669,0.55000305,4.1524963,3.60249325,-64.85911794666667,15.47974885806691,-107.9702,-51.212433,56.75776700000001
15599,1.5840912,-54.89147,76561198900166541,1,-0.012008699999999983,0.2688240000000022,0.0003508999999999318,0.15861800000000414,-0.011673000000000266,0.1215400000000102,341.44467138,-14264.368958000001,1.5952612319333335,0.86451307193669,0.55000305,4.1524963,3.60249325,-64.85911794666667,15.47974885806691,-107.9702,-51.212433,56.75776700000001
15600,1.5960999,-54.573555,76561198900166541,1,0.012008699999999983,0.3179149999999993,0.024017399999999967,0.04909099999999711,0.023666500000000035,-0.10952700000000704,343.04077128,-14318.942513000002,1.5952612319333335,0.86451307193669,0.55000305,4.1524963,3.60249325,-64.85911794666667,15.47974885806691,-107.9702,-51.212433,56.75776700000001
15601,1.5717316,-54.231606,76561198900166541,1,-0.02436830000000012,0.3419489999999996,-0.036377000000000104,0.024034000000000333,-0.06039440000000007,-0.025056999999996776,344.61250288,-14373.174119000001,1.5952612319333335,0.86451307193669,0.55000305,4.1524963,3.60249325,-64.85911794666667,15.47974885806691,-107.9702,-51.212433,56.75776700000001
15602,1.4862366,-53.92605,76561198900166541,1,-0.08549499999999988,0.3055560000000028,-0.061126699999999756,-0.03639299999999679,-0.024749699999999653,-0.06042699999999712,346.09873948,-14427.100169000001,1.5952612319333335,0.86451307193669,0.55000305,4.1524963,3.60249325,-64.85911794666667,15.47974885806691,-107.9702,-51.212433,56.75776700000001
15603,1.3883972,-53.791466,76561198900166541,1,-0.09783940000000002,0.1345839999999967,-0.012344400000000144,-0.17097200000000612,0.04878229999999961,-0.13457900000000933,347.48713668,-14480.891635000002,1.5952612319333335,0.86451307193669,0.55000305,4.1524963,3.60249325,-64.85911794666667,15.47974885806691,-107.9702,-51.212433,56.75776700000001
15604,1.351654,-53.70598,76561198900166541,1,-0.03674320000000009,0.08548600000000306,0.061096199999999934,-0.04909799999999365,0.07344060000000008,0.12187400000001247,348.83879068,-14534.597615000002,1.5952612319333335,0.86451307193669,0.55000305,4.1524963,3.60249325,-64.85911794666667,15.47974885806691,-107.9702,-51.212433,56.75776700000001
15605,1.3029175,-53.571396,76561198900166541,1,-0.04873649999999996,0.1345839999999967,-0.011993299999999874,0.04909799999999365,-0.07308949999999981,0.0981959999999873,350.14170817999997,-14588.169011000002,1.5952612319333335,0.86451307193669,0.55000305,4.1524963,3.60249325,-64.85911794666667,15.47974885806691,-107.9702,-51.212433,56.75776700000001
15606,1.2661743,-53.363686,76561198900166541,1,-0.036743199999999865,0.20770999999999873,0.011993300000000096,0.07312600000000202,0.02398659999999997,0.024028000000008376,351.40788247999996,-14641.532697000002,1.5952612319333335,0.86451307193669,0.55000305,4.1524963,3.60249325,-64.85911794666667,15.47974885806691,-107.9702,-51.212433,56.75776700000001
15607,1.2785339,-53.16799,76561198900166541,1,0.012359599999999915,0.1956959999999981,0.04910279999999978,-0.012014000000000635,0.037109499999999684,-0.08514000000000266,352.68641637999997,-14694.700687000002,1.5952612319333335,0.86451307193669,0.55000305,4.1524963,3.60249325,-64.85911794666667,15.47974885806691,-107.9702,-51.212433,56.75776700000001
15608,1.2785339,-53.1316,76561198900166541,1,0.0,0.03639000000000436,-0.012359599999999915,-0.15930599999999373,-0.061462399999999695,-0.1472919999999931,353.96495028,-14747.832287000003,1.5952612319333335,0.86451307193669,0.55000305,4.1524963,3.60249325,-64.85911794666667,15.47974885806691,-107.9702,-51.212433,56.75776700000001
15609,1.2785339,-53.1316,76561198900166541,1,0.0,0.0,0.0,-0.03639000000000436,0.012359599999999915,0.12291599999998937,355.24348418,-14800.963887000004,1.5952612319333335,0.86451307193669,0.55000305,4.1524963,3.60249325,-64.85911794666667,15.47974885806691,-107.9702,-51.212433,56.75776700000001
15610,1.2785339,-53.1316,76561198900166541,1,0.0,0.0,0.0,0.0,0.0,0.03639000000000436,356.52201808,-14854.095487000004,1.5952612319333335,0.86451307193669,0.55000305,4.1524963,3.60249325,-64.85911794666667,15.47974885806691,-107.9702,-51.212433,56.75776700000001
15611,1.2785339,-53.1316,76561198900166541,1,0.0,0.0,0.0,0.0,0.0,0.0,357.80055198,-14907.227087000005,1.5952612319333335,0.86451307193669,0.55000305,4.1524963,3.60249325,-64.85911794666667,15.47974885806691,-107.9702,-51.212433,56.75776700000001
15612,1.2785339,-53.1316,76561198900166541,1,0.0,0.0,0.0,0.0,0.0,0.0,359.07908588000004,-14960.358687000005,1.5952612319333335,0.86451307193669,0.55000305,4.1524963,3.60249325,-64.85911794666667,15.47974885806691,-107.9702,-51.212433,56.75776700000001
15613,1.2785339,-53.1316,76561198900166541,1,0.0,0.0,0.0,0.0,0.0,0.0,360.35761978000005,-15013.490287000006,1.5952612319333335,0.86451307193669,0.55000305,4.1524963,3.60249325,-64.85911794666667,15.47974885806691,-107.9702,-51.212433,56.75776700000001
15614,1.2785339,-53.11924,76561198900166541,1,0.0,0.012360000000001037,0.0,0.012360000000001037,0.0,0.012360000000001037,361.63615368000006,-15066.609527000006,1.5952612319333335,0.86451307193669,0.55000305,4.1524963,3.60249325,-64.85911794666667,15.47974885806691,-107.9702,-51.212433,56.75776700000001
15615,1.3152771,-52.96028,76561198900166541,1,0.03674320000000009,0.15896000000000043,0.03674320000000009,0.1465999999999994,0.03674320000000009,0.13423999999999836,362.95143078000007,-15119.569807000005,1.5952612319333335,0.86451307193669,0.55000305,4.1524963,3.60249325,-64.85911794666667,15.47974885806691,-107.9702,-51.212433,56.75776700000001
15616,1.3763733,-52.76493,76561198900166541,1,0.061096199999999934,0.1953499999999977,0.024352999999999847,0.03638999999999726,-0.01239020000000024,-0.11021000000000214,364.3278040800001,-15172.334737000005,1.5952612319333335,0.86451307193669,0.55000305,4.1524963,3.60249325,-64.85911794666667,15.47974885806691,-107.9702,-51.212433,56.75776700000001
15617,1.3396454,-52.508125,76561198900166541,1,-0.036727900000000036,0.25680499999999995,-0.09782409999999997,0.06145500000000226,-0.12217709999999982,0.025065000000005,365.6674494800001,-15224.842862000005,1.5952612319333335,0.86451307193669,0.55000305,4.1524963,3.60249325,-64.85911794666667,15.47974885806691,-107.9702,-51.212433,56.75776700000001
15618,1.2661743,-52.26368,76561198900166541,1,-0.0734710999999999,0.2444449999999989,-0.036743199999999865,-0.012360000000001037,0.061080900000000105,-0.0738150000000033,366.93362378000006,-15277.106542000005,1.5952612319333335,0.86451307193669,0.55000305,4.1524963,3.60249325,-64.85911794666667,15.47974885806691,-107.9702,-51.212433,56.75776700000001
15619,1.2294312,-52.202568,76561198900166541,1,-0.03674310000000003,0.06111200000000139,0.03672799999999987,-0.18333299999999753,0.07347119999999974,-0.1709729999999965,368.1630549800001,-15329.309110000006,1.5952612319333335,0.86451307193669,0.55000305,4.1524963,3.60249325,-64.85911794666667,15.47974885806691,-107.9702,-51.212433,56.75776700000001
15620,1.2174225,-52.178192,76561198900166541,1,-0.012008699999999983,0.024375999999996623,0.024734400000000045,-0.036736000000004765,-0.011993599999999827,0.14659699999999276,369.3804774800001,-15381.487302000005,1.5952612319333335,0.86451307193669,0.55000305,4.1524963,3.60249325,-64.85911794666667,15.47974885806691,-107.9702,-51.212433,56.75776700000001
15621,1.2174225,-52.178192,76561198900166541,1,0.0,0.0,0.012008699999999983,-0.024375999999996623,-0.012725700000000062,0.012360000000008142,370.5978999800001,-15433.665494000004,1.5952612319333335,0.86451307193669,0.55000305,4.1524963,3.60249325,-64.85911794666667,15.47974885806691,-107.9702,-51.212433,56.75776700000001
15622,1.2174225,-52.19021,76561198900166541,1,0.0,-0.012017999999997642,0.0,-0.012017999999997642,-0.012008699999999983,0.012357999999998981,371.8153224800001,-15485.855704000005,1.5952612319333335,0.86451307193669,0.55000305,4.1524963,3.60249325,-64.85911794666667,15.47974885806691,-107.9702,-51.212433,56.75776700000001
15623,1.2174225,-52.19021,76561198900166541,1,0.0,0.0,0.0,0.012017999999997642,0.0,0.024035999999995283,373.0327449800001,-15538.045914000006,1.5952612319333335,0.86451307193669,0.55000305,4.1524963,3.60249325,-64.85911794666667,15.47974885806691,-107.9702,-51.212433,56.75776700000001
15624,1.2174225,-52.141457,76561198900166541,1,0.0,0.048752999999997826,0.0,0.048752999999997826,0.0,0.036735000000000184,374.2501674800001,-15590.187371000005,1.5952612319333335,0.86451307193669,0.55000305,4.1524963,3.60249325,-64.85911794666667,15.47974885806691,-107.9702,-51.212433,56.75776700000001
15625,1.2050629,-52.10472,76561198900166541,1,-0.012359600000000137,0.03673700000000224,-0.012359600000000137,-0.012015999999995586,-0.012359600000000137,-0.06076899999999341,375.45523038000005,-15642.292091000005,1.5952612319333335,0.86451307193669,0.55000305,4.1524963,3.60249325,-64.85911794666667,15.47974885806691,-107.9702,-51.212433,56.75776700000001
15626,1.2050629,-52.092705,76561198900166541,1,0.0,0.01201499999999811,0.012359600000000137,-0.02472200000000413,0.024719200000000274,-0.012706000000008544,376.66029328,-15694.384796000004,1.5952612319333335,0.86451307193669,0.55000305,4.1524963,3.60249325,-64.85911794666667,15.47974885806691,-107.9702,-51.212433,56.75776700000001
15627,1.2050629,-52.092705,76561198900166541,1,0.0,0.0,0.0,-0.01201499999999811,-0.012359600000000137,0.012707000000006019,377.86535618,-15746.477501000003,1.5952612319333335,0.86451307193669,0.55000305,4.1524963,3.60249325,-64.85911794666667,15.47974885806691,-107.9702,-51.212433,56.75776700000001
15628,1.2050629,-52.129097,76561198900166541,1,0.0,-0.036391999999999314,0.0,-0.036391999999999314,0.0,-0.024377000000001203,379.07041907999997,-15798.606598000002,1.5952612319333335,0.86451307193669,0.55000305,4.1524963,3.60249325,-64.85911794666667,15.47974885806691,-107.9702,-51.212433,56.75776700000001
15629,1.2294312,-52.26368,76561198900166541,1,0.02436830000000012,-0.13458299999999923,0.02436830000000012,-0.09819099999999992,0.02436830000000012,-0.0617990000000006,380.29985028,-15850.870278000002,1.5952612319333335,0.86451307193669,0.55000305,4.1524963,3.60249325,-64.85911794666667,15.47974885806691,-107.9702,-51.212433,56.75776700000001
15630,1.2541504,-52.422638,76561198900166541,1,0.024719200000000052,-0.15895799999999838,0.0003508999999999318,-0.024374999999999147,-0.02401740000000019,0.07381600000000077,381.55400068,-15903.292916000002,1.5952612319333335,0.86451307193669,0.55000305,4.1524963,3.60249325,-64.85911794666667,15.47974885806691,-107.9702,-51.212433,56.75776700000001
15631,1.2785339,-52.48375,76561198900166541,1,0.02438349999999989,-0.06111200000000139,-0.00033570000000016087,0.09784599999999699,-0.0006866000000000927,0.12222099999999614,382.83253458,-15955.776666000002,1.5952612319333335,0.86451307193669,0.55000305,4.1524963,3.60249325,-64.85911794666667,15.47974885806691,-107.9702,-51.212433,56.75776700000001
15632,1.3152771,-52.520485,76561198900166541,1,0.03674320000000009,-0.036735000000000184,0.012359700000000196,0.024377000000001203,0.012695400000000356,-0.07346899999999579,384.14781168,-16008.297151,1.5952612319333335,0.86451307193669,0.55000305,4.1524963,3.60249325,-64.85911794666667,15.47974885806691,-107.9702,-51.212433,56.75776700000001
15633,1.3152771,-52.520485,76561198900166541,1,0.0,0.0,-0.03674320000000009,0.036735000000000184,-0.04910290000000028,0.012357999999998981,385.46308878,-16060.817636,1.5952612319333335,0.86451307193669,0.55000305,4.1524963,3.60249325,-64.85911794666667,15.47974885806691,-107.9702,-51.212433,56.75776700000001
15634,1.3152771,-52.520485,76561198900166541,1,0.0,0.0,0.0,0.0,0.03674320000000009,-0.036735000000000184,386.77836588,-16113.338120999999,1.5952612319333335,0.86451307193669,0.55000305,4.1524963,3.60249325,-64.85911794666667,15.47974885806691,-107.9702,-51.212433,56.75776700000001
15635,1.3152771,-52.520485,76561198900166541,1,0.0,0.0,0.0,0.0,0.0,0.0,388.09364298,-16165.858605999998,1.5952612319333335,0.86451307193669,0.55000305,4.1524963,3.60249325,-64.85911794666667,15.47974885806691,-107.9702,-51.212433,56.75776700000001
15636,1.3152771,-52.520485,76561198900166541,1,0.0,0.0,0.0,0.0,0.0,0.0,389.40892008000003,-16218.379090999997,1.5952612319333335,0.86451307193669,0.55000305,4.1524963,3.60249325,-64.85911794666667,15.47974885806691,-107.9702,-51.212433,56.75776700000001
15637,1.3152771,-52.520485,76561198900166541,1,0.0,0.0,0.0,0.0,0.0,0.0,390.72419718000003,-16270.899575999996,1.5952612319333335,0.86451307193669,0.55000305,4.1524963,3.60249325,-64.85911794666667,15.47974885806691,-107.9702,-51.212433,56.75776700000001
15638,1.3152771,-52.556877,76561198900166541,1,0.0,-0.036391999999999314,0.0,-0.036391999999999314,0.0,-0.036391999999999314,392.03947428000004,-16323.456452999997,1.5952612319333335,0.86451307193669,0.55000305,4.1524963,3.60249325,-64.85911794666667,15.47974885806691,-107.9702,-51.212433,56.75776700000001
15639,1.3272858,-52.63035,76561198900166541,1,0.012008699999999983,-0.0734729999999999,0.012008699999999983,-0.037081000000000586,0.012008699999999983,-0.0006890000000012719,393.36676008000006,-16376.086802999997,1.5952612319333335,0.86451307193669,0.55000305,4.1524963,3.60249325,-64.85911794666667,15.47974885806691,-107.9702,-51.212433,56.75776700000001
15640,1.3396454,-52.728195,76561198900166541,1,0.012359599999999915,-0.09784499999999952,0.0003508999999999318,-0.024371999999999616,-0.011657800000000051,0.01270900000000097,394.70640548000006,-16428.814997999998,1.5952612319333335,0.86451307193669,0.55000305,4.1524963,3.60249325,-64.85911794666667,15.47974885806691,-107.9702,-51.212433,56.75776700000001
15641,1.3396454,-52.789307,76561198900166541,1,0.0,-0.06111200000000139,-0.012359599999999915,0.03673299999999813,-0.012710499999999847,0.061104999999997744,396.04605088000005,-16481.604304999997,1.5952612319333335,0.86451307193669,0.55000305,4.1524963,3.60249325,-64.85911794666667,15.47974885806691,-107.9702,-51.212433,56.75776700000001
15642,1.3640137,-52.935905,76561198900166541,1,0.02436830000000012,-0.14659799999999734,0.02436830000000012,-0.08548599999999595,0.036727900000000036,-0.12221899999999408,397.41006458000004,-16534.540209999996,1.5952612319333335,0.86451307193669,0.55000305,4.1524963,3.60249325,-64.85911794666667,15.47974885806691,-107.9702,-51.212433,56.75776700000001
15643,1.3640137,-53.021393,76561198900166541,1,0.0,-0.08548800000000512,-0.02436830000000012,0.061109999999992226,-0.04873660000000024,0.14659599999998818,398.77407828,-16587.561602999995,1.5952612319333335,0.86451307193669,0.55000305,4.1524963,3.60249325,-64.85911794666667,15.47974885806691,-107.9702,-51.212433,56.75776700000001
15644,1.3640137,-53.155975,76561198900166541,1,0.0,-0.13458199999999465,0.0,-0.049093999999989535,0.02436830000000012,-0.11020399999998176,400.13809198,-16640.717577999996,1.5952612319333335,0.86451307193669,0.55000305,4.1524963,3.60249325,-64.85911794666667,15.47974885806691,-107.9702,-51.212433,56.75776700000001
15645,1.3640137,-53.290215,76561198900166541,1,0.0,-0.13424000000000547,0.0,0.0003419999999891843,0.0,0.04943599999997872,401.50210568,-16694.007792999997,1.5952612319333335,0.86451307193669,0.55000305,4.1524963,3.60249325,-64.85911794666667,15.47974885806691,-107.9702,-51.212433,56.75776700000001
15646,1.3763733,-53.376045,76561198900166541,1,0.012359599999999915,-0.0858299999999943,0.012359599999999915,0.048410000000011166,0.012359599999999915,0.04806800000002198,402.87847898,-16747.383837999998,1.5952612319333335,0.86451307193669,0.55000305,4.1524963,3.60249325,-64.85911794666667,15.47974885806691,-107.9702,-51.212433,56.75776700000001
15647,1.3763733,-53.461533,76561198900166541,1,0.0,-0.08548800000000512,-0.012359599999999915,0.0003419999999891843,-0.02471919999999983,-0.04806800000002198,404.25485228,-16800.845371,1.5952612319333335,0.86451307193669,0.55000305,4.1524963,3.60249325,-64.85911794666667,15.47974885806691,-107.9702,-51.212433,56.75776700000001
15648,1.3640137,-53.510284,76561198900166541,1,-0.012359599999999915,-0.04875099999999577,-0.012359599999999915,0.036737000000009346,0.0,0.03639500000002016,405.61886598,-16854.355655,1.5952612319333335,0.86451307193669,0.55000305,4.1524963,3.60249325,-64.85911794666667,15.47974885806691,-107.9702,-51.212433,56.75776700000001
15649,1.3640137,-53.53466,76561198900166541,1,0.0,-0.024376000000003728,0.012359599999999915,0.024374999999992042,0.02471919999999983,-0.012362000000017304,406.98287968,-16907.890315,1.5952612319333335,0.86451307193669,0.55000305,4.1524963,3.60249325,-64.85911794666667,15.47974885806691,-107.9702,-51.212433,56.75776700000001
15650,1.3640137,-53.53466,76561198900166541,1,0.0,0.0,0.0,0.024376000000003728,-0.012359599999999915,1.0000000116860974e-06,408.34689338,-16961.424975,1.5952612319333335,0.86451307193669,0.55000305,4.1524963,3.60249325,-64.85911794666667,15.47974885806691,-107.9702,-51.212433,56.75776700000001
15651,1.3640137,-53.53466,76561198900166541,1,0.0,0.0,0.0,0.0,0.0,-0.024376000000003728,409.71090707999997,-17014.959635000003,1.5952612319333335,0.86451307193669,0.55000305,4.1524963,3.60249325,-64.85911794666667,15.47974885806691,-107.9702,-51.212433,56.75776700000001
15652,1.3640137,-53.53466,76561198900166541,1,0.0,0.0,0.0,0.0,0.0,0.0,411.07492077999996,-17068.494295000004,1.5952612319333335,0.86451307193669,0.55000305,4.1524963,3.60249325,-64.85911794666667,15.47974885806691,-107.9702,-51.212433,56.75776700000001
15653,1.3640137,-53.522644,76561198900166541,1,0.0,0.012016000000002691,0.0,0.012016000000002691,0.0,0.012016000000002691,412.43893447999994,-17122.016939000005,1.5952612319333335,0.86451307193669,0.55000305,4.1524963,3.60249325,-64.85911794666667,15.47974885806691,-107.9702,-51.212433,56.75776700000001
15654,1.3883972,-53.461533,76561198900166541,1,0.02438349999999989,0.06111099999999681,0.02438349999999989,0.049094999999994116,0.02438349999999989,0.037078999999991424,413.82733167999993,-17175.478472000006,1.5952612319333335,0.86451307193669,0.55000305,4.1524963,3.60249325,-64.85911794666667,15.47974885806691,-107.9702,-51.212433,56.75776700000001
15655,1.3883972,-53.449173,76561198900166541,1,0.0,0.012360000000001037,-0.02438349999999989,-0.04875099999999577,-0.04876699999999978,-0.09784599999998989,415.2157288799999,-17228.927645000007,1.5952612319333335,0.86451307193669,0.55000305,4.1524963,3.60249325,-64.85911794666667,15.47974885806691,-107.9702,-51.212433,56.75776700000001
15656,1.3883972,-53.449173,76561198900166541,1,0.0,0.0,0.0,-0.012360000000001037,0.02438349999999989,0.03639099999999473,416.6041260799999,-17282.376818000008,1.5952612319333335,0.86451307193669,0.55000305,4.1524963,3.60249325,-64.85911794666667,15.47974885806691,-107.9702,-51.212433,56.75776700000001
15657,1.3883972,-53.449173,76561198900166541,1,0.0,0.0,0.0,0.0,0.0,0.012360000000001037,417.9925232799999,-17335.82599100001,1.5952612319333335,0.86451307193669,0.55000305,4.1524963,3.60249325,-64.85911794666667,15.47974885806691,-107.9702,-51.212433,56.75776700000001
15658,1.3883972,-53.449173,76561198900166541,1,0.0,0.0,0.0,0.0,0.0,0.0,419.3809204799999,-17389.27516400001,1.5952612319333335,0.86451307193669,0.55000305,4.1524963,3.60249325,-64.85911794666667,15.47974885806691,-107.9702,-51.212433,56.75776700000001
15659,1.3883972,-53.449173,76561198900166541,1,0.0,0.0,0.0,0.0,0.0,0.0,420.76931767999986,-17442.72433700001,1.5952612319333335,0.86451307193669,0.55000305,4.1524963,3.60249325,-64.85911794666667,15.47974885806691,-107.9702,-51.212433,56.75776700000001
15660,1.3883972,-53.449173,76561198900166541,1,0.0,0.0,0.0,0.0,0.0,0.0,422.15771487999984,-17496.17351000001,1.5952612319333335,0.86451307193669,0.55000305,4.1524963,3.60249325,-64.85911794666667,15.47974885806691,-107.9702,-51.212433,56.75776700000001
15661,1.3883972,-53.449173,76561198900166541,1,0.0,0.0,0.0,0.0,0.0,0.0,423.54611207999983,-17549.622683000012,1.5952612319333335,0.86451307193669,0.55000305,4.1524963,3.60249325,-64.85911794666667,15.47974885806691,-107.9702,-51.212433,56.75776700000001
15662,1.3883972,-53.449173,76561198900166541,1,0.0,0.0,0.0,0.0,0.0,0.0,424.9345092799998,-17603.071856000013,1.5952612319333335,0.86451307193669,0.55000305,4.1524963,3.60249325,-64.85911794666667,15.47974885806691,-107.9702,-51.212433,56.75776700000001
15663,1.3883972,-53.449173,76561198900166541,1,0.0,0.0,0.0,0.0,0.0,0.0,426.3229064799998,-17656.521029000014,1.5952612319333335,0.86451307193669,0.55000305,4.1524963,3.60249325,-64.85911794666667,15.47974885806691,-107.9702,-51.212433,56.75776700000001
15664,1.3883972,-53.449173,76561198900166541,1,0.0,0.0,0.0,0.0,0.0,0.0,427.7113036799998,-17709.970202000015,1.5952612319333335,0.86451307193669,0.55000305,4.1524963,3.60249325,-64.85911794666667,15.47974885806691,-107.9702,-51.212433,56.75776700000001
15665,1.4007568,-53.47355,76561198900166541,1,0.012359599999999915,-0.024377000000001203,0.012359599999999915,-0.024377000000001203,0.012359599999999915,-0.024377000000001203,429.1120604799998,-17763.443752000014,1.5952612319333335,0.86451307193669,0.55000305,4.1524963,3.60249325,-64.85911794666667,15.47974885806691,-107.9702,-51.212433,56.75776700000001
15666,1.4251404,-53.48591,76561198900166541,1,0.024383600000000172,-0.012359999999993931,0.012024000000000257,0.012017000000007272,-0.0003355999999996584,0.036394000000008475,430.5372008799998,-17816.929662000013,1.5952612319333335,0.86451307193669,0.55000305,4.1524963,3.60249325,-64.85911794666667,15.47974885806691,-107.9702,-51.212433,56.75776700000001
15667,1.4375,-53.49827,76561198900166541,1,0.012359599999999915,-0.012360000000001037,-0.012024000000000257,-7.105427357601002e-15,-0.024048000000000513,-0.012017000000014377,431.9747008799998,-17870.427932000013,1.5952612319333335,0.86451307193669,0.55000305,4.1524963,3.60249325,-64.85911794666667,15.47974885806691,-107.9702,-51.212433,56.75776700000001
15668,1.4375,-53.49827,76561198900166541,1,0.0,0.0,-0.012359599999999915,0.012360000000001037,-0.0003355999999996584,0.012360000000008142,433.4122008799998,-17923.926202000013,1.5952612319333335,0.86451307193669,0.55000305,4.1524963,3.60249325,-64.85911794666667,15.47974885806691,-107.9702,-51.212433,56.75776700000001
15669,1.4495087,-53.49827,76561198900166541,1,0.012008699999999983,0.0,0.012008699999999983,0.0,0.0243682999999999,-0.012360000000001037,434.8617095799998,-17977.424472000013,1.5952612319333335,0.86451307193669,0.55000305,4.1524963,3.60249325,-64.85911794666667,15.47974885806691,-107.9702,-51.212433,56.75776700000001
15670,1.4618683,-53.49827,76561198900166541,1,0.012359599999999915,0.0,0.0003508999999999318,0.0,-0.011657800000000051,0.0,436.3235778799998,-18030.922742000013,1.5952612319333335,0.86451307193669,0.55000305,4.1524963,3.60249325,-64.85911794666667,15.47974885806691,-107.9702,-51.212433,56.75776700000001
15671,1.4618683,-53.49827,76561198900166541,1,0.0,0.0,-0.012359599999999915,0.0,-0.012710499999999847,0.0,437.7854461799998,-18084.421012000013,1.5952612319333335,0.86451307193669,0.55000305,4.1524963,3.60249325,-64.85911794666667,15.47974885806691,-107.9702,-51.212433,56.75776700000001
15672,1.4862366,-53.48591,76561198900166541,1,0.02436830000000012,0.012360000000001037,0.02436830000000012,0.012360000000001037,0.036727900000000036,0.012360000000001037,439.27168277999976,-18137.906922000013,1.5952612319333335,0.86451307193669,0.55000305,4.1524963,3.60249325,-64.85911794666667,15.47974885806691,-107.9702,-51.212433,56.75776700000001
15673,1.5106201,-53.47355,76561198900166541,1,0.02438349999999989,0.012359999999993931,1.5199999999770952e-05,-7.105427357601002e-15,-0.02435310000000035,-0.012360000000008142,440.78230287999975,-18191.38047200001,1.5952612319333335,0.86451307193669,0.55000305,4.1524963,3.60249325,-64.85911794666667,15.47974885806691,-107.9702,-51.212433,56.75776700000001
15674,1.5106201,-53.461533,76561198900166541,1,0.0,0.012017000000000166,-0.02438349999999989,-0.00034299999999376496,-0.024398699999999662,-0.00034299999998665953,442.29292297999973,-18244.842005000013,1.5952612319333335,0.86451307193669,0.55000305,4.1524963,3.60249325,-64.85911794666667,15.47974885806691,-107.9702,-51.212433,56.75776700000001
15675,1.5350037,-53.449173,76561198900166541,1,0.024383600000000172,0.012360000000001037,0.024383600000000172,0.0003430000000008704,0.04876710000000006,0.0006859999999946353,443.82792667999973,-18298.291178000014,1.5952612319333335,0.86451307193669,0.55000305,4.1524963,3.60249325,-64.85911794666667,15.47974885806691,-107.9702,-51.212433,56.75776700000001
15676,1.5597229,-53.424797,76561198900166541,1,0.02471919999999983,0.024376000000003728,0.0003355999999996584,0.012016000000002691,-0.024048000000000513,0.01167300000000182,445.38764957999973,-18351.715975000014,1.5952612319333335,0.86451307193669,0.55000305,4.1524963,3.60249325,-64.85911794666667,15.47974885806691,-107.9702,-51.212433,56.75776700000001
15677,1.5717316,-53.38806,76561198900166541,1,0.012008699999999983,0.036736999999995135,-0.012710499999999847,0.012360999999991407,-0.013046099999999505,0.00034499999998871544,446.95938117999975,-18405.104035000015,1.5952612319333335,0.86451307193669,0.55000305,4.1524963,3.60249325,-64.85911794666667,15.47974885806691,-107.9702,-51.212433,56.75776700000001
15678,1.5840912,-53.376045,76561198900166541,1,0.012359600000000137,0.012015000000005216,0.00035090000000015387,-0.02472199999998992,0.0130614,-0.037082999999981325,448.54347237999974,-18458.480080000016,1.5952612319333335,0.86451307193669,0.55000305,4.1524963,3.60249325,-64.85911794666667,15.47974885806691,-107.9702,-51.212433,56.75776700000001
15679,1.5840912,-53.33931,76561198900166541,1,0.0,0.036735000000000184,-0.012359600000000137,0.024719999999994968,-0.012710500000000291,0.04944199999998489,450.12756357999973,-18511.819390000015,1.5952612319333335,0.86451307193669,0.55000305,4.1524963,3.60249325,-64.85911794666667,15.47974885806691,-107.9702,-51.212433,56.75776700000001
15680,1.6084595,-53.290215,76561198900166541,1,0.0243682999999999,0.049094999999994116,0.0243682999999999,0.012359999999993931,0.036727900000000036,-0.012360000000001037,451.7360230799997,-18565.109605000016,1.5952612319333335,0.86451307193669,0.55000305,4.1524963,3.60249325,-64.85911794666667,15.47974885806691,-107.9702,-51.212433,56.75776700000001
15681,1.6084595,-53.26584,76561198900166541,1,0.0,0.024375000000006253,-0.0243682999999999,-0.024719999999987863,-0.0487365999999998,-0.037079999999981794,453.3444825799997,-18618.375445000016,1.5952612319333335,0.86451307193669,0.55000305,4.1524963,3.60249325,-64.85911794666667,15.47974885806691,-107.9702,-51.212433,56.75776700000001
15682,1.6084595,-53.204727,76561198900166541,1,0.0,0.06111299999999886,0.0,0.03673799999999261,0.0243682999999999,0.06145799999998047,454.9529420799997,-18671.580172000016,1.5952612319333335,0.86451307193669,0.55000305,4.1524963,3.60249325,-64.85911794666667,15.47974885806691,-107.9702,-51.212433,56.75776700000001
15683,1.6572266,-53.009377,76561198900166541,1,0.04876710000000006,0.1953499999999977,0.04876710000000006,0.13423699999999883,0.04876710000000006,0.09749900000000622,456.6101686799997,-18724.589549000015,1.5952612319333335,0.86451307193669,0.55000305,4.1524963,3.60249325,-64.85911794666667,15.47974885806691,-107.9702,-51.212433,56.75776700000001
15684,1.6572266,-52.887154,76561198900166541,1,0.0,0.1222229999999982,-0.04876710000000006,-0.0731269999999995,-0.09753420000000013,-0.20736399999999833,458.2673952799997,-18777.476703000015,1.5952612319333335,0.86451307193669,0.55000305,4.1524963,3.60249325,-64.85911794666667,15.47974885806691,-107.9702,-51.212433,56.75776700000001
15685,1.6572266,-52.850418,76561198900166541,1,0.0,0.036736000000004765,0.0,-0.08548699999999343,0.04876710000000006,-0.012359999999993931,459.9246218799997,-18830.327121000017,1.5952612319333335,0.86451307193669,0.55000305,4.1524963,3.60249325,-64.85911794666667,15.47974885806691,-107.9702,-51.212433,56.75776700000001
15686,1.632843,-52.826042,76561198900166541,1,-0.02438359999999995,0.024375999999996623,-0.02438359999999995,-0.012360000000008142,-0.02438359999999995,0.07312699999998529,461.55746487999966,-18883.153163000017,1.5952612319333335,0.86451307193669,0.55000305,4.1524963,3.60249325,-64.85911794666667,15.47974885806691,-107.9702,-51.212433,56.75776700000001
15687,1.632843,-52.801323,76561198900166541,1,0.0,0.0247190000000046,0.02438359999999995,0.0003430000000079758,0.0487671999999999,0.012703000000016118,463.19030787999964,-18935.954486000017,1.5952612319333335,0.86451307193669,0.55000305,4.1524963,3.60249325,-64.85911794666667,15.47974885806691,-107.9702,-51.212433,56.75776700000001
15688,1.6208191,-52.776947,76561198900166541,1,-0.012023899999999976,0.024375999999996623,-0.012023899999999976,-0.0003430000000079758,-0.036407499999999926,-0.0006860000000159516,464.81112697999964,-18988.731433000015,1.5952612319333335,0.86451307193669,0.55000305,4.1524963,3.60249325,-64.85911794666667,15.47974885806691,-107.9702,-51.212433,56.75776700000001
15689,1.6084595,-52.715836,76561198900166541,1,-0.012359600000000137,0.06111099999999681,-0.00033570000000016087,0.036735000000000184,0.011688199999999815,0.03707800000000816,466.4195864799996,-19041.447269000015,1.5952612319333335,0.86451307193669,0.55000305,4.1524963,3.60249325,-64.85911794666667,15.47974885806691,-107.9702,-51.212433,56.75776700000001
15690,1.5960999,-52.605972,76561198900166541,1,-0.012359599999999915,0.10986400000000174,2.220446049250313e-16,0.04875300000000493,0.0003357000000003829,0.012018000000004747,468.01568637999964,-19094.053241000016,1.5952612319333335,0.86451307193669,0.55000305,4.1524963,3.60249325,-64.85911794666667,15.47974885806691,-107.9702,-51.212433,56.75776700000001
15691,1.5960999,-52.495766,76561198900166541,1,0.0,0.11020599999999803,0.012359599999999915,0.0003419999999962897,0.012359599999999693,-0.04841100000000864,469.61178627999965,-19146.549007000016,1.5952612319333335,0.86451307193669,0.55000305,4.1524963,3.60249325,-64.85911794666667,15.47974885806691,-107.9702,-51.212433,56.75776700000001
15692,1.5840912,-52.447014,76561198900166541,1,-0.012008699999999983,0.04875200000000035,-0.012008699999999983,-0.06145399999999768,-0.0243682999999999,-0.06179599999999397,471.19587747999964,-19198.996021000017,1.5952612319333335,0.86451307193669,0.55000305,4.1524963,3.60249325,-64.85911794666667,15.47974885806691,-107.9702,-51.212433,56.75776700000001
15693,1.5717316,-52.31243,76561198900166541,1,-0.012359600000000137,0.1345840000000038,-0.00035090000000015387,0.08583200000000346,0.01165779999999983,0.14728600000000114,472.76760907999966,-19251.30845100002,1.5952612319333335,0.86451307193669,0.55000305,4.1524963,3.60249325,-64.85911794666667,15.47974885806691,-107.9702,-51.212433,56.75776700000001
15694,1.5597229,-52.214928,76561198900166541,1,-0.012008699999999983,0.09750199999999865,0.00035090000000015387,-0.037082000000005166,0.0007018000000003077,-0.12291400000000863,474.32733197999966,-19303.52337900002,1.5952612319333335,0.86451307193669,0.55000305,4.1524963,3.60249325,-64.85911794666667,15.47974885806691,-107.9702,-51.212433,56.75776700000001
15695,1.4375,-51.738052,76561198900166541,1,-0.12222289999999991,0.4768759999999972,-0.11021419999999993,0.37937399999999855,-0.11056510000000008,0.4164560000000037,475.76483197999966,-19355.26143100002,1.5952612319333335,0.86451307193669,0.55000305,4.1524963,3.60249325,-64.85911794666667,15.47974885806691,-107.9702,-51.212433,56.75776700000001
15696,1.4127808,-51.26152,76561198900166541,1,-0.024719200000000052,0.47653200000000595,0.09750369999999986,-0.0003439999999912402,0.2077178999999998,-0.3797179999999898,477.17761277999966,-19406.52295100002,1.5952612319333335,0.86451307193669,0.55000305,4.1524963,3.60249325,-64.85911794666667,15.47974885806691,-107.9702,-51.212433,56.75776700000001
15697,1.4007568,-51.212433,76561198900166541,1,-0.012024000000000035,0.0490870000000001,0.012695200000000018,-0.42744500000000585,-0.08480849999999984,-0.4271010000000146,478.5783695799997,-19457.73538400002,1.5952612319333335,0.86451307193669,0.55000305,4.1524963,3.60249325,-64.85911794666667,15.47974885806691,-107.9702,-51.212433,56.75776700000001
