pitch,yaw,tick,steamid,kill_event_id,segment_number,segment_id
1.9212341,174.272,32036,76561198410519875,0,1,0_1
1.9013214,174.17313,32037,76561198410519875,0,1,0_1
1.8814087,174.05432,32038,76561198410519875,0,1,0_1
1.8220215,173.79684,32039,76561198410519875,0,1,0_1
1.762619,173.65814,32040,76561198410519875,0,1,0_1
1.7427063,173.59875,32041,76561198410519875,0,1,0_1
1.6833191,173.49951,32042,76561198410519875,0,1,0_1
1.6438293,173.38074,32043,76561198410519875,0,1,0_1
1.6239166,173.16309,32044,76561198410519875,0,1,0_1
1.6239166,173.04395,32045,76561198410519875,0,1,0_1
1.6637421,172.70749,32046,76561198410519875,0,1,0_1
1.7032166,172.48947,32047,76561198410519875,0,1,0_1
1.7825317,171.99438,32048,76561198410519875,0,1,0_1
1.8220215,171.43994,32049,76561198410519875,0,1,0_1
1.8618469,170.78625,32050,76561198410519875,0,1,0_1
1.8814087,170.56857,32051,76561198410519875,0,1,0_1
1.9013214,170.25171,32052,76561198410519875,0,1,0_1
1.9013214,170.21185,32053,76561198410519875,0,1,0_1
1.9013214,170.21185,32054,76561198410519875,0,1,0_1
1.9013214,170.21185,32055,76561198410519875,0,1,0_1
1.9013214,170.21185,32056,76561198410519875,0,1,0_1
1.9013214,170.19229,32057,76561198410519875,0,1,0_1
1.9013214,170.1724,32058,76561198410519875,0,1,0_1
1.9013214,170.09308,32059,76561198410519875,0,1,0_1
1.9013214,169.93481,32060,76561198410519875,0,1,0_1
1.9013214,169.6773,32061,76561198410519875,0,1,0_1
1.8814087,169.18188,32062,76561198410519875,0,1,0_1
1.841919,168.84546,32063,76561198410519875,0,1,0_1
1.7427063,168.03348,32064,76561198410519875,0,1,0_1
1.6043396,167.22153,32065,76561198410519875,0,1,0_1
1.4258118,166.38965,32066,76561198410519875,0,1,0_1
1.2081604,165.59726,32067,76561198410519875,0,1,0_1
1.0100555,164.8447,32068,76561198410519875,0,2,0_2
0.87135315,164.36954,32069,76561198410519875,0,2,0_2
0.5942993,163.41888,32070,76561198410519875,0,2,0_2
0.29696655,162.4284,32071,76561198410519875,0,2,0_2
0.15861511,161.99274,32072,76561198410519875,0,2,0_2
-0.11878967,161.20068,32073,76561198410519875,0,2,0_2
-0.336792,160.52707,32074,76561198410519875,0,2,0_2
-0.51498413,159.89331,32075,76561198410519875,0,2,0_2
-0.71307373,159.14075,32076,76561198410519875,0,2,0_2
-0.8119507,158.88324,32077,76561198410519875,0,2,0_2
-0.9901428,158.26938,32078,76561198410519875,0,2,0_2
-1.0893555,157.7149,32079,76561198410519875,0,2,0_2
-1.1288452,157.41794,32080,76561198410519875,0,2,0_2
-1.1487579,157.33862,32081,76561198410519875,0,2,0_2
-1.2081604,157.10107,32082,76561198410519875,0,2,0_2
-1.2675476,156.94244,32083,76561198410519875,0,2,0_2
-1.3070374,156.74435,32084,76561198410519875,0,2,0_2
-1.3269348,156.62555,32085,76561198410519875,0,2,0_2
-1.3468628,156.46729,32086,76561198410519875,0,2,0_2
-1.3863373,156.38797,32087,76561198410519875,0,2,0_2
-1.40625,156.32858,32088,76561198410519875,0,2,0_2
-1.4258118,156.30865,32089,76561198410519875,0,2,0_2
-1.4656372,156.2692,32090,76561198410519875,0,2,0_2
-1.5250397,156.22937,32091,76561198410519875,0,2,0_2
-1.5844421,156.18988,32092,76561198410519875,0,2,0_2
-1.6438293,156.15039,32093,76561198410519875,0,2,0_2
-1.6637421,156.15039,32094,76561198410519875,0,2,0_2
-1.6833191,156.15039,32095,76561198410519875,0,2,0_2
-1.7032166,156.15039,32096,76561198410519875,0,2,0_2
-1.7231445,156.16998,32097,76561198410519875,0,2,0_2
-1.7231445,156.16998,32098,76561198410519875,0,2,0_2
-1.7427063,156.18988,32099,76561198410519875,0,2,0_2
-1.762619,156.20978,32100,76561198410519875,0,3,0_3
-1.7825317,156.20978,32101,76561198410519875,0,3,0_3
-1.841919,156.22937,32102,76561198410519875,0,3,0_3
-1.9806213,156.30865,32103,76561198410519875,0,3,0_3
-2.118988,156.36807,32104,76561198410519875,0,3,0_3
-2.5944824,156.52667,32105,76561198410519875,0,3,0_3
-3.3075714,156.78418,32106,76561198410519875,0,3,0_3
-4.2778015,157.19995,32107,76561198410519875,0,3,0_3
-5.446472,157.73483,32108,76561198410519875,0,3,0_3
-6.099823,158.0318,32109,76561198410519875,0,3,0_3
-7.585373,158.56635,32110,76561198410519875,0,3,0_3
-9.189728,159.00204,32111,76561198410519875,0,3,0_3
-10.932434,159.41815,32112,76561198410519875,0,3,0_3
-12.001877,159.65573,32113,76561198410519875,0,3,0_3
-13.962585,160.0914,32114,76561198410519875,0,3,0_3
-15.982697,160.48761,32115,76561198410519875,0,3,0_3
-16.97284,160.70526,32116,76561198410519875,0,3,0_3
-19.072266,161.1413,32117,76561198410519875,0,3,0_3
-20.775482,161.49765,32118,76561198410519875,0,3,0_3
-22.51854,161.91342,32119,76561198410519875,0,3,0_3
-24.142456,162.38892,32120,76561198410519875,0,3,0_3
-25.845673,162.96329,32121,76561198410519875,0,3,0_3
-27.528992,163.61664,32122,76561198410519875,0,3,0_3
-29.034454,164.30981,32123,76561198410519875,0,3,0_3
-29.707718,164.6466,32124,76561198410519875,0,3,0_3
-30.995178,165.33978,32125,76561198410519875,0,3,0_3
-32.242813,165.99347,32126,76561198410519875,0,3,0_3
-33.351746,166.52802,32127,76561198410519875,0,3,0_3
-34.579803,167.02307,32128,76561198410519875,0,3,0_3
-35.431244,167.3204,32129,76561198410519875,0,3,0_3
-36.144333,167.47867,32130,76561198410519875,0,3,0_3
-36.87732,167.6373,32131,76561198410519875,0,3,0_3
-37.015686,167.65686,32132,76561198410519875,0,4,0_4
-37.29309,167.71661,32133,76561198410519875,0,4,0_4
-37.313004,167.71661,32134,76561198410519875,0,4,0_4
-37.313004,167.71661,32135,76561198410519875,0,4,0_4
-37.2536,167.6373,32136,76561198410519875,0,4,0_4
-37.075073,167.3599,32137,76561198410519875,0,4,0_4
-36.976196,167.1817,32138,76561198410519875,0,4,0_4
-36.896896,167.043,32139,76561198410519875,0,4,0_4
-36.85742,166.9242,32140,76561198410519875,0,4,0_4
-36.817596,166.88474,32141,76561198410519875,0,4,0_4
-36.817596,166.88474,32142,76561198410519875,0,4,0_4
-36.817596,166.88474,32143,76561198410519875,0,4,0_4
-36.817596,166.88474,32144,76561198410519875,0,4,0_4
-36.817596,166.88474,32145,76561198410519875,0,4,0_4
-36.817596,166.88474,32146,76561198410519875,0,4,0_4
-36.817596,166.88474,32147,76561198410519875,0,4,0_4
-36.817596,166.88474,32148,76561198410519875,0,4,0_4
-36.837494,166.88474,32149,76561198410519875,0,4,0_4
-36.837494,166.88474,32150,76561198410519875,0,4,0_4
-36.837494,166.88474,32151,76561198410519875,0,4,0_4
-36.837494,166.88474,32152,76561198410519875,0,4,0_4
-36.837494,166.88474,32153,76561198410519875,0,4,0_4
-36.837494,166.88474,32154,76561198410519875,0,4,0_4
-36.837494,166.88474,32155,76561198410519875,0,4,0_4
-36.85742,166.88474,32156,76561198410519875,0,4,0_4
-36.85742,166.88474,32157,76561198410519875,0,4,0_4
-36.85742,166.88474,32158,76561198410519875,0,4,0_4
-36.85742,166.88474,32159,76561198410519875,0,4,0_4
-36.85742,166.88474,32160,76561198410519875,0,4,0_4
-36.85742,166.88474,32161,76561198410519875,0,4,0_4
-36.85742,166.88474,32162,76561198410519875,0,4,0_4
-36.85742,166.88474,32163,76561198410519875,0,4,0_4
-36.85742,166.88474,32164,76561198410519875,0,5,0_5
-36.85742,166.88474,32165,76561198410519875,0,5,0_5
-36.85742,166.88474,32166,76561198410519875,0,5,0_5
-36.85742,166.88474,32167,76561198410519875,0,5,0_5
-36.85742,166.88474,32168,76561198410519875,0,5,0_5
-36.85742,166.88474,32169,76561198410519875,0,5,0_5
-36.85742,166.88474,32170,76561198410519875,0,5,0_5
-36.85742,166.88474,32171,76561198410519875,0,5,0_5
-36.85742,166.88474,32172,76561198410519875,0,5,0_5
-36.85742,166.88474,32173,76561198410519875,0,5,0_5
-36.85742,166.88474,32174,76561198410519875,0,5,0_5
-36.85742,166.88474,32175,76561198410519875,0,5,0_5
-36.85742,166.88474,32176,76561198410519875,0,5,0_5
-36.85742,166.8648,32177,76561198410519875,0,5,0_5
-36.79802,166.82532,32178,76561198410519875,0,5,0_5
-36.71872,166.7261,32179,76561198410519875,0,5,0_5
-36.520615,166.54791,32180,76561198410519875,0,5,0_5
-36.223633,166.31036,32181,76561198410519875,0,5,0_5
-35.569946,165.83484,32182,76561198410519875,0,5,0_5
-34.91661,165.41907,32183,76561198410519875,0,5,0_5
-34.025345,164.94357,32184,76561198410519875,0,5,0_5
-32.955902,164.42859,32185,76561198410519875,0,5,0_5
-31.688354,163.79483,32186,76561198410519875,0,5,0_5
-30.341492,163.16104,32187,76561198410519875,0,5,0_5
-29.450226,162.7652,32188,76561198410519875,0,5,0_5
-27.331238,161.854,32189,76561198410519875,0,5,0_5
-25.548706,161.12137,32190,76561198410519875,0,5,0_5
-23.44928,160.34888,32191,76561198410519875,0,5,0_5
-22.241135,159.91321,32192,76561198410519875,0,5,0_5
-20.122147,159.18024,32193,76561198410519875,0,5,0_5
-17.94342,158.40808,32194,76561198410519875,0,5,0_5
-15.705643,157.65518,32195,76561198410519875,0,5,0_5
-13.606232,156.98193,32196,76561198410519875,0,6,0_6
-11.506805,156.36807,32197,76561198410519875,0,6,0_6
-10.3580475,156.05118,32198,76561198410519875,0,6,0_6
-7.9616547,155.358,32199,76561198410519875,0,6,0_6
-6.179123,154.78363,32200,76561198410519875,0,6,0_6
-4.238312,154.07056,32201,76561198410519875,0,6,0_6
-2.4952698,153.318,32202,76561198410519875,0,6,0_6
-0.97058105,152.62482,32203,76561198410519875,0,6,0_6
0.5942993,151.95157,32204,76561198410519875,0,6,0_6
1.40625,151.63467,32205,76561198410519875,0,6,0_6
2.6339722,151.27832,32206,76561198410519875,0,6,0_6
3.5846252,151.04037,32207,76561198410519875,0,6,0_6
4.139435,150.8028,32208,76561198410519875,0,6,0_6
4.2778015,150.72351,32209,76561198410519875,0,6,0_6
4.2778015,150.72351,32210,76561198410519875,0,6,0_6
4.2778015,150.72351,32211,76561198410519875,0,6,0_6
4.2778015,150.72351,32212,76561198410519875,0,6,0_6
4.2778015,150.72351,32213,76561198410519875,0,6,0_6
4.2778015,150.72351,32214,76561198410519875,0,6,0_6
4.2778015,150.72351,32215,76561198410519875,0,6,0_6
4.2778015,150.72351,32216,76561198410519875,0,6,0_6
4.2778015,150.72351,32217,76561198410519875,0,6,0_6
4.2778015,150.72351,32218,76561198410519875,0,6,0_6
4.2778015,150.72351,32219,76561198410519875,0,6,0_6
4.2778015,150.72351,32220,76561198410519875,0,6,0_6
4.2778015,150.72351,32221,76561198410519875,0,6,0_6
4.2778015,150.72351,32222,76561198410519875,0,6,0_6
4.2778015,150.72351,32223,76561198410519875,0,6,0_6
3.9015198,150.70358,32224,76561198410519875,0,6,0_6
3.7034302,151.0998,32225,76561198410519875,0,6,0_6
3.881958,151.89215,32226,76561198410519875,0,6,0_6
4.060135,152.34775,32227,76561198410519875,0,6,0_6
4.6145935,153.39728,32228,76561198410519875,0,7,0_7
5.26828,154.46674,32229,76561198410519875,0,7,0_7
6.1396484,155.65497,32230,76561198410519875,0,7,0_7
7.1696167,156.70486,32231,76561198410519875,0,7,0_7
8.318024,157.53638,32232,76561198410519875,0,7,0_7
9.585571,158.30887,32233,76561198410519875,0,7,0_7
10.298645,158.58627,32234,76561198410519875,0,7,0_7
11.684998,159.00204,32235,76561198410519875,0,7,0_7
12.853668,159.29935,32236,76561198410519875,0,7,0_7
14.002075,159.57642,32237,76561198410519875,0,7,0_7
14.655762,159.73505,32238,76561198410519875,0,7,0_7
15.923309,160.03201,32239,76561198410519875,0,7,0_7
16.398804,160.15079,32240,76561198410519875,0,7,0_7
17.072067,160.3688,32241,76561198410519875,0,7,0_7
17.606628,160.5669,32242,76561198410519875,0,7,0_7
17.90393,160.72516,32243,76561198410519875,0,7,0_7
18.339615,160.96277,32244,76561198410519875,0,7,0_7
18.517792,161.06198,32245,76561198410519875,0,7,0_7
18.61702,161.12137,32246,76561198410519875,0,7,0_7
18.755371,161.26007,32247,76561198410519875,0,7,0_7
18.7753,161.31946,32248,76561198410519875,0,7,0_7
18.795197,161.37885,32249,76561198410519875,0,7,0_7
18.795197,161.43826,32250,76561198410519875,0,7,0_7
18.795197,161.47772,32251,76561198410519875,0,7,0_7
18.795197,161.49765,32252,76561198410519875,0,7,0_7
18.7753,161.53714,32253,76561198410519875,0,7,0_7
18.7753,161.55704,32254,76561198410519875,0,7,0_7
18.7753,161.55704,32255,76561198410519875,0,7,0_7
18.715897,161.55704,32256,76561198410519875,0,7,0_7
18.656494,161.51758,32257,76561198410519875,0,7,0_7
18.53772,161.37885,32258,76561198410519875,0,7,0_7
18.359528,161.10144,32259,76561198410519875,0,7,0_7
18.161438,160.76501,32260,76561198410519875,0,8,0_8
17.90393,160.4083,32261,76561198410519875,0,8,0_8
17.646454,159.99252,32262,76561198410519875,0,8,0_8
17.487823,159.71512,32263,76561198410519875,0,8,0_8
17.230347,159.16064,32264,76561198410519875,0,8,0_8
16.933365,158.52689,32265,76561198410519875,0,8,0_8
16.616486,157.85364,32266,76561198410519875,0,8,0_8
16.458206,157.47736,32267,76561198410519875,0,8,0_8
16.160889,156.78418,32268,76561198410519875,0,8,0_8
15.824432,155.97186,32269,76561198410519875,0,8,0_8
15.527115,155.14035,32270,76561198410519875,0,8,0_8
15.190659,154.24908,32271,76561198410519875,0,8,0_8
14.853851,153.17963,32272,76561198410519875,0,8,0_8
14.556885,152.07034,32273,76561198410519875,0,8,0_8
14.27948,150.90204,32274,76561198410519875,0,8,0_8
14.002075,149.35706,32275,76561198410519875,0,8,0_8
13.744934,147.71326,32276,76561198410519875,0,8,0_8
13.507004,146.0495,32277,76561198410519875,0,8,0_8
13.308899,144.703,32278,76561198410519875,0,8,0_8
13.111145,143.67303,32279,76561198410519875,0,8,0_8
13.031845,143.23734,32280,76561198410519875,0,8,0_8
13.031845,143.37604,32281,76561198410519875,0,8,0_8
13.091248,143.6531,32282,76561198410519875,0,8,0_8
13.091248,143.6531,32283,76561198410519875,0,8,0_8
13.091248,143.6531,32284,76561198410519875,0,8,0_8
13.091248,143.6531,32285,76561198410519875,0,8,0_8
13.091248,143.6531,32286,76561198410519875,0,8,0_8
13.091248,143.6531,32287,76561198410519875,0,8,0_8
13.091248,143.6531,32288,76561198410519875,0,8,0_8
13.091248,143.6531,32289,76561198410519875,0,8,0_8
13.091248,143.73242,32290,76561198410519875,0,8,0_8
12.734863,144.06921,32291,76561198410519875,0,8,0_8
12.199982,143.9899,32292,76561198410519875,0,9,0_9
11.486893,143.5144,32293,76561198410519875,0,9,0_9
10.774155,142.82123,32294,76561198410519875,0,9,0_9
9.922363,141.73221,32295,76561198410519875,0,9,0_9
8.9517975,140.56354,32296,76561198410519875,0,9,0_9
8.040955,139.4347,32297,76561198410519875,0,9,0_9
7.1297913,138.46411,32298,76561198410519875,0,9,0_9
6.278351,137.7514,32299,76561198410519875,0,9,0_9
5.783264,137.39468,32300,76561198410519875,0,9,0_9
4.970978,136.84021,32301,76561198410519875,0,9,0_9
4.2184143,136.28574,32302,76561198410519875,0,9,0_9
3.5056763,135.49335,32303,76561198410519875,0,9,0_9
2.9312897,134.6419,32304,76561198410519875,0,9,0_9
2.356903,133.61194,32305,76561198410519875,0,9,0_9
1.8220215,132.36432,32306,76561198410519875,0,9,0_9
1.4855652,131.01746,32307,76561198410519875,0,9,0_9
1.1686707,129.37363,32308,76561198410519875,0,9,0_9
0.9111786,127.49222,32309,76561198410519875,0,9,0_9
0.73265076,125.41272,32310,76561198410519875,0,9,0_9
0.6536865,123.5907,32311,76561198410519875,0,9,0_9
0.6337738,121.57059,32312,76561198410519875,0,9,0_9
0.69317627,119.35239,32313,76561198410519875,0,9,0_9
0.8517761,116.975555,32314,76561198410519875,0,9,0_9
1.0100555,114.717865,32315,76561198410519875,0,9,0_9
1.1487579,112.83646,32316,76561198410519875,0,9,0_9
1.3269348,110.77652,32317,76561198410519875,0,9,0_9
1.40625,109.78638,32318,76561198410519875,0,9,0_9
1.5844421,107.370056,32319,76561198410519875,0,9,0_9
1.6637421,104.736084,32320,76561198410519875,0,9,0_9
1.6833191,102.280304,32321,76561198410519875,0,9,0_9
1.6637421,101.17102,32322,76561198410519875,0,9,0_9
1.5844421,98.992645,32323,76561198410519875,0,9,0_9
-10.159943,65.501526,18998,76561198410519875,1,1,1_1
-10.120468,65.40265,18999,76561198410519875,1,1,1_1
-10.100555,65.32333,19000,76561198410519875,1,1,1_1
-10.080643,65.26395,19001,76561198410519875,1,1,1_1
-10.080643,65.26395,19002,76561198410519875,1,1,1_1
-10.080643,65.26395,19003,76561198410519875,1,1,1_1
-10.080643,65.204544,19004,76561198410519875,1,1,1_1
-10.100555,65.16507,19005,76561198410519875,1,1,1_1
-10.100555,65.14514,19006,76561198410519875,1,1,1_1
-10.100555,65.14514,19007,76561198410519875,1,1,1_1
-10.140381,65.125244,19008,76561198410519875,1,1,1_1
-10.179871,65.085754,19009,76561198410519875,1,1,1_1
-10.219345,65.04593,19010,76561198410519875,1,1,1_1
-10.259171,65.02637,19011,76561198410519875,1,1,1_1
-10.298645,65.02637,19012,76561198410519875,1,1,1_1
-10.338135,65.00644,19013,76561198410519875,1,1,1_1
-10.397873,65.00644,19014,76561198410519875,1,1,1_1
-10.476837,65.04593,19015,76561198410519875,1,1,1_1
-10.61554,65.14514,19016,76561198410519875,1,1,1_1
-10.873032,65.42255,19017,76561198410519875,1,1,1_1
-11.031311,65.64023,19018,76561198410519875,1,1,1_1
-11.209839,65.91763,19019,76561198410519875,1,1,1_1
-11.368103,66.19469,19020,76561198410519875,1,1,1_1
-11.506805,66.45218,19021,76561198410519875,1,1,1_1
-11.645508,66.7495,19022,76561198410519875,1,1,1_1
-11.803772,67.12578,19023,76561198410519875,1,1,1_1
-11.863174,67.303955,19024,76561198410519875,1,1,1_1
-11.922577,67.40283,19025,76561198410519875,1,1,1_1
-11.942474,67.48215,19026,76561198410519875,1,1,1_1
-11.962402,67.50206,19027,76561198410519875,1,1,1_1
-11.962402,67.50206,19028,76561198410519875,1,1,1_1
-11.962402,67.50206,19029,76561198410519875,1,1,1_1
-11.962402,67.50206,19030,76561198410519875,1,2,1_2
-11.962402,67.462234,19031,76561198410519875,1,2,1_2
-11.981964,67.36336,19032,76561198410519875,1,2,1_2
-12.001877,67.24457,19033,76561198410519875,1,2,1_2
-12.041351,66.84837,19034,76561198410519875,1,2,1_2
-12.041351,66.47209,19035,76561198410519875,1,2,1_2
-12.061279,65.99658,19036,76561198410519875,1,2,1_2
-12.061279,65.44212,19037,76561198410519875,1,2,1_2
-12.061279,64.55086,19038,76561198410519875,1,2,1_2
-12.02179,63.936996,19039,76561198410519875,1,2,1_2
-11.942474,63.204346,19040,76561198410519875,1,2,1_2
-11.78421,61.9368,19041,76561198410519875,1,2,1_2
-11.684998,61.045532,19042,76561198410519875,1,2,1_2
-11.526718,59.956177,19043,76561198410519875,1,2,1_2
-11.388016,58.92621,19044,76561198410519875,1,2,1_2
-11.189911,57.322205,19045,76561198410519875,1,2,1_2
-11.0512085,56.19301,19046,76561198410519875,1,2,1_2
-10.912506,55.02469,19047,76561198410519875,1,2,1_2
-10.694855,53.36093,19048,76561198410519875,1,2,1_2
-10.536224,52.252014,19049,76561198410519875,1,2,1_2
-10.3580475,51.12317,19050,76561198410519875,1,2,1_2
-10.159943,49.9545,19051,76561198410519875,1,2,1_2
-9.902466,48.350494,19052,76561198410519875,1,2,1_2
-9.704361,47.161896,19053,76561198410519875,1,2,1_2
-9.506607,45.934174,19054,76561198410519875,1,2,1_2
-9.308502,44.64673,19055,76561198410519875,1,2,1_2
-9.031097,42.74539,19056,76561198410519875,1,2,1_2
-8.872833,41.477844,19057,76561198410519875,1,2,1_2
-8.734131,40.2697,19058,76561198410519875,1,2,1_2
-8.634918,38.408203,19059,76561198410519875,1,2,1_2
-8.615341,37.120743,19060,76561198410519875,1,2,1_2
-8.615341,35.853195,19061,76561198410519875,1,2,1_2
-8.615341,34.72435,19062,76561198410519875,1,3,1_3
-8.634918,33.813507,19063,76561198410519875,1,3,1_3
-8.634918,32.96173,19064,76561198410519875,1,3,1_3
-8.634918,31.971588,19065,76561198410519875,1,3,1_3
-8.595428,31.377289,19066,76561198410519875,1,3,1_3
-8.555939,30.82283,19067,76561198410519875,1,3,1_3
-8.555939,30.684128,19068,76561198410519875,1,3,1_3
-8.555939,30.763428,19069,76561198410519875,1,3,1_3
-8.575516,31.06041,19070,76561198410519875,1,3,1_3
-8.615341,31.496094,19071,76561198410519875,1,3,1_3
-8.753693,32.327957,19072,76561198410519875,1,3,1_3
-8.773621,32.76364,19073,76561198410519875,1,3,1_3
-8.872833,32.84294,19074,76561198410519875,1,3,1_3
-8.9517975,32.94182,19075,76561198410519875,1,3,1_3
-8.912323,33.060608,19076,76561198410519875,1,3,1_3
-8.991623,33.3974,19077,76561198410519875,1,3,1_3
-9.031097,33.654907,19078,76561198410519875,1,3,1_3
-9.070587,33.69438,19079,76561198410519875,1,3,1_3
-9.110413,33.63498,19080,76561198410519875,1,3,1_3
-9.149902,33.55603,19081,76561198410519875,1,3,1_3
-9.149902,33.55603,19082,76561198410519875,1,3,1_3
-9.20929,33.377502,19083,76561198410519875,1,3,1_3
-9.229202,33.298523,19084,76561198410519875,1,3,1_3
-9.249115,33.219223,19085,76561198410519875,1,3,1_3
-9.249115,33.02112,19086,76561198410519875,1,3,1_3
-9.268677,32.744064,19087,76561198410519875,1,3,1_3
-9.268677,32.407257,19088,76561198410519875,1,3,1_3
-9.249115,31.971588,19089,76561198410519875,1,3,1_3
-9.229202,31.436691,19090,76561198410519875,1,3,1_3
-9.20929,30.921707,19091,76561198410519875,1,3,1_3
-9.1698,30.169144,19092,76561198410519875,1,3,1_3
-9.149902,29.713562,19093,76561198410519875,1,3,1_3
-9.149902,29.317703,19094,76561198410519875,1,4,1_4
-9.149902,28.921509,19095,76561198410519875,1,4,1_4
-9.130325,28.545227,19096,76561198410519875,1,4,1_4
-9.110413,27.950928,19097,76561198410519875,1,4,1_4
-9.0905,27.515259,19098,76561198410519875,1,4,1_4
-9.0905,27.119064,19099,76561198410519875,1,4,1_4
-9.070587,26.68338,19100,76561198410519875,1,4,1_4
-9.051025,26.247711,19101,76561198410519875,1,4,1_4
-9.031097,25.792114,19102,76561198410519875,1,4,1_4
-8.991623,25.277481,19103,76561198410519875,1,4,1_4
-8.9517975,24.722672,19104,76561198410519875,1,4,1_4
-8.93222,24.128723,19105,76561198410519875,1,4,1_4
-8.93222,23.514862,19106,76561198410519875,1,4,1_4
-8.912323,22.94049,19107,76561198410519875,1,4,1_4
-8.912323,22.207489,19108,76561198410519875,1,4,1_4
-8.872833,21.751892,19109,76561198410519875,1,4,1_4
-8.852921,21.356049,19110,76561198410519875,1,4,1_4
-8.813446,21.039154,19111,76561198410519875,1,4,1_4
-8.793518,20.76175,19112,76561198410519875,1,4,1_4
-8.754044,20.484344,19113,76561198410519875,1,4,1_4
-8.734131,20.227203,19114,76561198410519875,1,4,1_4
-8.694305,19.929886,19115,76561198410519875,1,4,1_4
-8.634918,19.454727,19116,76561198410519875,1,4,1_4
-8.615341,18.999146,19117,76561198410519875,1,4,1_4
-8.595428,18.504059,19118,76561198410519875,1,4,1_4
-8.575516,17.969177,19119,76561198410519875,1,4,1_4
-8.575516,17.375214,19120,76561198410519875,1,4,1_4
-8.575516,16.761017,19121,76561198410519875,1,4,1_4
-8.555939,16.167068,19122,76561198410519875,1,4,1_4
-8.555939,15.552856,19123,76561198410519875,1,4,1_4
-8.555939,14.998398,19124,76561198410519875,1,4,1_4
-8.575516,14.463837,19125,76561198410519875,1,4,1_4
-8.575516,14.028168,19126,76561198410519875,1,5,1_5
-8.595428,13.631973,19127,76561198410519875,1,5,1_5
-8.595428,13.552673,19128,76561198410519875,1,5,1_5
-8.615341,13.493271,19129,76561198410519875,1,5,1_5
-8.595428,13.473358,19130,76561198410519875,1,5,1_5
-8.575516,13.453796,19131,76561198410519875,1,5,1_5
-8.555939,13.473358,19132,76561198410519875,1,5,1_5
-8.516113,13.552673,19133,76561198410519875,1,5,1_5
-8.4965515,13.711273,19134,76561198410519875,1,5,1_5
-8.456726,13.869553,19135,76561198410519875,1,5,1_5
-8.417236,14.0477295,19136,76561198410519875,1,5,1_5
-8.357849,14.225922,19137,76561198410519875,1,5,1_5
-8.258636,14.463837,19138,76561198410519875,1,5,1_5
-8.179657,14.661942,19139,76561198410519875,1,5,1_5
-8.080444,14.919434,19140,76561198410519875,1,5,1_5
-7.9815674,15.2164,19141,76561198410519875,1,5,1_5
-7.783478,15.731384,19142,76561198410519875,1,5,1_5
-7.6052856,16.147156,19143,76561198410519875,1,5,1_5
-7.387268,16.62265,19144,76561198410519875,1,5,1_5
-7.1696167,17.077911,19145,76561198410519875,1,5,1_5
-6.9316864,17.553406,19146,76561198410519875,1,5,1_5
-6.6347046,18.207092,19147,76561198410519875,1,5,1_5
-6.3573,18.860443,19148,76561198410519875,1,5,1_5
-5.902069,19.929886,19149,76561198410519875,1,5,1_5
-5.545349,20.821152,19150,76561198410519875,1,5,1_5
-5.10968,21.811295,19151,76561198410519875,1,5,1_5
-4.594696,22.742386,19152,76561198410519875,1,5,1_5
-4.040222,23.693054,19153,76561198410519875,1,5,1_5
-3.525238,24.683197,19154,76561198410519875,1,5,1_5
-3.0500793,25.75264,19155,76561198410519875,1,5,1_5
-2.5151825,26.861908,19156,76561198410519875,1,5,1_5
-2.020111,27.713348,19157,76561198410519875,1,5,1_5
-1.4852142,28.545227,19158,76561198410519875,1,6,1_6
-0.9506531,29.29779,19159,76561198410519875,1,6,1_6
-0.41577148,29.990967,19160,76561198410519875,1,6,1_6
-0.039489746,30.466461,19161,76561198410519875,1,6,1_6
0.57437134,31.199112,19162,76561198410519875,1,6,1_6
0.9506531,31.654694,19163,76561198410519875,1,6,1_6
1.2675476,32.030975,19164,76561198410519875,1,6,1_6
1.6833191,32.526062,19165,76561198410519875,1,6,1_6
2.0001984,32.902344,19166,76561198410519875,1,6,1_6
2.3170776,33.3181,19167,76561198410519875,1,6,1_6
2.7331848,33.87291,19168,76561198410519875,1,6,1_6
3.168869,34.546173,19169,76561198410519875,1,6,1_6
3.8026428,35.67502,19170,76561198410519875,1,6,1_6
4.2582397,36.58618,19171,76561198410519875,1,6,1_6
4.7927856,37.65564,19172,76561198410519875,1,6,1_6
5.287857,38.685608,19173,76561198410519875,1,6,1_6
6.0208435,40.190735,19174,76561198410519875,1,6,1_6
6.5358276,41.299667,19175,76561198410519875,1,6,1_6
7.0309143,42.34955,19176,76561198410519875,1,6,1_6
7.5458984,43.359604,19177,76561198410519875,1,6,1_6
8.239059,44.72603,19178,76561198410519875,1,6,1_6
8.674744,45.65677,19179,76561198410519875,1,6,1_6
9.070587,46.62735,19180,76561198410519875,1,6,1_6
9.387482,47.498703,19181,76561198410519875,1,6,1_6
9.664886,48.429443,19182,76561198410519875,1,6,1_6
9.922363,49.67743,19183,76561198410519875,1,6,1_6
10.041168,50.628082,19184,76561198410519875,1,6,1_6
10.179871,51.598328,19185,76561198410519875,1,6,1_6
10.278748,52.727173,19186,76561198410519875,1,6,1_6
10.3580475,53.895844,19187,76561198410519875,1,6,1_6
10.437347,55.064163,19188,76561198410519875,1,6,1_6
10.595627,56.727905,19189,76561198410519875,1,6,1_6
10.833557,58.134155,19190,76561198410519875,1,7,1_7
11.110611,59.401703,19191,76561198410519875,1,7,1_7
11.467316,60.78804,19192,76561198410519875,1,7,1_7
12.1206665,62.59015,19193,76561198410519875,1,7,1_7
12.714966,63.65959,19194,76561198410519875,1,7,1_7
13.308899,64.47189,19195,76561198410519875,1,7,1_7
14.121216,65.501526,19196,76561198410519875,1,7,1_7
14.635849,66.3533,19197,76561198410519875,1,7,1_7
15.071869,67.24457,19198,76561198410519875,1,7,1_7
15.586517,68.749695,19199,76561198410519875,1,7,1_7
15.863922,69.77966,19200,76561198410519875,1,7,1_7
16.121399,71.50246,19201,76561198410519875,1,7,1_7
16.220276,72.78992,19202,76561198410519875,1,7,1_7
16.358978,74.671326,19203,76561198410519875,1,7,1_7
16.517609,75.582504,19204,76561198410519875,1,7,1_7
16.834488,76.01819,19205,76561198410519875,1,7,1_7
17.32956,76.05768,19206,76561198410519875,1,7,1_7
18.399017,75.56259,19207,76561198410519875,1,7,1_7
19.072266,75.12692,19208,76561198410519875,1,7,1_7
19.765442,74.473236,19209,76561198410519875,1,7,1_7
20.419128,73.50299,19210,76561198410519875,1,7,1_7
21.449097,71.64116,19211,76561198410519875,1,7,1_7
22.359924,70.45291,19212,76561198410519875,1,7,1_7
23.231277,70.23491,19213,76561198410519875,1,7,1_7
24.162369,70.92807,19214,76561198410519875,1,7,1_7
24.974335,72.413635,19215,76561198410519875,1,7,1_7
25.528793,74.19617,19216,76561198410519875,1,7,1_7
25.905075,76.65195,19217,76561198410519875,1,7,1_7
25.9449,78.57318,19218,76561198410519875,1,7,1_7
25.70697,80.137695,19219,76561198410519875,1,7,1_7
25.311127,81.60336,19220,76561198410519875,1,7,1_7
24.498825,83.38556,19221,76561198410519875,1,7,1_7
23.766174,84.41553,19222,76561198410519875,1,8,1_8
22.894821,85.36618,19223,76561198410519875,1,8,1_8
21.983643,86.17813,19224,76561198410519875,1,8,1_8
21.03299,86.95062,19225,76561198410519875,1,8,1_8
20.062744,87.56445,19226,76561198410519875,1,8,1_8
19.032776,88.05954,19227,76561198410519875,1,8,1_8
17.864105,88.51514,19228,76561198410519875,1,8,1_8
16.715698,88.950806,19229,76561198410519875,1,8,1_8
15.527115,89.48572,19230,76561198410519875,1,8,1_8
14.438095,90.23828,19231,76561198410519875,1,8,1_8
13.210022,91.42651,19232,76561198410519875,1,8,1_8
12.001877,92.73352,19233,76561198410519875,1,8,1_8
10.873032,94.020996,19234,76561198410519875,1,8,1_8
9.803589,95.38776,19235,76561198410519875,1,8,1_8
8.754044,97.071075,19236,76561198410519875,1,8,1_8
8.040955,98.49689,19237,76561198410519875,1,8,1_8
7.426758,100.200134,19238,76561198410519875,1,8,1_8
6.971512,101.68567,19239,76561198410519875,1,8,1_8
6.6741943,103.012634,19240,76561198410519875,1,8,1_8
6.5554047,104.28015,19241,76561198410519875,1,8,1_8
6.5753174,105.270325,19242,76561198410519875,1,8,1_8
6.8328094,106.22098,19243,76561198410519875,1,8,1_8
7.1891785,107.19153,19244,76561198410519875,1,8,1_8
7.6052856,108.3403,19245,76561198410519875,1,8,1_8
7.8627777,109.56802,19246,76561198410519875,1,8,1_8
8.040955,110.97427,19247,76561198410519875,1,8,1_8
8.139832,111.66745,19248,76561198410519875,1,8,1_8
8.278534,112.935,19249,76561198410519875,1,8,1_8
8.417236,114.14313,19250,76561198410519875,1,8,1_8
8.555939,114.75702,19251,76561198410519875,1,8,1_8
8.674744,115.034424,19252,76561198410519875,1,8,1_8
8.773621,114.975006,19253,76561198410519875,1,8,1_8
8.833008,114.77692,19254,76561198410519875,1,9,1_9
8.892395,113.72705,19255,76561198410519875,1,9,1_9
8.833008,112.0238,19256,76561198410519875,1,9,1_9
8.793518,110.20178,19257,76561198410519875,1,9,1_9
8.754044,108.1817,19258,76561198410519875,1,9,1_9
8.694305,105.80521,19259,76561198410519875,1,9,1_9
8.674744,104.75531,19260,76561198410519875,1,9,1_9
8.575516,102.31946,19261,76561198410519875,1,9,1_9
8.555939,100.517,19262,76561198410519875,1,9,1_9
8.536041,99.526855,19263,76561198410519875,1,9,1_9
8.536041,98.97241,19264,76561198410519875,1,9,1_9
8.536041,98.59613,19265,76561198410519875,1,9,1_9
8.437164,98.33862,19266,76561198410519875,1,9,1_9
8.377411,98.23941,19267,76561198410519875,1,9,1_9
8.199234,97.922516,19268,76561198410519875,1,9,1_9
8.100357,97.467285,19269,76561198410519875,1,9,1_9
8.021057,96.59558,19270,76561198410519875,1,9,1_9
7.9815674,95.50656,19271,76561198410519875,1,9,1_9
7.9616547,94.39728,19272,76561198410519875,1,9,1_9
7.9616547,93.94168,19273,76561198410519875,1,9,1_9
7.9815674,93.92212,19274,76561198410519875,1,9,1_9
8.060532,93.842804,19275,76561198410519875,1,9,1_9
8.278534,93.42706,19276,76561198410519875,1,9,1_9
8.437164,92.41666,19277,76561198410519875,1,9,1_9
8.456726,91.72348,19278,76561198410519875,1,9,1_9
8.357849,90.29767,19279,76561198410519875,1,9,1_9
8.199234,89.4064,19280,76561198410519875,1,9,1_9
8.040955,89.08951,19281,76561198410519875,1,9,1_9
7.9616547,89.129,19282,76561198410519875,1,9,1_9
7.842865,89.545105,19283,76561198410519875,1,9,1_9
7.6052856,90.61456,19284,76561198410519875,1,9,1_9
7.229004,92.436554,19285,76561198410519875,1,9,1_9
3.6838531,92.89249,31433,76561198410519875,2,1,2_1
3.5650635,92.63501,31434,76561198410519875,2,1,2_1
3.4064484,92.21924,31435,76561198410519875,2,1,2_1
3.347046,92.060974,31436,76561198410519875,2,1,2_1
3.1887817,91.52606,31437,76561198410519875,2,1,2_1
3.1489563,91.28848,31438,76561198410519875,2,1,2_1
3.0500793,90.71411,31439,76561198410519875,2,1,2_1
3.0301666,90.53592,31440,76561198410519875,2,1,2_1
2.9906921,89.96155,31441,76561198410519875,2,1,2_1
2.9906921,89.76346,31442,76561198410519875,2,1,2_1
2.9906921,89.10977,31443,76561198410519875,2,1,2_1
3.010254,88.29779,31444,76561198410519875,2,1,2_1
3.010254,87.94144,31445,76561198410519875,2,1,2_1
2.9906921,87.54523,31446,76561198410519875,2,1,2_1
2.9508667,87.010345,31447,76561198410519875,2,1,2_1
2.9312897,86.75287,31448,76561198410519875,2,1,2_1
2.9312897,86.65399,31449,76561198410519875,2,1,2_1
2.9707642,86.396484,31450,76561198410519875,2,1,2_1
2.9906921,86.31717,31451,76561198410519875,2,1,2_1
3.069641,86.158905,31452,76561198410519875,2,1,2_1
3.089569,86.119415,31453,76561198410519875,2,1,2_1
3.3075714,85.82211,31454,76561198410519875,2,1,2_1
3.4064484,85.64392,31455,76561198410519875,2,1,2_1
3.5846252,85.06955,31456,76561198410519875,2,1,2_1
3.6639404,84.59439,31457,76561198410519875,2,1,2_1
3.6838531,84.49518,31458,76561198410519875,2,1,2_1
3.6838531,84.47525,31459,76561198410519875,2,1,2_1
3.7034302,84.45569,31460,76561198410519875,2,1,2_1
3.78273,84.37637,31461,76561198410519875,2,1,2_1
3.8225555,84.356445,31462,76561198410519875,2,1,2_1
3.960907,84.2775,31463,76561198410519875,2,1,2_1
4.040222,84.2775,31464,76561198410519875,2,1,2_1
4.297714,84.23767,31465,76561198410519875,2,2,2_2
4.416504,84.19818,31466,76561198410519875,2,2,2_2
4.753296,84.00009,31467,76561198410519875,2,2,2_2
4.852173,83.901215,31468,76561198410519875,2,2,2_2
5.089752,83.58432,31469,76561198410519875,2,2,2_2
5.1690674,83.44562,31470,76561198410519875,2,2,2_2
5.367157,83.148315,31471,76561198410519875,2,2,2_2
5.446472,83.02951,31472,76561198410519875,2,2,2_2
5.664139,82.71265,31473,76561198410519875,2,2,2_2
5.822754,82.47504,31474,76561198410519875,2,2,2_2
6.080246,82.059296,31475,76561198410519875,2,2,2_2
6.278351,81.82135,31476,76561198410519875,2,2,2_2
6.337738,81.78189,31477,76561198410519875,2,2,2_2
6.436615,81.72247,31478,76561198410519875,2,2,2_2
6.4565277,81.702576,31479,76561198410519875,2,2,2_2
6.5358276,81.6236,31480,76561198410519875,2,2,2_2
6.5554047,81.54431,31481,76561198410519875,2,2,2_2
6.5554047,81.54431,31482,76561198410519875,2,2,2_2
6.51593,81.484924,31483,76561198410519875,2,2,2_2
6.4764404,81.465,31484,76561198410519875,2,2,2_2
6.337738,81.42551,31485,76561198410519875,2,2,2_2
6.278351,81.42551,31486,76561198410519875,2,2,2_2
6.179123,81.42551,31487,76561198410519875,2,2,2_2
6.1396484,81.42551,31488,76561198410519875,2,2,2_2
6.080246,81.52438,31489,76561198410519875,2,2,2_2
6.0404205,81.6236,31490,76561198410519875,2,2,2_2
6.000946,81.84128,31491,76561198410519875,2,2,2_2
6.000946,81.900665,31492,76561198410519875,2,2,2_2
5.9614563,82.11868,31493,76561198410519875,2,2,2_2
5.9415436,82.19763,31494,76561198410519875,2,2,2_2
5.882141,82.35626,31495,76561198410519875,2,2,2_2
5.8622437,82.39575,31496,76561198410519875,2,2,2_2
5.7829285,82.55435,31497,76561198410519875,2,3,2_3
5.7434387,82.59384,31498,76561198410519875,2,3,2_3
5.703964,82.65323,31499,76561198410519875,2,3,2_3
5.6246643,82.75244,31500,76561198410519875,2,3,2_3
5.5257874,82.85132,31501,76561198410519875,2,3,2_3
5.485962,82.87125,31502,76561198410519875,2,3,2_3
5.4066467,82.95056,31503,76561198410519875,2,3,2_3
5.367157,83.00995,31504,76561198410519875,2,3,2_3
5.26828,83.108826,31505,76561198410519875,2,3,2_3
5.208893,83.16821,31506,76561198410519875,2,3,2_3
5.089752,83.32684,31507,76561198410519875,2,3,2_3
4.9908752,83.44562,31508,76561198410519875,2,3,2_3
4.9514008,83.465546,31509,76561198410519875,2,3,2_3
4.832611,83.505005,31510,76561198410519875,2,3,2_3
4.772873,83.52493,31511,76561198410519875,2,3,2_3
4.673996,83.544495,31512,76561198410519875,2,3,2_3
4.6345215,83.56442,31513,76561198410519875,2,3,2_3
4.5552063,83.56442,31514,76561198410519875,2,3,2_3
4.5157166,83.56442,31515,76561198410519875,2,3,2_3
4.495819,83.56442,31516,76561198410519875,2,3,2_3
4.4563293,83.56442,31517,76561198410519875,2,3,2_3
4.4364166,83.544495,31518,76561198410519875,2,3,2_3
4.396591,83.52493,31519,76561198410519875,2,3,2_3
4.3571167,83.52493,31520,76561198410519875,2,3,2_3
4.297714,83.505005,31521,76561198410519875,2,3,2_3
4.2778015,83.48511,31522,76561198410519875,2,3,2_3
4.1988373,83.40613,31523,76561198410519875,2,3,2_3
4.1789246,83.36633,31524,76561198410519875,2,3,2_3
4.1195374,83.306915,31525,76561198410519875,2,3,2_3
4.0996094,83.28702,31526,76561198410519875,2,3,2_3
4.0996094,83.28702,31527,76561198410519875,2,3,2_3
4.0996094,83.28702,31528,76561198410519875,2,3,2_3
4.0996094,83.28702,31529,76561198410519875,2,4,2_4
4.0996094,83.28702,31530,76561198410519875,2,4,2_4
4.0996094,83.28702,31531,76561198410519875,2,4,2_4
4.0996094,83.28702,31532,76561198410519875,2,4,2_4
4.0996094,83.32684,31533,76561198410519875,2,4,2_4
4.0996094,83.346405,31534,76561198410519875,2,4,2_4
4.1195374,83.38623,31535,76561198410519875,2,4,2_4
4.1195374,83.42572,31536,76561198410519875,2,4,2_4
4.139435,83.44562,31537,76561198410519875,2,4,2_4
4.139435,83.48511,31538,76561198410519875,2,4,2_4
4.139435,83.48511,31539,76561198410519875,2,4,2_4
4.159012,83.56442,31540,76561198410519875,2,4,2_4
4.1988373,83.64374,31541,76561198410519875,2,4,2_4
4.238312,83.742615,31542,76561198410519875,2,4,2_4
4.2582397,83.78241,31543,76561198410519875,2,4,2_4
4.3571167,84.03992,31544,76561198410519875,2,4,2_4
4.396591,84.19818,31545,76561198410519875,2,4,2_4
4.495819,84.59439,31546,76561198410519875,2,4,2_4
4.594696,84.85187,31547,76561198410519875,2,4,2_4
4.6145935,84.87146,31548,76561198410519875,2,4,2_4
4.6939087,84.83197,31549,76561198410519875,2,4,2_4
4.7333984,84.79248,31550,76561198410519875,2,4,2_4
4.832611,84.65378,31551,76561198410519875,2,4,2_4
4.931488,84.53497,31552,76561198410519875,2,4,2_4
4.970978,84.53497,31553,76561198410519875,2,4,2_4
5.1295776,84.79248,31554,76561198410519875,2,4,2_4
5.208893,84.93085,31555,76561198410519875,2,4,2_4
5.4265594,85.28754,31556,76561198410519875,2,4,2_4
5.5257874,85.42627,31557,76561198410519875,2,4,2_4
5.7235413,85.68375,31558,76561198410519875,2,4,2_4
5.8426666,85.84201,31559,76561198410519875,2,4,2_4
5.8622437,85.86194,31560,76561198410519875,2,4,2_4
5.8622437,85.86194,31561,76561198410519875,2,5,2_5
5.8622437,85.86194,31562,76561198410519875,2,5,2_5
5.8622437,85.86194,31563,76561198410519875,2,5,2_5
5.8622437,85.86194,31564,76561198410519875,2,5,2_5
5.8622437,85.8815,31565,76561198410519875,2,5,2_5
5.8622437,86.00064,31566,76561198410519875,2,5,2_5
5.8622437,86.07959,31567,76561198410519875,2,5,2_5
5.882141,86.356995,31568,76561198410519875,2,5,2_5
5.902069,86.753204,31569,76561198410519875,2,5,2_5
5.921631,86.95096,31570,76561198410519875,2,5,2_5
5.981018,87.66403,31571,76561198410519875,2,5,2_5
6.000946,87.961365,31572,76561198410519875,2,5,2_5
6.080246,88.63461,31573,76561198410519875,2,5,2_5
6.1990356,89.34769,31574,76561198410519875,2,5,2_5
6.377228,90.08032,31575,76561198410519875,2,5,2_5
6.4764404,90.43671,31576,76561198410519875,2,5,2_5
6.7335815,91.3678,31577,76561198410519875,2,5,2_5
6.8128967,91.64487,31578,76561198410519875,2,5,2_5
7.050476,92.31845,31579,76561198410519875,2,5,2_5
7.2485657,92.81354,31580,76561198410519875,2,5,2_5
7.486496,93.24921,31581,76561198410519875,2,5,2_5
7.7240753,93.60559,31582,76561198410519875,2,5,2_5
7.8033752,93.724365,31583,76561198410519875,2,5,2_5
7.9815674,93.94238,31584,76561198410519875,2,5,2_5
8.060532,94.04126,31585,76561198410519875,2,5,2_5
8.100357,94.10065,31586,76561198410519875,2,5,2_5
8.100357,94.10065,31587,76561198410519875,2,5,2_5
8.100357,94.10065,31588,76561198410519875,2,5,2_5
8.100357,94.10065,31589,76561198410519875,2,5,2_5
8.100357,94.10065,31590,76561198410519875,2,5,2_5
8.100357,94.10065,31591,76561198410519875,2,5,2_5
8.100357,94.10065,31592,76561198410519875,2,5,2_5
8.100357,94.10065,31593,76561198410519875,2,6,2_6
8.100357,94.10065,31594,76561198410519875,2,6,2_6
8.100357,94.10065,31595,76561198410519875,2,6,2_6
8.100357,94.10065,31596,76561198410519875,2,6,2_6
8.100357,94.10065,31597,76561198410519875,2,6,2_6
8.100357,94.10065,31598,76561198410519875,2,6,2_6
8.100357,94.10065,31599,76561198410519875,2,6,2_6
8.100357,94.10065,31600,76561198410519875,2,6,2_6
8.100357,94.10065,31601,76561198410519875,2,6,2_6
8.100357,94.120544,31602,76561198410519875,2,6,2_6
8.080444,94.14047,31603,76561198410519875,2,6,2_6
8.060532,94.19986,31604,76561198410519875,2,6,2_6
8.021057,94.23935,31605,76561198410519875,2,6,2_6
8.001129,94.29874,31606,76561198410519875,2,6,2_6
7.9616547,94.358154,31607,76561198410519875,2,6,2_6
7.92218,94.39795,31608,76561198410519875,2,6,2_6
7.8627777,94.516754,31609,76561198410519875,2,6,2_6
7.842865,94.57614,31610,76561198410519875,2,6,2_6
7.842865,94.57614,31611,76561198410519875,2,6,2_6
7.8229523,94.57614,31612,76561198410519875,2,6,2_6
7.783478,94.496826,31613,76561198410519875,2,6,2_6
7.743988,94.33856,31614,76561198410519875,2,6,2_6
7.7041626,94.23935,31615,76561198410519875,2,6,2_6
7.6248474,93.96228,31616,76561198410519875,2,6,2_6
7.5259705,93.62549,31617,76561198410519875,2,6,2_6
7.426758,93.22931,31618,76561198410519875,2,6,2_6
7.327881,92.79361,31619,76561198410519875,2,6,2_6
7.229004,92.33801,31620,76561198410519875,2,6,2_6
7.1696167,92.080536,31621,76561198410519875,2,6,2_6
7.0903015,91.664764,31622,76561198410519875,2,6,2_6
7.0309143,91.3479,31623,76561198410519875,2,6,2_6
7.0109863,91.20917,31624,76561198410519875,2,6,2_6
6.991089,90.8923,31625,76561198410519875,2,7,2_7
6.971512,90.71411,31626,76561198410519875,2,7,2_7
6.971512,90.23895,31627,76561198410519875,2,7,2_7
6.971512,89.84277,31628,76561198410519875,2,7,2_7
7.0109863,89.32776,31629,76561198410519875,2,7,2_7
7.0309143,89.010895,31630,76561198410519875,2,7,2_7
7.0903015,88.2384,31631,76561198410519875,2,7,2_7
7.1297913,87.802734,31632,76561198410519875,2,7,2_7
7.209091,86.87198,31633,76561198410519875,2,7,2_7
7.2684937,86.41638,31634,76561198410519875,2,7,2_7
7.3673706,85.36685,31635,76561198410519875,2,7,2_7
7.486496,84.2775,31636,76561198410519875,2,7,2_7
7.5259705,83.8219,31637,76561198410519875,2,7,2_7
7.6248474,82.67316,31638,76561198410519875,2,7,2_7
7.7240753,81.56421,31639,76561198410519875,2,7,2_7
7.76355,80.96991,31640,76561198410519875,2,7,2_7
7.902252,79.603516,31641,76561198410519875,2,7,2_7
7.941742,79.0686,31642,76561198410519875,2,7,2_7
8.040955,77.86044,31643,76561198410519875,2,7,2_7
8.100357,76.63272,31644,76561198410519875,2,7,2_7
8.199234,75.127594,31645,76561198410519875,2,7,2_7
8.239059,74.6521,31646,76561198410519875,2,7,2_7
8.417236,73.22629,31647,76561198410519875,2,7,2_7
8.615341,71.93881,31648,76561198410519875,2,7,2_7
8.694305,71.265564,31649,76561198410519875,2,7,2_7
8.892395,69.740524,31650,76561198410519875,2,7,2_7
8.97171,69.14624,31651,76561198410519875,2,7,2_7
9.1698,67.621185,31652,76561198410519875,2,7,2_7
9.328079,66.27469,31653,76561198410519875,2,7,2_7
9.407379,65.6409,31654,76561198410519875,2,7,2_7
9.546082,64.21475,31655,76561198410519875,2,7,2_7
9.585571,63.699768,31656,76561198410519875,2,7,2_7
9.684784,62.472046,31657,76561198410519875,2,8,2_8
9.823486,61.402588,31658,76561198410519875,2,8,2_8
9.922363,60.7489,31659,76561198410519875,2,8,2_8
10.140381,59.580566,31660,76561198410519875,2,8,2_8
10.37796,58.4713,31661,76561198410519875,2,8,2_8
10.536224,57.81761,31662,76561198410519875,2,8,2_8
10.694855,57.243576,31663,76561198410519875,2,8,2_8
11.0512085,55.758026,31664,76561198410519875,2,8,2_8
11.170013,55.18364,31665,76561198410519875,2,8,2_8
11.526718,53.599213,31666,76561198410519875,2,8,2_8
11.803772,52.292175,31667,76561198410519875,2,8,2_8
12.001877,51.5197,31668,76561198410519875,2,8,2_8
12.437561,50.11345,31669,76561198410519875,2,8,2_8
12.972443,48.687622,31670,76561198410519875,2,8,2_8
13.289337,47.796356,31671,76561198410519875,2,8,2_8
13.982513,45.97435,31672,76561198410519875,2,8,2_8
14.616272,44.25122,31673,76561198410519875,2,8,2_8
14.992554,43.221252,31674,76561198410519875,2,8,2_8
15.705643,41.22104,31675,76561198410519875,2,8,2_8
16.458206,39.02275,31676,76561198410519875,2,8,2_8
16.834488,37.85408,31677,76561198410519875,2,8,2_8
17.448349,35.735092,31678,76561198410519875,2,8,2_8
18.002808,33.57628,31679,76561198410519875,2,8,2_8
18.220825,32.6651,31680,76561198410519875,2,8,2_8
18.497894,31.595642,31681,76561198410519875,2,8,2_8
18.53772,31.516693,31682,76561198410519875,2,8,2_8
18.577194,32.07115,31683,76561198410519875,2,8,2_8
18.557281,33.536804,31684,76561198410519875,2,8,2_8
18.53772,34.64572,31685,76561198410519875,2,8,2_8
18.497894,37.200745,31686,76561198410519875,2,8,2_8
18.517792,38.76526,31687,76561198410519875,2,8,2_8
18.695984,42.07283,31688,76561198410519875,2,8,2_8
19.191055,44.469223,31689,76561198410519875,2,9,2_9
19.527863,45.241364,31690,76561198410519875,2,9,2_9
20.161621,45.835648,31691,76561198410519875,2,9,2_9
20.75592,45.756348,31692,76561198410519875,2,9,2_9
21.092377,45.399963,31693,76561198410519875,2,9,2_9
21.825378,43.776062,31694,76561198410519875,2,9,2_9
22.122345,42.706604,31695,76561198410519875,2,9,2_9
22.577942,40.448578,31696,76561198410519875,2,9,2_9
22.894821,38.587067,31697,76561198410519875,2,9,2_9
23.01361,37.636414,31698,76561198410519875,2,9,2_9
23.152313,35.536987,31699,76561198410519875,2,9,2_9
22.974121,33.83377,31700,76561198410519875,2,9,2_9
22.756119,33.120697,31701,76561198410519875,2,9,2_9
22.181732,31.536255,31702,76561198410519875,2,9,2_9
21.686676,30.427322,31703,76561198410519875,2,9,2_9
20.419128,28.03093,31704,76561198410519875,2,9,2_9
19.54776,26.604767,31705,76561198410519875,2,9,2_9
18.002808,24.347076,31706,76561198410519875,2,9,2_9
17.230347,23.25772,31707,76561198410519875,2,9,2_9
16.101501,21.752594,31708,76561198410519875,2,9,2_9
15.626343,21.178207,31709,76561198410519875,2,9,2_9
14.814377,20.326767,31710,76561198410519875,2,9,2_9
14.39827,19.851257,31711,76561198410519875,2,9,2_9
13.388214,18.445007,31712,76561198410519875,2,9,2_9
12.893143,17.692444,31713,76561198410519875,2,9,2_9
12.081177,16.603424,31714,76561198410519875,2,9,2_9
11.803772,16.405334,31715,76561198410519875,2,9,2_9
11.526718,16.959808,31716,76561198410519875,2,9,2_9
11.526718,17.633057,31717,76561198410519875,2,9,2_9
11.66507,19.514801,31718,76561198410519875,2,9,2_9
11.7642975,20.663223,31719,76561198410519875,2,9,2_9
11.903,23.277618,31720,76561198410519875,2,9,2_9
-2.0794983,124.89258,55282,76561198410519875,3,1,3_1
-2.1588135,124.81326,55283,76561198410519875,3,1,3_1
-2.2576904,124.73395,55284,76561198410519875,3,1,3_1
-2.2975159,124.69449,55285,76561198410519875,3,1,3_1
-2.3963928,124.67456,55286,76561198410519875,3,1,3_1
-2.4163055,124.67456,55287,76561198410519875,3,1,3_1
-2.45578,124.67456,55288,76561198410519875,3,1,3_1
-2.475708,124.69449,55289,76561198410519875,3,1,3_1
-2.475708,124.69449,55290,76561198410519875,3,1,3_1
-2.4956055,124.69449,55291,76561198410519875,3,1,3_1
-2.4956055,124.69449,55292,76561198410519875,3,1,3_1
-2.4956055,124.69449,55293,76561198410519875,3,1,3_1
-2.4956055,124.69449,55294,76561198410519875,3,1,3_1
-2.4956055,124.69449,55295,76561198410519875,3,1,3_1
-2.4956055,124.69449,55296,76561198410519875,3,1,3_1
-2.4956055,124.69449,55297,76561198410519875,3,1,3_1
-2.4956055,124.69449,55298,76561198410519875,3,1,3_1
-2.4956055,124.69449,55299,76561198410519875,3,1,3_1
-2.4956055,124.69449,55300,76561198410519875,3,1,3_1
-2.4956055,124.69449,55301,76561198410519875,3,1,3_1
-2.4956055,124.69449,55302,76561198410519875,3,1,3_1
-2.4956055,124.69449,55303,76561198410519875,3,1,3_1
-2.4956055,124.69449,55304,76561198410519875,3,1,3_1
-2.4956055,124.69449,55305,76561198410519875,3,1,3_1
-2.4956055,124.69449,55306,76561198410519875,3,1,3_1
-2.4956055,124.69449,55307,76561198410519875,3,1,3_1
-2.4956055,124.69449,55308,76561198410519875,3,1,3_1
-2.4956055,124.69449,55309,76561198410519875,3,1,3_1
-2.4956055,124.69449,55310,76561198410519875,3,1,3_1
-2.4956055,124.69449,55311,76561198410519875,3,1,3_1
-2.4956055,124.69449,55312,76561198410519875,3,1,3_1
-2.4956055,124.69449,55313,76561198410519875,3,1,3_1
-2.4956055,124.69449,55314,76561198410519875,3,2,3_2
-2.4956055,124.69449,55315,76561198410519875,3,2,3_2
-2.4956055,124.69449,55316,76561198410519875,3,2,3_2
-2.4956055,124.69449,55317,76561198410519875,3,2,3_2
-2.4956055,124.69449,55318,76561198410519875,3,2,3_2
-2.4956055,124.69449,55319,76561198410519875,3,2,3_2
-2.4956055,124.69449,55320,76561198410519875,3,2,3_2
-2.4956055,124.69449,55321,76561198410519875,3,2,3_2
-2.4956055,124.69449,55322,76561198410519875,3,2,3_2
-2.4956055,124.69449,55323,76561198410519875,3,2,3_2
-2.475708,124.69449,55324,76561198410519875,3,2,3_2
-2.475708,124.69449,55325,76561198410519875,3,2,3_2
-2.4358826,124.655,55326,76561198410519875,3,2,3_2
-2.3963928,124.59561,55327,76561198410519875,3,2,3_2
-2.356903,124.4964,55328,76561198410519875,3,2,3_2
-2.3370056,124.41708,55329,76561198410519875,3,2,3_2
-2.2975159,124.29828,55330,76561198410519875,3,2,3_2
-2.2381287,124.10019,55331,76561198410519875,3,2,3_2
-2.1787262,123.88251,55332,76561198410519875,3,2,3_2
-2.118988,123.64496,55333,76561198410519875,3,2,3_2
-2.0596008,123.38745,55334,76561198410519875,3,2,3_2
-2.0400238,123.24875,55335,76561198410519875,3,2,3_2
-1.9806213,123.01117,55336,76561198410519875,3,2,3_2
-1.9407959,122.83264,55337,76561198410519875,3,2,3_2
-1.9013214,122.75366,55338,76561198410519875,3,2,3_2
-1.8814087,122.71387,55339,76561198410519875,3,2,3_2
-1.8618469,122.694275,55340,76561198410519875,3,2,3_2
-1.8618469,122.694275,55341,76561198410519875,3,2,3_2
-1.8618469,122.694275,55342,76561198410519875,3,2,3_2
-1.8618469,122.694275,55343,76561198410519875,3,2,3_2
-1.8618469,122.694275,55344,76561198410519875,3,2,3_2
-1.8618469,122.694275,55345,76561198410519875,3,2,3_2
-1.8618469,122.694275,55346,76561198410519875,3,3,3_3
-1.8618469,122.694275,55347,76561198410519875,3,3,3_3
-1.8618469,122.694275,55348,76561198410519875,3,3,3_3
-1.841919,122.65445,55349,76561198410519875,3,3,3_3
-1.8024445,122.61499,55350,76561198410519875,3,3,3_3
-1.762619,122.55557,55351,76561198410519875,3,3,3_3
-1.7427063,122.51575,55352,76561198410519875,3,3,3_3
-1.7032166,122.41687,55353,76561198410519875,3,3,3_3
-1.6637421,122.35748,55354,76561198410519875,3,3,3_3
-1.6239166,122.298096,55355,76561198410519875,3,3,3_3
-1.5844421,122.21878,55356,76561198410519875,3,3,3_3
-1.5449524,122.099976,55357,76561198410519875,3,3,3_3
-1.4852142,121.9812,55358,76561198410519875,3,3,3_3
-1.4258118,121.8425,55359,76561198410519875,3,3,3_3
-1.40625,121.76318,55360,76561198410519875,3,3,3_3
-1.3664246,121.66431,55361,76561198410519875,3,3,3_3
-1.3269348,121.58502,55362,76561198410519875,3,3,3_3
-1.3070374,121.54553,55363,76561198410519875,3,3,3_3
-1.2874603,121.50571,55364,76561198410519875,3,3,3_3
-1.2675476,121.486145,55365,76561198410519875,3,3,3_3
-1.2675476,121.46622,55366,76561198410519875,3,3,3_3
-1.2476349,121.44629,55367,76561198410519875,3,3,3_3
-1.2280579,121.40683,55368,76561198410519875,3,3,3_3
-1.1686707,121.367004,55369,76561198410519875,3,3,3_3
-1.1487579,121.327515,55370,76561198410519875,3,3,3_3
-1.1089325,121.288025,55371,76561198410519875,3,3,3_3
-1.069458,121.22864,55372,76561198410519875,3,3,3_3
-1.0100555,121.14932,55373,76561198410519875,3,3,3_3
-0.9506531,121.07001,55374,76561198410519875,3,3,3_3
-0.8517761,120.97113,55375,76561198410519875,3,3,3_3
-0.7525635,120.83246,55376,76561198410519875,3,3,3_3
-0.6536865,120.71365,55377,76561198410519875,3,3,3_3
-0.5942993,120.61444,55378,76561198410519875,3,4,3_4
-0.4751587,120.39676,55379,76561198410519875,3,4,3_4
-0.336792,120.13928,55380,76561198410519875,3,4,3_4
-0.1980896,119.881775,55381,76561198410519875,3,4,3_4
-0.079315186,119.6243,55382,76561198410519875,3,4,3_4
0.039489746,119.36679,55383,76561198410519875,3,4,3_4
0.1387024,119.1687,55384,76561198410519875,3,4,3_4
0.23757935,119.01044,55385,76561198410519875,3,4,3_4
0.2774048,118.95105,55386,76561198410519875,3,4,3_4
0.39619446,118.871735,55387,76561198410519875,3,4,3_4
0.51498413,118.85181,55388,76561198410519875,3,4,3_4
0.6536865,118.97061,55389,76561198410519875,3,4,3_4
0.71307373,119.109314,55390,76561198410519875,3,4,3_4
0.71307373,119.109314,55391,76561198410519875,3,4,3_4
0.71307373,119.109314,55392,76561198410519875,3,4,3_4
0.71307373,119.109314,55393,76561198410519875,3,4,3_4
0.71307373,119.109314,55394,76561198410519875,3,4,3_4
0.71307373,119.109314,55395,76561198410519875,3,4,3_4
0.71307373,119.109314,55396,76561198410519875,3,4,3_4
0.71307373,119.109314,55397,76561198410519875,3,4,3_4
0.71307373,119.109314,55398,76561198410519875,3,4,3_4
0.71307373,119.109314,55399,76561198410519875,3,4,3_4
0.71307373,119.109314,55400,76561198410519875,3,4,3_4
0.71307373,119.109314,55401,76561198410519875,3,4,3_4
0.71307373,119.109314,55402,76561198410519875,3,4,3_4
0.71307373,119.109314,55403,76561198410519875,3,4,3_4
0.71307373,119.109314,55404,76561198410519875,3,4,3_4
0.6337738,118.93112,55405,76561198410519875,3,4,3_4
0.6138611,118.55484,55406,76561198410519875,3,4,3_4
0.6732483,118.29736,55407,76561198410519875,3,4,3_4
0.7525635,118.09924,55408,76561198410519875,3,4,3_4
0.7920532,118.039856,55409,76561198410519875,3,4,3_4
0.9111786,118.05975,55410,76561198410519875,3,5,3_5
1.0299683,118.15863,55411,76561198410519875,3,5,3_5
1.1686707,118.29736,55412,76561198410519875,3,5,3_5
1.3468628,118.436035,55413,76561198410519875,3,5,3_5
1.4258118,118.53491,55414,76561198410519875,3,5,3_5
1.6043396,118.77252,55415,76561198410519875,3,5,3_5
1.7427063,119.01044,55416,76561198410519875,3,5,3_5
1.841919,119.20853,55417,76561198410519875,3,5,3_5
1.8814087,119.287476,55418,76561198410519875,3,5,3_5
1.9607239,119.42621,55419,76561198410519875,3,5,3_5
2.0001984,119.52542,55420,76561198410519875,3,5,3_5
2.0400238,119.66376,55421,76561198410519875,3,5,3_5
2.0794983,119.80249,55422,76561198410519875,3,5,3_5
2.0794983,119.86188,55423,76561198410519875,3,5,3_5
2.1389008,120.079895,55424,76561198410519875,3,5,3_5
2.1983032,120.33737,55425,76561198410519875,3,5,3_5
2.2975159,120.61444,55426,76561198410519875,3,5,3_5
2.4163055,120.931335,55427,76561198410519875,3,5,3_5
2.5350952,121.2482,55428,76561198410519875,3,5,3_5
2.5944824,121.40683,55429,76561198410519875,3,5,3_5
2.6933594,121.74362,55430,76561198410519875,3,5,3_5
2.8320618,122.35748,55431,76561198410519875,3,5,3_5
2.8914642,122.65445,55432,76561198410519875,3,5,3_5
2.9906921,123.11005,55433,76561198410519875,3,5,3_5
3.0500793,123.585205,55434,76561198410519875,3,5,3_5
3.089569,124.1994,55435,76561198410519875,3,5,3_5
3.089569,124.97156,55436,76561198410519875,3,5,3_5
3.069641,125.40756,55437,76561198410519875,3,5,3_5
3.0301666,126.397705,55438,76561198410519875,3,5,3_5
3.0301666,127.15027,55439,76561198410519875,3,5,3_5
3.0500793,127.54645,55440,76561198410519875,3,5,3_5
3.0500793,127.605865,55441,76561198410519875,3,5,3_5
3.0301666,127.56604,55442,76561198410519875,3,6,3_6
3.010254,127.56604,55443,76561198410519875,3,6,3_6
3.010254,127.56604,55444,76561198410519875,3,6,3_6
3.010254,127.56604,55445,76561198410519875,3,6,3_6
3.010254,127.56604,55446,76561198410519875,3,6,3_6
3.010254,127.56604,55447,76561198410519875,3,6,3_6
3.010254,127.407776,55448,76561198410519875,3,6,3_6
2.9906921,127.07095,55449,76561198410519875,3,6,3_6
3.1489563,125.387634,55450,76561198410519875,3,6,3_6
3.168869,124.10019,55451,76561198410519875,3,6,3_6
3.2876587,122.971344,55452,76561198410519875,3,6,3_6
3.4459229,121.82257,55453,76561198410519875,3,6,3_6
3.5650635,120.73358,55454,76561198410519875,3,6,3_6
3.6838531,119.842285,55455,76561198410519875,3,6,3_6
3.78273,119.1687,55456,76561198410519875,3,6,3_6
3.881958,118.73303,55457,76561198410519875,3,6,3_6
3.9413452,118.55484,55458,76561198410519875,3,6,3_6
3.980835,118.49545,55459,76561198410519875,3,6,3_6
4.0203094,118.57477,55460,76561198410519875,3,6,3_6
4.079712,118.77286,55461,76561198410519875,3,6,3_6
4.1195374,119.069824,55462,76561198410519875,3,6,3_6
4.1988373,119.446106,55463,76561198410519875,3,6,3_6
4.2778015,119.86188,55464,76561198410519875,3,6,3_6
4.3371887,120.13928,55465,76561198410519875,3,6,3_6
4.4364166,120.65427,55466,76561198410519875,3,6,3_6
4.5552063,121.2482,55467,76561198410519875,3,6,3_6
4.7134705,121.86243,55468,76561198410519875,3,6,3_6
4.8919983,122.535675,55469,76561198410519875,3,6,3_6
5.089752,123.308136,55470,76561198410519875,3,6,3_6
5.2483826,124.27838,55471,76561198410519875,3,6,3_6
5.387085,125.36774,55472,76561198410519875,3,6,3_6
5.446472,126.04132,55473,76561198410519875,3,6,3_6
5.5851746,127.42767,55474,76561198410519875,3,7,3_7
5.7434387,128.85349,55475,76561198410519875,3,7,3_7
5.882141,130.41803,55476,76561198410519875,3,7,3_7
6.0208435,132.08176,55477,76561198410519875,3,7,3_7
6.080246,133.01251,55478,76561198410519875,3,7,3_7
6.258423,134.99313,55479,76561198410519875,3,7,3_7
6.4764404,136.97375,55480,76561198410519875,3,7,3_7
6.7335815,139.29083,55481,76561198410519875,3,7,3_7
6.892212,140.6178,55482,76561198410519875,3,7,3_7
7.1891785,143.03409,55483,76561198410519875,3,7,3_7
7.4466705,145.68799,55484,76561198410519875,3,7,3_7
7.56546,146.93561,55485,76561198410519875,3,7,3_7
7.8229523,150.10449,55486,76561198410519875,3,7,3_7
8.040955,152.97638,55487,76561198410519875,3,7,3_7
8.139832,155.98663,55488,76561198410519875,3,7,3_7
8.080444,158.48224,55489,76561198410519875,3,7,3_7
8.021057,160.10617,55490,76561198410519875,3,7,3_7
7.8229523,162.64127,55491,76561198410519875,3,7,3_7
7.4665833,164.93842,55492,76561198410519875,3,7,3_7
7.229004,166.12701,55493,76561198410519875,3,7,3_7
6.8128967,168.00842,55494,76561198410519875,3,7,3_7
6.614807,168.80048,55495,76561198410519875,3,7,3_7
6.258423,170.22662,55496,76561198410519875,3,7,3_7
6.1001587,171.57315,55497,76561198410519875,3,7,3_7
6.0603333,172.50424,55498,76561198410519875,3,7,3_7
6.080246,174.97992,55499,76561198410519875,3,7,3_7
6.1396484,176.34637,55500,76561198410519875,3,7,3_7
6.496002,179.09912,55501,76561198410519875,3,7,3_7
6.773407,-179.6529,55502,76561198410519875,3,7,3_7
7.2684937,-178.08838,55503,76561198410519875,3,7,3_7
7.6052856,-177.49443,55504,76561198410519875,3,7,3_7
8.139832,-177.09824,55505,76561198410519875,3,7,3_7
8.397339,-176.99902,55506,76561198410519875,3,8,3_8
8.654816,-176.97945,55507,76561198410519875,3,8,3_8
8.754044,-176.97945,55508,76561198410519875,3,8,3_8
8.852921,-176.99902,55509,76561198410519875,3,8,3_8
8.852921,-176.99902,55510,76561198410519875,3,8,3_8
8.852921,-177.03885,55511,76561198410519875,3,8,3_8
8.872833,-177.35573,55512,76561198410519875,3,8,3_8
8.872833,-177.5339,55513,76561198410519875,3,8,3_8
8.872833,-177.5339,55514,76561198410519875,3,8,3_8
8.872833,-177.5339,55515,76561198410519875,3,8,3_8
8.912323,-177.5339,55516,76561198410519875,3,8,3_8
8.97171,-177.49443,55517,76561198410519875,3,8,3_8
9.1698,-177.21703,55518,76561198410519875,3,8,3_8
9.249115,-177.13773,55519,76561198410519875,3,8,3_8
9.407379,-177.1178,55520,76561198410519875,3,8,3_8
9.447205,-177.23694,55521,76561198410519875,3,8,3_8
9.506607,-177.77148,55522,76561198410519875,3,8,3_8
9.526184,-178.1677,55523,76561198410519875,3,8,3_8
9.625397,-179.37584,55524,76561198410519875,3,8,3_8
9.764099,179.53516,55525,76561198410519875,3,8,3_8
9.922363,178.26758,55526,76561198410519875,3,8,3_8
10.219345,175.39569,55527,76561198410519875,3,8,3_8
10.318573,174.08868,55528,76561198410519875,3,8,3_8
10.516663,171.81107,55529,76561198410519875,3,8,3_8
10.635452,170.54352,55530,76561198410519875,3,8,3_8
10.813629,168.08774,55531,76561198410519875,3,8,3_8
10.912506,166.72095,55532,76561198410519875,3,8,3_8
10.912506,165.79022,55533,76561198410519875,3,8,3_8
10.912506,163.39383,55534,76561198410519875,3,8,3_8
10.892944,162.36386,55535,76561198410519875,3,8,3_8
10.813629,160.16556,55536,76561198410519875,3,8,3_8
10.754242,158.60104,55537,76561198410519875,3,8,3_8
10.635452,157.13538,55538,76561198410519875,3,9,3_9
10.397873,154.7984,55539,76561198410519875,3,9,3_9
10.120468,152.1246,55540,76561198410519875,3,9,3_9
10.120468,152.1246,55541,76561198410519875,3,9,3_9
9.902466,148.59937,55542,76561198410519875,3,9,3_9
9.684784,145.1929,55543,76561198410519875,3,9,3_9
9.546082,142.12292,55544,76561198410519875,3,9,3_9
9.546082,142.12292,55545,76561198410519875,3,9,3_9
9.605484,138.59769,55546,76561198410519875,3,9,3_9
9.902466,135.01306,55547,76561198410519875,3,9,3_9
10.37796,130.77472,55548,76561198410519875,3,9,3_9
10.932434,126.95218,55549,76561198410519875,3,9,3_9
11.368103,123.36755,55550,76561198410519875,3,9,3_9
11.7642975,118.75293,55551,76561198410519875,3,9,3_9
12.041702,115.22769,55552,76561198410519875,3,9,3_9
12.318756,112.890686,55553,76561198410519875,3,9,3_9
12.813843,109.464355,55554,76561198410519875,3,9,3_9
13.07132,107.86035,55555,76561198410519875,3,9,3_9
13.546829,104.829834,55556,76561198410519875,3,9,3_9
13.784409,103.24573,55557,76561198410519875,3,9,3_9
14.200165,99.898346,55558,76561198410519875,3,9,3_9
14.418182,97.204956,55559,76561198410519875,3,9,3_9
14.635849,94.61047,55560,76561198410519875,3,9,3_9
14.794464,93.44214,55561,76561198410519875,3,9,3_9
15.051956,91.46152,55562,76561198410519875,3,9,3_9
15.111359,90.84766,55563,76561198410519875,3,9,3_9
15.091431,90.926636,55564,76561198410519875,3,9,3_9
15.012131,91.18411,55565,76561198410519875,3,9,3_9
14.517059,92.45166,55566,76561198410519875,3,9,3_9
13.685532,93.778625,55567,76561198410519875,3,9,3_9
13.011932,94.45221,55568,76561198410519875,3,9,3_9
11.229401,95.798706,55569,76561198410519875,3,9,3_9
6.8328094,106.22098,19243,76561198410519875,4,1,4_1
7.1891785,107.19153,19244,76561198410519875,4,1,4_1
7.6052856,108.3403,19245,76561198410519875,4,1,4_1
7.8627777,109.56802,19246,76561198410519875,4,1,4_1
8.040955,110.97427,19247,76561198410519875,4,1,4_1
8.139832,111.66745,19248,76561198410519875,4,1,4_1
8.278534,112.935,19249,76561198410519875,4,1,4_1
8.417236,114.14313,19250,76561198410519875,4,1,4_1
8.555939,114.75702,19251,76561198410519875,4,1,4_1
8.674744,115.034424,19252,76561198410519875,4,1,4_1
8.773621,114.975006,19253,76561198410519875,4,1,4_1
8.833008,114.77692,19254,76561198410519875,4,1,4_1
8.892395,113.72705,19255,76561198410519875,4,1,4_1
8.833008,112.0238,19256,76561198410519875,4,1,4_1
8.793518,110.20178,19257,76561198410519875,4,1,4_1
8.754044,108.1817,19258,76561198410519875,4,1,4_1
8.694305,105.80521,19259,76561198410519875,4,1,4_1
8.674744,104.75531,19260,76561198410519875,4,1,4_1
8.575516,102.31946,19261,76561198410519875,4,1,4_1
8.555939,100.517,19262,76561198410519875,4,1,4_1
8.536041,99.526855,19263,76561198410519875,4,1,4_1
8.536041,98.97241,19264,76561198410519875,4,1,4_1
8.536041,98.59613,19265,76561198410519875,4,1,4_1
8.437164,98.33862,19266,76561198410519875,4,1,4_1
8.377411,98.23941,19267,76561198410519875,4,1,4_1
8.199234,97.922516,19268,76561198410519875,4,1,4_1
8.100357,97.467285,19269,76561198410519875,4,1,4_1
8.021057,96.59558,19270,76561198410519875,4,1,4_1
7.9815674,95.50656,19271,76561198410519875,4,1,4_1
7.9616547,94.39728,19272,76561198410519875,4,1,4_1
7.9616547,93.94168,19273,76561198410519875,4,1,4_1
7.9815674,93.92212,19274,76561198410519875,4,1,4_1
8.060532,93.842804,19275,76561198410519875,4,2,4_2
8.278534,93.42706,19276,76561198410519875,4,2,4_2
8.437164,92.41666,19277,76561198410519875,4,2,4_2
8.456726,91.72348,19278,76561198410519875,4,2,4_2
8.357849,90.29767,19279,76561198410519875,4,2,4_2
8.199234,89.4064,19280,76561198410519875,4,2,4_2
8.040955,89.08951,19281,76561198410519875,4,2,4_2
7.9616547,89.129,19282,76561198410519875,4,2,4_2
7.842865,89.545105,19283,76561198410519875,4,2,4_2
7.6052856,90.61456,19284,76561198410519875,4,2,4_2
7.229004,92.436554,19285,76561198410519875,4,2,4_2
6.773407,94.71417,19286,76561198410519875,4,2,4_2
6.337738,96.71472,19287,76561198410519875,4,2,4_2
5.8426666,98.77429,19288,76561198410519875,4,2,4_2
5.3276825,100.61621,19289,76561198410519875,4,2,4_2
5.030365,101.64584,19290,76561198410519875,4,2,4_2
4.5352936,103.4682,19291,76561198410519875,4,2,4_2
4.1988373,104.795166,19292,76561198410519875,4,2,4_2
3.8421326,105.6864,19293,76561198410519875,4,2,4_2
3.6838531,105.92401,19294,76561198410519875,4,2,4_2
3.3075714,106.32019,19295,76561198410519875,4,2,4_2
3.089569,106.438965,19296,76561198410519875,4,2,4_2
2.9906921,106.49838,19297,76561198410519875,4,2,4_2
2.9707642,106.49838,19298,76561198410519875,4,2,4_2
2.9508667,106.49838,19299,76561198410519875,4,2,4_2
2.911377,106.45856,19300,76561198410519875,4,2,4_2
2.911377,106.45856,19301,76561198410519875,4,2,4_2
2.911377,106.45856,19302,76561198410519875,4,2,4_2
2.911377,106.45856,19303,76561198410519875,4,2,4_2
2.911377,106.45856,19304,76561198410519875,4,2,4_2
2.911377,106.45856,19305,76561198410519875,4,2,4_2
2.911377,106.39917,19306,76561198410519875,4,2,4_2
2.9508667,105.92401,19307,76561198410519875,4,3,4_3
2.9906921,105.13159,19308,76561198410519875,4,3,4_3
3.1489563,104.28015,19309,76561198410519875,4,3,4_3
3.248169,103.88397,19310,76561198410519875,4,3,4_3
3.525238,103.13141,19311,76561198410519875,4,3,4_3
3.7628174,102.31946,19312,76561198410519875,4,3,4_3
3.9015198,101.52707,19313,76561198410519875,4,3,4_3
3.960907,100.91321,19314,76561198410519875,4,3,4_3
3.960907,100.47754,19315,76561198410519875,4,3,4_3
3.9015198,100.10126,19316,76561198410519875,4,3,4_3
3.86203,100.002014,19317,76561198410519875,4,3,4_3
3.86203,100.002014,19318,76561198410519875,4,3,4_3
3.86203,100.002014,19319,76561198410519875,4,3,4_3
3.881958,100.002014,19320,76561198410519875,4,3,4_3
3.980835,100.121155,19321,76561198410519875,4,3,4_3
4.159012,100.338806,19322,76561198410519875,4,3,4_3
4.495819,100.45761,19323,76561198410519875,4,3,4_3
4.9115753,99.98245,19324,76561198410519875,4,3,4_3
5.2284546,98.912994,19325,76561198410519875,4,3,4_3
5.545349,97.28876,19326,76561198410519875,4,3,4_3
5.902069,95.54602,19327,76561198410519875,4,3,4_3
6.278351,93.684204,19328,76561198410519875,4,3,4_3
6.7335815,91.52573,19329,76561198410519875,4,3,4_3
7.229004,89.2876,19330,76561198410519875,4,3,4_3
7.7041626,87.14871,19331,76561198410519875,4,3,4_3
8.258636,84.79181,19332,76561198410519875,4,3,4_3
8.773621,82.593506,19333,76561198410519875,4,3,4_3
9.466782,79.46411,19334,76561198410519875,4,3,4_3
9.981766,76.96884,19335,76561198410519875,4,3,4_3
10.298645,75.42389,19336,76561198410519875,4,3,4_3
10.774155,73.225586,19337,76561198410519875,4,3,4_3
11.486893,70.29431,19338,76561198410519875,4,3,4_3
11.962402,68.47229,19339,76561198410519875,4,4,4_4
12.417984,66.70967,19340,76561198410519875,4,4,4_4
12.87323,64.92714,19341,76561198410519875,4,4,4_4
13.289337,63.28331,19342,76561198410519875,4,4,4_4
13.645706,61.976288,19343,76561198410519875,4,4,4_4
13.982513,60.886917,19344,76561198410519875,4,4,4_4
14.358795,59.678772,19345,76561198410519875,4,4,4_4
14.536972,59.164124,19346,76561198410519875,4,4,4_4
14.655762,58.82733,19347,76561198410519875,4,4,4_4
14.735077,58.68863,19348,76561198410519875,4,4,4_4
14.754974,58.708527,19349,76561198410519875,4,4,4_4
14.774551,58.84723,19350,76561198410519875,4,4,4_4
14.774551,59.06491,19351,76561198410519875,4,4,4_4
14.695587,59.579895,19352,76561198410519875,4,4,4_4
14.635849,59.976074,19353,76561198410519875,4,4,4_4
14.5963745,60.41176,19354,76561198410519875,4,4,4_4
14.5963745,60.986145,19355,76561198410519875,4,4,4_4
14.5963745,62.174377,19356,76561198410519875,4,4,4_4
14.675674,63.12503,19357,76561198410519875,4,4,4_4
14.814377,64.055786,19358,76561198410519875,4,4,4_4
15.111359,65.38272,19359,76561198410519875,4,4,4_4
15.507538,66.907776,19360,76561198410519875,4,4,4_4
16.160889,68.947784,19361,76561198410519875,4,4,4_4
16.438293,69.720276,19362,76561198410519875,4,4,4_4
17.170944,71.819336,19363,76561198410519875,4,4,4_4
17.963333,74.03755,19364,76561198410519875,4,4,4_4
18.894073,76.45386,19365,76561198410519875,4,4,4_4
20.419128,80.23657,19366,76561198410519875,4,4,4_4
21.429169,82.6134,19367,76561198410519875,4,4,4_4
22.657242,85.34625,19368,76561198410519875,4,4,4_4
23.805664,87.72308,19369,76561198410519875,4,4,4_4
24.954407,89.862,19370,76561198410519875,4,4,4_4
26.023865,91.68399,19371,76561198410519875,4,5,4_5
27.014343,93.22894,19372,76561198410519875,4,5,4_5
27.82631,94.35779,19373,76561198410519875,4,5,4_5
28.658173,95.44714,19374,76561198410519875,4,5,4_5
29.37091,96.33844,19375,76561198410519875,4,5,4_5
29.806595,96.69479,19376,76561198410519875,4,5,4_5
29.905823,96.69479,19377,76561198410519875,4,5,4_5
30.0047,96.33844,19378,76561198410519875,4,5,4_5
29.92572,95.40735,19379,76561198410519875,4,5,4_5
29.687805,94.258575,19380,76561198410519875,4,5,4_5
29.410736,93.169556,19381,76561198410519875,4,5,4_5
28.79654,91.26825,19382,76561198410519875,4,5,4_5
28.400696,90.21835,19383,76561198410519875,4,5,4_5
27.984589,89.346985,19384,76561198410519875,4,5,4_5
27.568817,88.65384,19385,76561198410519875,4,5,4_5
27.11322,88.00015,19386,76561198410519875,4,5,4_5
26.578674,87.326904,19387,76561198410519875,4,5,4_5
26.06369,86.732605,19388,76561198410519875,4,5,4_5
25.449493,86.21796,19389,76561198410519875,4,5,4_5
24.796143,85.881165,19390,76561198410519875,4,5,4_5
23.786087,85.74246,19391,76561198410519875,4,5,4_5
22.954224,85.78192,19392,76561198410519875,4,5,4_5
22.062958,85.96045,19393,76561198410519875,4,5,4_5
21.132202,86.17813,19394,76561198410519875,4,5,4_5
20.161621,86.37622,19395,76561198410519875,4,5,4_5
19.15158,86.55441,19396,76561198410519875,4,5,4_5
18.102036,86.79233,19397,76561198410519875,4,5,4_5
16.953278,87.2081,19398,76561198410519875,4,5,4_5
15.962799,87.6637,19399,76561198410519875,4,5,4_5
14.833954,88.41626,19400,76561198410519875,4,5,4_5
13.804321,89.4263,19401,76561198410519875,4,5,4_5
13.308899,90.04016,19402,76561198410519875,4,5,4_5
12.298859,91.70392,19403,76561198410519875,4,6,4_6
11.526718,93.407135,19404,76561198410519875,4,6,4_6
10.754242,95.050964,19405,76561198410519875,4,6,4_6
10.754242,95.050964,19406,76561198410519875,4,6,4_6
10.754242,95.050964,19407,76561198410519875,4,6,4_6
10.754242,95.050964,19408,76561198410519875,4,6,4_6
10.754242,95.050964,19409,76561198410519875,4,6,4_6
10.754242,95.050964,19410,76561198410519875,4,6,4_6
10.754242,95.050964,19411,76561198410519875,4,6,4_6
10.754242,95.050964,19412,76561198410519875,4,6,4_6
10.754242,95.050964,19413,76561198410519875,4,6,4_6
10.754242,95.050964,19414,76561198410519875,4,6,4_6
10.754242,95.050964,19415,76561198410519875,4,6,4_6
10.754242,95.050964,19416,76561198410519875,4,6,4_6
10.754242,95.050964,19417,76561198410519875,4,6,4_6
10.754242,95.050964,19418,76561198410519875,4,6,4_6
10.754242,95.050964,19419,76561198410519875,4,6,4_6
10.754242,95.050964,19420,76561198410519875,4,6,4_6
10.655029,94.99158,19421,76561198410519875,4,6,4_6
9.764099,94.59537,19422,76561198410519875,4,6,4_6
8.714218,94.47659,19423,76561198410519875,4,6,4_6
7.8229523,94.67468,19424,76561198410519875,4,6,4_6
6.991089,95.34793,19425,76561198410519875,4,6,4_6
6.258423,96.358,19426,76561198410519875,4,6,4_6
5.5851746,97.64545,19427,76561198410519875,4,6,4_6
4.9514008,98.97241,19428,76561198410519875,4,6,4_6
4.2582397,100.358734,19429,76561198410519875,4,6,4_6
3.3669739,101.982666,19430,76561198410519875,4,6,4_6
2.9707642,102.616425,19431,76561198410519875,4,6,4_6
1.9806213,104.14148,19432,76561198410519875,4,6,4_6
1.5449524,104.75531,19433,76561198410519875,4,6,4_6
0.51498413,106.33975,19434,76561198410519875,4,6,4_6
-0.1387024,107.36972,19435,76561198410519875,4,7,4_7
-0.6536865,108.2016,19436,76561198410519875,4,7,4_7
-1.069458,108.91467,19437,76561198410519875,4,7,4_7
-1.4852142,109.76611,19438,76561198410519875,4,7,4_7
-1.6637421,110.301025,19439,76561198410519875,4,7,4_7
-1.8814087,111.152466,19440,76561198410519875,4,7,4_7
-2.0794983,112.10312,19441,76561198410519875,4,7,4_7
-2.1787262,113.033875,19442,76561198410519875,4,7,4_7
-2.1983032,113.84616,19443,76561198410519875,4,7,4_7
-2.1983032,114.53934,19444,76561198410519875,4,7,4_7
-2.0794983,115.07388,19445,76561198410519875,4,7,4_7
-1.9013214,115.54938,19446,76561198410519875,4,7,4_7
-1.6833191,116.06439,19447,76561198410519875,4,7,4_7
-1.4656372,116.67822,19448,76561198410519875,4,7,4_7
-1.2280579,117.3515,19449,76561198410519875,4,7,4_7
-0.9901428,118.16345,19450,76561198410519875,4,7,4_7
-0.69317627,118.97577,19451,76561198410519875,4,7,4_7
-0.41577148,119.668915,19452,76561198410519875,4,7,4_7
-0.14660645,120.25293,19453,76561198410519875,4,7,4_7
0.040863037,120.65082,19454,76561198410519875,4,7,4_7
0.18333435,120.94507,19455,76561198410519875,4,7,4_7
0.29766846,121.235504,19456,76561198410519875,4,7,4_7
0.412323,121.5524,19457,76561198410519875,4,7,4_7
0.5091553,121.83392,19458,76561198410519875,4,7,4_7
0.5970459,122.0715,19459,76561198410519875,4,7,4_7
0.6763458,122.23871,19460,76561198410519875,4,7,4_7
0.7467346,122.35336,19461,76561198410519875,4,7,4_7
0.76423645,122.39731,19462,76561198410519875,4,7,4_7
0.76423645,122.39731,19463,76561198410519875,4,7,4_7
0.76423645,122.39731,19464,76561198410519875,4,7,4_7
0.76423645,122.39731,19465,76561198410519875,4,7,4_7
0.77316284,122.39731,19466,76561198410519875,4,7,4_7
0.79959106,122.51163,19467,76561198410519875,4,8,4_8
0.82603455,122.67026,19468,76561198410519875,4,8,4_8
0.86105347,122.811005,19469,76561198410519875,4,8,4_8
0.8874817,122.94284,19470,76561198410519875,4,8,4_8
0.92285156,123.11038,19471,76561198410519875,4,8,4_8
0.9578705,123.32153,19472,76561198410519875,4,8,4_8
1.0196686,123.63843,19473,76561198410519875,4,8,4_8
1.1075592,124.025696,19474,76561198410519875,4,8,4_8
1.2218933,124.545135,19475,76561198410519875,4,8,4_8
1.354065,125.11713,19476,76561198410519875,4,8,4_8
1.4773254,125.65405,19477,76561198410519875,4,8,4_8
1.6091614,126.26141,19478,76561198410519875,4,8,4_8
1.8117065,127.10666,19479,76561198410519875,4,8,4_8
1.934967,127.61719,19480,76561198410519875,4,8,4_8
2.0407104,128.10126,19481,76561198410519875,4,8,4_8
2.1196747,128.49713,19482,76561198410519875,4,8,4_8
2.2079163,128.91974,19483,76561198410519875,4,8,4_8
2.2343445,128.98157,19484,76561198410519875,4,8,4_8
2.2607727,128.97263,19485,76561198410519875,4,8,4_8
2.2607727,128.97263,19486,76561198410519875,4,8,4_8
2.2607727,128.97263,19487,76561198410519875,4,8,4_8
2.2607727,128.97263,19488,76561198410519875,4,8,4_8
2.2607727,128.97263,19489,76561198410519875,4,8,4_8
2.2607727,128.97263,19490,76561198410519875,4,8,4_8
2.2607727,128.97263,19491,76561198410519875,4,8,4_8
2.2607727,128.97263,19492,76561198410519875,4,8,4_8
2.2607727,128.97263,19493,76561198410519875,4,8,4_8
2.2607727,128.97263,19494,76561198410519875,4,8,4_8
2.2607727,128.97263,19495,76561198410519875,4,8,4_8
2.2607727,128.97263,19496,76561198410519875,4,8,4_8
2.2607727,128.97263,19497,76561198410519875,4,8,4_8
2.128601,128.92868,19498,76561198410519875,4,8,4_8
2.0053406,128.97263,19499,76561198410519875,4,9,4_9
1.9085388,129.08694,19500,76561198410519875,4,9,4_9
1.8027954,129.31595,19501,76561198410519875,4,9,4_9
1.7059631,129.57996,19502,76561198410519875,4,9,4_9
1.5741272,129.8529,19503,76561198410519875,4,9,4_9
1.3804932,130.15195,19504,76561198410519875,4,9,4_9
1.2308044,130.2752,19505,76561198410519875,4,9,4_9
1.0900574,130.35449,19506,76561198410519875,4,9,4_9
0.931427,130.41629,19507,76561198410519875,4,9,4_9
0.64990234,130.53064,19508,76561198410519875,4,9,4_9
0.4209137,130.65387,19509,76561198410519875,4,9,4_9
0.18333435,130.80356,19510,76561198410519875,4,9,4_9
-0.036743164,130.92648,19511,76561198410519875,4,9,4_9
-0.23928833,131.01471,19512,76561198410519875,4,9,4_9
-0.39756775,131.05865,19513,76561198410519875,4,9,4_9
-0.61764526,131.12045,19514,76561198410519875,4,9,4_9
-0.7762451,131.19083,19515,76561198410519875,4,9,4_9
-0.8995056,131.26123,19516,76561198410519875,4,9,4_9
-1.0049133,131.3316,19517,76561198410519875,4,9,4_9
-1.0842133,131.38446,19518,76561198410519875,4,9,4_9
-1.1281586,131.40198,19519,76561198410519875,4,9,4_9
-1.1281586,131.40198,19520,76561198410519875,4,9,4_9
-1.1281586,131.40198,19521,76561198410519875,4,9,4_9
-1.1281586,131.40198,19522,76561198410519875,4,9,4_9
-1.1195679,131.40198,19523,76561198410519875,4,9,4_9
-1.0842133,131.40198,19524,76561198410519875,4,9,4_9
-1.0667114,131.39307,19525,76561198410519875,4,9,4_9
-1.0488586,131.38446,19526,76561198410519875,4,9,4_9
-1.0227661,131.34018,19527,76561198410519875,4,9,4_9
-1.0138245,131.26123,19528,76561198410519875,4,9,4_9
-1.0667114,131.12045,19529,76561198410519875,4,9,4_9
-1.2164001,130.90039,19530,76561198410519875,4,9,4_9
