tick,pitch,yaw,steamid,label,pitch_velocity,yaw_velocity,pitch_acceleration,yaw_acceleration,pitch_jerk,yaw_jerk,cumulative_pitch,cumulative_yaw,pitch_mean,pitch_std,pitch_min,pitch_max,pitch_range,yaw_mean,yaw_std,yaw_min,yaw_max,yaw_range
25966,2.9975586,-95.19756,76561199470374288,0,0.0,-0.3299299999999903,0.027465799999999874,-0.08239399999997943,0.05493159999999975,0.08274800000003779,12.045166,-379.222984,2.000044600463333,1.8360029425489295,-0.0995636,5.5274963,5.6270599,-29.68130963634666,42.85343037883049,-106.52756,7.0477295,113.5752895
25967,2.9700928,-95.252495,76561199470374288,0,-0.027465799999999874,-0.0549350000000004,-0.027465799999999874,0.2749949999999899,-0.05493159999999975,0.3573889999999693,15.0152588,-474.475479,2.000044600463333,1.8360029425489295,-0.0995636,5.5274963,5.6270599,-29.68130963634666,42.85343037883049,-106.52756,7.0477295,113.5752895
25968,2.9700928,-95.252495,76561199470374288,0,0.0,0.0,0.027465799999999874,0.0549350000000004,0.05493159999999975,-0.2200599999999895,17.9853516,-569.727974,2.000044600463333,1.8360029425489295,-0.0995636,5.5274963,5.6270599,-29.68130963634666,42.85343037883049,-106.52756,7.0477295,113.5752895
25969,2.9700928,-95.27996,76561199470374288,0,0.0,-0.027465000000006512,0.0,-0.027465000000006512,-0.027465799999999874,-0.08240000000000691,20.9554444,-665.007934,2.000044600463333,1.8360029425489295,-0.0995636,5.5274963,5.6270599,-29.68130963634666,42.85343037883049,-106.52756,7.0477295,113.5752895
25970,2.9700928,-95.27996,76561199470374288,0,0.0,0.0,0.0,0.027465000000006512,0.0,0.054930000000013024,23.9255372,-760.2878939999999,2.000044600463333,1.8360029425489295,-0.0995636,5.5274963,5.6270599,-29.68130963634666,42.85343037883049,-106.52756,7.0477295,113.5752895
25971,2.9700928,-95.27996,76561199470374288,0,0.0,0.0,0.0,0.0,0.0,-0.027465000000006512,26.89563,-855.5678539999999,2.000044600463333,1.8360029425489295,-0.0995636,5.5274963,5.6270599,-29.68130963634666,42.85343037883049,-106.52756,7.0477295,113.5752895
25972,2.9700928,-95.27996,76561199470374288,0,0.0,0.0,0.0,0.0,0.0,0.0,29.8657228,-950.8478139999999,2.000044600463333,1.8360029425489295,-0.0995636,5.5274963,5.6270599,-29.68130963634666,42.85343037883049,-106.52756,7.0477295,113.5752895
25973,2.9700928,-95.27996,76561199470374288,0,0.0,0.0,0.0,0.0,0.0,0.0,32.835815600000004,-1046.1277739999998,2.000044600463333,1.8360029425489295,-0.0995636,5.5274963,5.6270599,-29.68130963634666,42.85343037883049,-106.52756,7.0477295,113.5752895
25974,2.9700928,-95.335236,76561199470374288,0,0.0,-0.05527599999999211,0.0,-0.05527599999999211,0.0,-0.05527599999999211,35.80590840000001,-1141.4630099999997,2.000044600463333,1.8360029425489295,-0.0995636,5.5274963,5.6270599,-29.68130963634666,42.85343037883049,-106.52756,7.0477295,113.5752895
25975,2.9975586,-95.41763,76561199470374288,0,0.027465799999999874,-0.08239400000000785,0.027465799999999874,-0.02711800000001574,0.027465799999999874,0.02815799999997637,38.803467000000005,-1236.8806399999996,2.000044600463333,1.8360029425489295,-0.0995636,5.5274963,5.6270599,-29.68130963634666,42.85343037883049,-106.52756,7.0477295,113.5752895
25976,3.0250244,-95.472565,76561199470374288,0,0.027465799999999874,-0.0549350000000004,0.0,0.02745900000000745,-0.027465799999999874,0.05457700000002319,41.828491400000004,-1332.3532049999997,2.000044600463333,1.8360029425489295,-0.0995636,5.5274963,5.6270599,-29.68130963634666,42.85343037883049,-106.52756,7.0477295,113.5752895
25977,3.0524902,-95.50003,76561199470374288,0,0.027465799999999874,-0.0274649999999923,0.0,0.0274700000000081,0.0,1.100000000064938e-05,44.880981600000005,-1427.8532349999996,2.000044600463333,1.8360029425489295,-0.0995636,5.5274963,5.6270599,-29.68130963634666,42.85343037883049,-106.52756,7.0477295,113.5752895
25978,3.0524902,-95.50003,76561199470374288,0,0.0,0.0,-0.027465799999999874,0.0274649999999923,-0.027465799999999874,-5.000000015797923e-06,47.93347180000001,-1523.3532649999995,2.000044600463333,1.8360029425489295,-0.0995636,5.5274963,5.6270599,-29.68130963634666,42.85343037883049,-106.52756,7.0477295,113.5752895
25979,3.0524902,-95.50003,76561199470374288,0,0.0,0.0,0.0,0.0,0.027465799999999874,-0.0274649999999923,50.98596200000001,-1618.8532949999994,2.000044600463333,1.8360029425489295,-0.0995636,5.5274963,5.6270599,-29.68130963634666,42.85343037883049,-106.52756,7.0477295,113.5752895
25980,3.0524902,-95.50003,76561199470374288,0,0.0,0.0,0.0,0.0,0.0,0.0,54.03845220000001,-1714.3533249999994,2.000044600463333,1.8360029425489295,-0.0995636,5.5274963,5.6270599,-29.68130963634666,42.85343037883049,-106.52756,7.0477295,113.5752895
25981,3.0524902,-95.50003,76561199470374288,0,0.0,0.0,0.0,0.0,0.0,0.0,57.09094240000001,-1809.8533549999993,2.000044600463333,1.8360029425489295,-0.0995636,5.5274963,5.6270599,-29.68130963634666,42.85343037883049,-106.52756,7.0477295,113.5752895
25982,3.0524902,-95.50003,76561199470374288,0,0.0,0.0,0.0,0.0,0.0,0.0,60.14343260000001,-1905.3533849999992,2.000044600463333,1.8360029425489295,-0.0995636,5.5274963,5.6270599,-29.68130963634666,42.85343037883049,-106.52756,7.0477295,113.5752895
25983,3.0524902,-95.50003,76561199470374288,0,0.0,0.0,0.0,0.0,0.0,0.0,63.19592280000001,-2000.8534149999991,2.000044600463333,1.8360029425489295,-0.0995636,5.5274963,5.6270599,-29.68130963634666,42.85343037883049,-106.52756,7.0477295,113.5752895
25984,3.0524902,-95.50003,76561199470374288,0,0.0,0.0,0.0,0.0,0.0,0.0,66.24841300000001,-2096.3534449999993,2.000044600463333,1.8360029425489295,-0.0995636,5.5274963,5.6270599,-29.68130963634666,42.85343037883049,-106.52756,7.0477295,113.5752895
25985,3.0524902,-95.50003,76561199470374288,0,0.0,0.0,0.0,0.0,0.0,0.0,69.30090320000001,-2191.8534749999994,2.000044600463333,1.8360029425489295,-0.0995636,5.5274963,5.6270599,-29.68130963634666,42.85343037883049,-106.52756,7.0477295,113.5752895
25986,3.0524902,-95.50003,76561199470374288,0,0.0,0.0,0.0,0.0,0.0,0.0,72.3533934,-2287.3535049999996,2.000044600463333,1.8360029425489295,-0.0995636,5.5274963,5.6270599,-29.68130963634666,42.85343037883049,-106.52756,7.0477295,113.5752895
25987,3.0524902,-95.50003,76561199470374288,0,0.0,0.0,0.0,0.0,0.0,0.0,75.4058836,-2382.8535349999997,2.000044600463333,1.8360029425489295,-0.0995636,5.5274963,5.6270599,-29.68130963634666,42.85343037883049,-106.52756,7.0477295,113.5752895
25988,3.0524902,-95.50003,76561199470374288,0,0.0,0.0,0.0,0.0,0.0,0.0,78.45837379999999,-2478.353565,2.000044600463333,1.8360029425489295,-0.0995636,5.5274963,5.6270599,-29.68130963634666,42.85343037883049,-106.52756,7.0477295,113.5752895
25989,3.0524902,-95.50003,76561199470374288,0,0.0,0.0,0.0,0.0,0.0,0.0,81.51086399999998,-2573.853595,2.000044600463333,1.8360029425489295,-0.0995636,5.5274963,5.6270599,-29.68130963634666,42.85343037883049,-106.52756,7.0477295,113.5752895
25990,3.0524902,-95.50003,76561199470374288,0,0.0,0.0,0.0,0.0,0.0,0.0,84.56335419999998,-2669.353625,2.000044600463333,1.8360029425489295,-0.0995636,5.5274963,5.6270599,-29.68130963634666,42.85343037883049,-106.52756,7.0477295,113.5752895
25991,3.0524902,-95.50003,76561199470374288,0,0.0,0.0,0.0,0.0,0.0,0.0,87.61584439999997,-2764.8536550000003,2.000044600463333,1.8360029425489295,-0.0995636,5.5274963,5.6270599,-29.68130963634666,42.85343037883049,-106.52756,7.0477295,113.5752895
25992,3.0524902,-95.58243,76561199470374288,0,0.0,-0.08240000000000691,0.0,-0.08240000000000691,0.0,-0.08240000000000691,90.66833459999997,-2860.4360850000003,2.000044600463333,1.8360029425489295,-0.0995636,5.5274963,5.6270599,-29.68130963634666,42.85343037883049,-106.52756,7.0477295,113.5752895
25993,3.0250244,-95.8025,76561199470374288,0,-0.027465799999999874,-0.22006999999999266,-0.027465799999999874,-0.13766999999998575,-0.027465799999999874,-0.055269999999978836,93.69335899999997,-2956.238585,2.000044600463333,1.8360029425489295,-0.0995636,5.5274963,5.6270599,-29.68130963634666,42.85343037883049,-106.52756,7.0477295,113.5752895
25994,3.0524902,-96.545105,76561199470374288,0,0.027465799999999874,-0.7426050000000117,0.05493159999999975,-0.5225350000000191,0.08239739999999962,-0.3848650000000333,96.74584919999997,-3052.78369,2.000044600463333,1.8360029425489295,-0.0995636,5.5274963,5.6270599,-29.68130963634666,42.85343037883049,-106.52756,7.0477295,113.5752895
25995,3.079956,-97.534904,76561199470374288,0,0.027465800000000318,-0.9897989999999908,4.440892098500626e-16,-0.24719399999997904,-0.0549315999999993,0.27534100000004,99.82580519999996,-3150.3185940000003,2.000044600463333,1.8360029425489295,-0.0995636,5.5274963,5.6270599,-29.68130963634666,42.85343037883049,-106.52756,7.0477295,113.5752895
25996,3.079956,-98.66272,76561199470374288,0,0.0,-1.1278159999999957,-0.027465800000000318,-0.13801700000000494,-0.027465800000000762,0.1091769999999741,102.90576119999996,-3248.981314,2.000044600463333,1.8360029425489295,-0.0995636,5.5274963,5.6270599,-29.68130963634666,42.85343037883049,-106.52756,7.0477295,113.5752895
25997,3.2176208,-100.55992,76561199470374288,0,0.13766480000000003,-1.8972000000000122,0.13766480000000003,-0.7693840000000165,0.16513060000000035,-0.6313670000000116,106.12338199999996,-3349.5412340000003,2.000044600463333,1.8360029425489295,-0.0995636,5.5274963,5.6270599,-29.68130963634666,42.85343037883049,-106.52756,7.0477295,113.5752895
25998,3.3000183,-101.2476,76561199470374288,0,0.0823974999999999,-0.6876800000000003,-0.05526730000000013,1.209520000000012,-0.19293210000000016,1.9789040000000284,109.42340029999997,-3450.7888340000004,2.000044600463333,1.8360029425489295,-0.0995636,5.5274963,5.6270599,-29.68130963634666,42.85343037883049,-106.52756,7.0477295,113.5752895
25999,3.4926147,-102.622604,76561199470374288,0,0.19259639999999978,-1.37500399999999,0.11019889999999988,-0.6873239999999896,0.1654662,-1.8968440000000015,112.91601499999997,-3553.4114380000005,2.000044600463333,1.8360029425489295,-0.0995636,5.5274963,5.6270599,-29.68130963634666,42.85343037883049,-106.52756,7.0477295,113.5752895
26000,3.5750122,-103.255005,76561199470374288,0,0.08239750000000035,-0.6324010000000015,-0.11019889999999943,0.7426029999999884,-0.2203977999999993,1.429926999999978,116.49102719999998,-3656.6664430000005,2.000044600463333,1.8360029425489295,-0.0995636,5.5274963,5.6270599,-29.68130963634666,42.85343037883049,-106.52756,7.0477295,113.5752895
26001,3.6848755,-104.85008,76561199470374288,0,0.10986329999999978,-1.5950750000000085,0.02746579999999943,-0.9626740000000069,0.13766469999999886,-1.7052769999999953,120.17590269999998,-3761.5165230000007,2.000044600463333,1.8360029425489295,-0.0995636,5.5274963,5.6270599,-29.68130963634666,42.85343037883049,-106.52756,7.0477295,113.5752895
26002,3.7123413,-105.26241,76561199470374288,0,0.027465799999999874,-0.4123299999999972,-0.0823974999999999,1.1827450000000113,-0.10986329999999933,2.145419000000018,123.88824399999999,-3866.7789330000005,2.000044600463333,1.8360029425489295,-0.0995636,5.5274963,5.6270599,-29.68130963634666,42.85343037883049,-106.52756,7.0477295,113.5752895
26003,3.7950897,-106.11523,76561199470374288,0,0.08274840000000028,-0.8528199999999941,0.055282600000000404,-0.44048999999999694,0.1376801000000003,-1.6232350000000082,127.68333369999999,-3972.8941630000004,2.000044600463333,1.8360029425489295,-0.0995636,5.5274963,5.6270599,-29.68130963634666,42.85343037883049,-106.52756,7.0477295,113.5752895
26004,3.7950897,-106.252556,76561199470374288,0,0.0,-0.1373260000000016,-0.08274840000000028,0.7154939999999925,-0.13803100000000068,1.1559839999999895,131.4784234,-4079.1467190000003,2.000044600463333,1.8360029425489295,-0.0995636,5.5274963,5.6270599,-29.68130963634666,42.85343037883049,-106.52756,7.0477295,113.5752895
26005,3.7950897,-106.50009,76561199470374288,0,0.0,-0.2475340000000017,0.0,-0.11020800000000008,0.08274840000000028,-0.8257019999999926,135.2735131,-4185.646809,2.000044600463333,1.8360029425489295,-0.0995636,5.5274963,5.6270599,-29.68130963634666,42.85343037883049,-106.52756,7.0477295,113.5752895
26006,3.7950897,-106.52756,76561199470374288,0,0.0,-0.027469999999993888,0.0,0.2200640000000078,0.0,0.3302720000000079,139.0686028,-4292.174369,2.000044600463333,1.8360029425489295,-0.0995636,5.5274963,5.6270599,-29.68130963634666,42.85343037883049,-106.52756,7.0477295,113.5752895
26007,3.7950897,-106.52756,76561199470374288,0,0.0,0.0,0.0,0.027469999999993888,0.0,-0.19259400000001392,142.8636925,-4398.701929000001,2.000044600463333,1.8360029425489295,-0.0995636,5.5274963,5.6270599,-29.68130963634666,42.85343037883049,-106.52756,7.0477295,113.5752895
26008,3.7950897,-106.52756,76561199470374288,0,0.0,0.0,0.0,0.0,0.0,-0.027469999999993888,146.65878220000002,-4505.229489000001,2.000044600463333,1.8360029425489295,-0.0995636,5.5274963,5.6270599,-29.68130963634666,42.85343037883049,-106.52756,7.0477295,113.5752895
26009,3.7950897,-106.52756,76561199470374288,0,0.0,0.0,0.0,0.0,0.0,0.0,150.45387190000002,-4611.757049000002,2.000044600463333,1.8360029425489295,-0.0995636,5.5274963,5.6270599,-29.68130963634666,42.85343037883049,-106.52756,7.0477295,113.5752895
26010,3.7950897,-106.52756,76561199470374288,0,0.0,0.0,0.0,0.0,0.0,0.0,154.24896160000003,-4718.284609000002,2.000044600463333,1.8360029425489295,-0.0995636,5.5274963,5.6270599,-29.68130963634666,42.85343037883049,-106.52756,7.0477295,113.5752895
26011,3.9324188,-106.032486,76561199470374288,0,0.1373291000000001,0.49507399999998825,0.1373291000000001,0.49507399999998825,0.1373291000000001,0.49507399999998825,158.18138040000002,-4824.317095000002,2.000044600463333,1.8360029425489295,-0.0995636,5.5274963,5.6270599,-29.68130963634666,42.85343037883049,-106.52756,7.0477295,113.5752895
26012,3.9873505,-105.620155,76561199470374288,0,0.054931699999999584,0.4123310000000089,-0.08239740000000051,-0.08274299999997936,-0.2197265000000006,-0.5778169999999676,162.1687309,-4929.937250000002,2.000044600463333,1.8360029425489295,-0.0995636,5.5274963,5.6270599,-29.68130963634666,42.85343037883049,-106.52756,7.0477295,113.5752895
26013,4.070099,-104.40994,76561199470374288,0,0.08274850000000011,1.210214999999991,0.02781680000000053,0.797883999999982,0.11021420000000104,0.8806269999999614,166.2388299,-5034.347190000002,2.000044600463333,1.8360029425489295,-0.0995636,5.5274963,5.6270599,-29.68130963634666,42.85343037883049,-106.52756,7.0477295,113.5752895
26014,4.070099,-102.705,76561199470374288,0,0.0,1.7049400000000077,-0.08274850000000011,0.49472500000001673,-0.11056530000000064,-0.3031589999999653,170.3089289,-5137.052190000002,2.000044600463333,1.8360029425489295,-0.0995636,5.5274963,5.6270599,-29.68130963634666,42.85343037883049,-106.52756,7.0477295,113.5752895
26015,4.070099,-100.69759,76561199470374288,0,0.0,2.007409999999993,0.0,0.30246999999998536,0.08274850000000011,-0.19225500000003137,174.3790279,-5237.749780000002,2.000044600463333,1.8360029425489295,-0.0995636,5.5274963,5.6270599,-29.68130963634666,42.85343037883049,-106.52756,7.0477295,113.5752895
26016,4.015167,-99.65252,76561199470374288,0,-0.05493199999999998,1.0450700000000097,-0.05493199999999998,-0.9623399999999833,-0.05493199999999998,-1.2648099999999687,178.3941949,-5337.402300000002,2.000044600463333,1.8360029425489295,-0.0995636,5.5274963,5.6270599,-29.68130963634666,42.85343037883049,-106.52756,7.0477295,113.5752895
26017,3.6848755,-97.534904,76561199470374288,0,-0.33029149999999996,2.117615999999998,-0.2753595,1.0725459999999885,-0.2204275,2.0348859999999718,182.0790704,-5434.937204000002,2.000044600463333,1.8360029425489295,-0.0995636,5.5274963,5.6270599,-29.68130963634666,42.85343037883049,-106.52756,7.0477295,113.5752895
26018,3.3824158,-96.957436,76561199470374288,0,-0.3024597,0.5774679999999961,0.027831799999999962,-1.540148000000002,0.30319129999999994,-2.6126939999999905,185.4614862,-5531.894640000001,2.000044600463333,1.8360029425489295,-0.0995636,5.5274963,5.6270599,-29.68130963634666,42.85343037883049,-106.52756,7.0477295,113.5752895
26019,3.1348877,-96.9849,76561199470374288,0,-0.2475280999999998,-0.027463999999994826,0.05493160000000019,-0.6049319999999909,0.02709980000000023,0.9352160000000111,188.5963739,-5628.879540000002,2.000044600463333,1.8360029425489295,-0.0995636,5.5274963,5.6270599,-29.68130963634666,42.85343037883049,-106.52756,7.0477295,113.5752895
26020,2.8598785,-97.15004,76561199470374288,0,-0.27500919999999995,-0.16514000000000806,-0.027481100000000147,-0.13767600000001323,-0.08241270000000034,0.4672559999999777,191.4562524,-5726.029580000002,2.000044600463333,1.8360029425489295,-0.0995636,5.5274963,5.6270599,-29.68130963634666,42.85343037883049,-106.52756,7.0477295,113.5752895
26021,2.8598785,-97.15004,76561199470374288,0,0.0,0.0,0.27500919999999995,0.16514000000000806,0.3024903000000001,0.3028160000000213,194.31613090000002,-5823.179620000003,2.000044600463333,1.8360029425489295,-0.0995636,5.5274963,5.6270599,-29.68130963634666,42.85343037883049,-106.52756,7.0477295,113.5752895
26022,2.8598785,-97.15004,76561199470374288,0,0.0,0.0,0.0,0.0,-0.27500919999999995,-0.16514000000000806,197.17600940000003,-5920.329660000003,2.000044600463333,1.8360029425489295,-0.0995636,5.5274963,5.6270599,-29.68130963634666,42.85343037883049,-106.52756,7.0477295,113.5752895
26023,2.8598785,-97.15004,76561199470374288,0,0.0,0.0,0.0,0.0,0.0,0.0,200.03588790000003,-6017.4797000000035,2.000044600463333,1.8360029425489295,-0.0995636,5.5274963,5.6270599,-29.68130963634666,42.85343037883049,-106.52756,7.0477295,113.5752895
26024,2.8598785,-97.15004,76561199470374288,0,0.0,0.0,0.0,0.0,0.0,0.0,202.89576640000004,-6114.629740000004,2.000044600463333,1.8360029425489295,-0.0995636,5.5274963,5.6270599,-29.68130963634666,42.85343037883049,-106.52756,7.0477295,113.5752895
26025,2.8598785,-97.15004,76561199470374288,0,0.0,0.0,0.0,0.0,0.0,0.0,205.75564490000005,-6211.779780000004,2.000044600463333,1.8360029425489295,-0.0995636,5.5274963,5.6270599,-29.68130963634666,42.85343037883049,-106.52756,7.0477295,113.5752895
26026,2.8598785,-97.15004,76561199470374288,0,0.0,0.0,0.0,0.0,0.0,0.0,208.61552340000006,-6308.929820000005,2.000044600463333,1.8360029425489295,-0.0995636,5.5274963,5.6270599,-29.68130963634666,42.85343037883049,-106.52756,7.0477295,113.5752895
26027,2.9151611,-97.86518,76561199470374288,0,0.05528259999999996,-0.715139999999991,0.05528259999999996,-0.715139999999991,0.05528259999999996,-0.715139999999991,211.53068450000006,-6406.795000000005,2.000044600463333,1.8360029425489295,-0.0995636,5.5274963,5.6270599,-29.68130963634666,42.85343037883049,-106.52756,7.0477295,113.5752895
26028,2.9151611,-98.029976,76561199470374288,0,0.0,-0.1647960000000097,-0.05528259999999996,0.5503439999999813,-0.11056519999999992,1.2654839999999723,214.44584560000007,-6504.824976000004,2.000044600463333,1.8360029425489295,-0.0995636,5.5274963,5.6270599,-29.68130963634666,42.85343037883049,-106.52756,7.0477295,113.5752895
26029,2.9975586,-97.617645,76561199470374288,0,0.0823974999999999,0.4123310000000089,0.0823974999999999,0.5771270000000186,0.13768009999999986,0.026783000000037305,217.44340420000006,-6602.442621000005,2.000044600463333,1.8360029425489295,-0.0995636,5.5274963,5.6270599,-29.68130963634666,42.85343037883049,-106.52756,7.0477295,113.5752895
26030,3.1074219,-97.04018,76561199470374288,0,0.10986329999999978,0.5774649999999895,0.027465799999999874,0.16513399999998057,-0.05493170000000003,-0.411993000000038,220.55082610000005,-6699.482801000005,2.000044600463333,1.8360029425489295,-0.0995636,5.5274963,5.6270599,-29.68130963634666,42.85343037883049,-106.52756,7.0477295,113.5752895
26031,3.7950897,-93.98769,76561199470374288,0,0.6876678000000003,3.052490000000006,0.5778045000000005,2.4750250000000165,0.5503387000000006,2.309891000000036,224.34591580000006,-6793.470491000005,2.000044600463333,1.8360029425489295,-0.0995636,5.5274963,5.6270599,-29.68130963634666,42.85343037883049,-106.52756,7.0477295,113.5752895
26032,4.1250305,-92.66762,76561199470374288,0,0.32994080000000015,1.3200700000000012,-0.35772700000000013,-1.7324200000000047,-0.9355315000000006,-4.207445000000021,228.47094630000007,-6886.138111000005,2.000044600463333,1.8360029425489295,-0.0995636,5.5274963,5.6270599,-29.68130963634666,42.85343037883049,-106.52756,7.0477295,113.5752895
26033,4.72995,-89.42253,76561199470374288,0,0.6049194999999994,3.2450900000000047,0.27497869999999924,1.9250200000000035,0.6327056999999994,3.6574400000000082,233.20089630000007,-6975.560641000005,2.000044600463333,1.8360029425489295,-0.0995636,5.5274963,5.6270599,-29.68130963634666,42.85343037883049,-106.52756,7.0477295,113.5752895
26034,5.417633,-83.262634,76561199470374288,0,0.6876830000000007,6.159895999999989,0.08276350000000132,2.9148059999999845,-0.19221519999999792,0.989785999999981,238.61852930000006,-7058.823275000004,2.000044600463333,1.8360029425489295,-0.0995636,5.5274963,5.6270599,-29.68130963634666,42.85343037883049,-106.52756,7.0477295,113.5752895
26035,5.4725647,-80.87002,76561199470374288,0,0.05493170000000003,2.392614000000009,-0.6327513000000007,-3.7672819999999803,-0.715514800000002,-6.682087999999965,244.09109400000006,-7139.693295000005,2.000044600463333,1.8360029425489295,-0.0995636,5.5274963,5.6270599,-29.68130963634666,42.85343037883049,-106.52756,7.0477295,113.5752895
26036,5.5274963,-76.3052,76561199470374288,0,0.05493159999999975,4.564819999999997,-1.0000000028043132e-07,2.1722059999999885,0.6327512000000004,5.939487999999969,249.61859030000005,-7215.998495000004,2.000044600463333,1.8360029425489295,-0.0995636,5.5274963,5.6270599,-29.68130963634666,42.85343037883049,-106.52756,7.0477295,113.5752895
26037,5.5274963,-72.0425,76561199470374288,0,0.0,4.262699999999995,-0.05493159999999975,-0.30212000000000216,-0.05493149999999947,-2.4743259999999907,255.14608660000005,-7288.040995000004,2.000044600463333,1.8360029425489295,-0.0995636,5.5274963,5.6270599,-29.68130963634666,42.85343037883049,-106.52756,7.0477295,113.5752895
26038,5.5274963,-68.21995,76561199470374288,0,0.0,3.8225500000000068,0.0,-0.4401499999999885,0.05493159999999975,-0.13802999999998633,260.67358290000004,-7356.260945000004,2.000044600463333,1.8360029425489295,-0.0995636,5.5274963,5.6270599,-29.68130963634666,42.85343037883049,-106.52756,7.0477295,113.5752895
26039,5.5274963,-66.54247,76561199470374288,0,0.0,1.6774800000000027,0.0,-2.145070000000004,0.0,-1.7049200000000155,266.20107920000004,-7422.803415000004,2.000044600463333,1.8360029425489295,-0.0995636,5.5274963,5.6270599,-29.68130963634666,42.85343037883049,-106.52756,7.0477295,113.5752895
26040,5.417633,-62.939987,76561199470374288,0,-0.10986329999999978,3.6024829999999923,-0.10986329999999978,1.9250029999999896,-0.10986329999999978,4.070072999999994,271.61871220000006,-7485.743402000004,2.000044600463333,1.8360029425489295,-0.0995636,5.5274963,5.6270599,-29.68130963634666,42.85343037883049,-106.52756,7.0477295,113.5752895
26041,5.032425,-62.197723,76561199470374288,0,-0.38520800000000044,0.7422639999999987,-0.27534470000000066,-2.8602189999999936,-0.1654814000000009,-4.785221999999983,276.65113720000005,-7547.941125000004,2.000044600463333,1.8360029425489295,-0.0995636,5.5274963,5.6270599,-29.68130963634666,42.85343037883049,-106.52756,7.0477295,113.5752895
26042,4.8123474,-62.22519,76561199470374288,0,-0.22007759999999976,-0.027466999999994357,0.16513040000000068,-0.7697309999999931,0.44047510000000134,2.0904880000000006,281.4634846000001,-7610.166315000004,2.000044600463333,1.8360029425489295,-0.0995636,5.5274963,5.6270599,-29.68130963634666,42.85343037883049,-106.52756,7.0477295,113.5752895
26043,4.6200867,-62.28012,76561199470374288,0,-0.19226070000000028,-0.05492999999999881,0.027816899999999478,-0.027463000000004456,-0.1373135000000012,0.7422679999999886,286.0835713000001,-7672.446435000004,2.000044600463333,1.8360029425489295,-0.0995636,5.5274963,5.6270599,-29.68130963634666,42.85343037883049,-106.52756,7.0477295,113.5752895
26044,4.592621,-62.28012,76561199470374288,0,-0.027465699999999593,0.0,0.1647950000000007,0.05492999999999881,0.1369781000000012,0.08239300000000327,290.6761923000001,-7734.726555000005,2.000044600463333,1.8360029425489295,-0.0995636,5.5274963,5.6270599,-29.68130963634666,42.85343037883049,-106.52756,7.0477295,113.5752895
26045,4.592621,-62.28012,76561199470374288,0,0.0,0.0,0.027465699999999593,0.0,-0.1373293000000011,-0.05492999999999881,295.2688133000001,-7797.006675000005,2.000044600463333,1.8360029425489295,-0.0995636,5.5274963,5.6270599,-29.68130963634666,42.85343037883049,-106.52756,7.0477295,113.5752895
26046,4.592621,-62.28012,76561199470374288,0,0.0,0.0,0.0,0.0,-0.027465699999999593,0.0,299.8614343000001,-7859.286795000005,2.000044600463333,1.8360029425489295,-0.0995636,5.5274963,5.6270599,-29.68130963634666,42.85343037883049,-106.52756,7.0477295,113.5752895
26047,4.592621,-62.28012,76561199470374288,0,0.0,0.0,0.0,0.0,0.0,0.0,304.4540553000001,-7921.566915000006,2.000044600463333,1.8360029425489295,-0.0995636,5.5274963,5.6270599,-29.68130963634666,42.85343037883049,-106.52756,7.0477295,113.5752895
26048,4.592621,-62.28012,76561199470374288,0,0.0,0.0,0.0,0.0,0.0,0.0,309.0466763000001,-7983.847035000006,2.000044600463333,1.8360029425489295,-0.0995636,5.5274963,5.6270599,-29.68130963634666,42.85343037883049,-106.52756,7.0477295,113.5752895
26049,4.565155,-62.610054,76561199470374288,0,-0.027466000000000435,-0.3299340000000015,-0.027466000000000435,-0.3299340000000015,-0.027466000000000435,-0.3299340000000015,313.6118313000001,-8046.457089000006,2.000044600463333,1.8360029425489295,-0.0995636,5.5274963,5.6270599,-29.68130963634666,42.85343037883049,-106.52756,7.0477295,113.5752895
26050,4.42749,-62.885056,76561199470374288,0,-0.13766500000000015,-0.27500200000000063,-0.11019899999999971,0.05493200000000087,-0.08273299999999928,0.3848660000000024,318.0393213000001,-8109.342145000006,2.000044600463333,1.8360029425489295,-0.0995636,5.5274963,5.6270599,-29.68130963634666,42.85343037883049,-106.52756,7.0477295,113.5752895
26051,4.42749,-62.307587,76561199470374288,0,0.0,0.5774690000000007,0.13766500000000015,0.8524710000000013,0.24786399999999986,0.7975390000000004,322.4668113000001,-8171.649732000006,2.000044600463333,1.8360029425489295,-0.0995636,5.5274963,5.6270599,-29.68130963634666,42.85343037883049,-106.52756,7.0477295,113.5752895
26052,4.482422,-61.78505,76561199470374288,0,0.05493199999999998,0.5225369999999998,0.05493199999999998,-0.05493200000000087,-0.08273300000000017,-0.9074030000000022,326.94923330000006,-8233.434782000006,2.000044600463333,1.8360029425489295,-0.0995636,5.5274963,5.6270599,-29.68130963634666,42.85343037883049,-106.52756,7.0477295,113.5752895
26053,4.840164,-60.08011,76561199470374288,0,0.357742,1.7049400000000006,0.30281,1.1824030000000008,0.24787800000000004,1.2373350000000016,331.7893973000001,-8293.514892000007,2.000044600463333,1.8360029425489295,-0.0995636,5.5274963,5.6270599,-29.68130963634666,42.85343037883049,-106.52756,7.0477295,113.5752895
26054,5.2250366,-57.164955,76561199470374288,0,0.38487260000000045,2.9151549999999986,0.02713060000000045,1.210214999999998,-0.2756793999999996,0.027811999999997283,337.0144339000001,-8350.679847000007,2.000044600463333,1.8360029425489295,-0.0995636,5.5274963,5.6270599,-29.68130963634666,42.85343037883049,-106.52756,7.0477295,113.5752895
26055,5.3623657,-51.555054,76561199470374288,0,0.13732909999999965,5.609901000000001,-0.2475435000000008,2.694746000000002,-0.27467410000000125,1.484531000000004,342.3767996000001,-8402.234901000007,2.000044600463333,1.8360029425489295,-0.0995636,5.5274963,5.6270599,-29.68130963634666,42.85343037883049,-106.52756,7.0477295,113.5752895
26056,5.3623657,-49.602585,76561199470374288,0,0.0,1.9524690000000007,-0.13732909999999965,-3.657432,0.11021440000000116,-6.352178000000002,347.7391653000001,-8451.837486000008,2.000044600463333,1.8360029425489295,-0.0995636,5.5274963,5.6270599,-29.68130963634666,42.85343037883049,-106.52756,7.0477295,113.5752895
26057,5.3623657,-45.69763,76561199470374288,0,0.0,3.904955000000001,0.0,1.9524860000000004,0.13732909999999965,5.609918,353.1015310000001,-8497.535116000008,2.000044600463333,1.8360029425489295,-0.0995636,5.5274963,5.6270599,-29.68130963634666,42.85343037883049,-106.52756,7.0477295,113.5752895
26058,5.3623657,-43.772614,76561199470374288,0,0.0,1.9250159999999994,0.0,-1.9799390000000017,0.0,-3.932425000000002,358.4638967000001,-8541.307730000008,2.000044600463333,1.8360029425489295,-0.0995636,5.5274963,5.6270599,-29.68130963634666,42.85343037883049,-106.52756,7.0477295,113.5752895
26059,5.3623657,-38.190186,76561199470374288,0,0.0,5.582428,0.0,3.6574120000000008,0.0,5.637351000000002,363.8262624000001,-8579.497916000008,2.000044600463333,1.8360029425489295,-0.0995636,5.5274963,5.6270599,-29.68130963634666,42.85343037883049,-106.52756,7.0477295,113.5752895
26060,5.3349,-34.972565,76561199470374288,0,-0.027465699999999593,3.217620999999994,-0.027465699999999593,-2.364807000000006,-0.027465699999999593,-6.022219000000007,369.1611624000001,-8614.470481000008,2.000044600463333,1.8360029425489295,-0.0995636,5.5274963,5.6270599,-29.68130963634666,42.85343037883049,-106.52756,7.0477295,113.5752895
26061,4.757416,-32.085236,76561199470374288,0,-0.5774840000000001,2.887329000000001,-0.5500183000000005,-0.3302919999999929,-0.5225526000000009,2.034515000000013,373.91857840000006,-8646.555717000008,2.000044600463333,1.8360029425489295,-0.0995636,5.5274963,5.6270599,-29.68130963634666,42.85343037883049,-106.52756,7.0477295,113.5752895
26062,4.5373535,-31.617615,76561199470374288,0,-0.22006250000000005,0.4676210000000012,0.35742150000000006,-2.419708,0.9074398000000006,-2.089416000000007,378.45593190000005,-8678.173332000008,2.000044600463333,1.8360029425489295,-0.0995636,5.5274963,5.6270599,-29.68130963634666,42.85343037883049,-106.52756,7.0477295,113.5752895
26063,4.345093,-31.28769,76561199470374288,0,-0.19226049999999972,0.32992499999999936,0.027802000000000326,-0.13769600000000182,-0.32961949999999973,2.282011999999998,382.8010249000001,-8709.461022000007,2.000044600463333,1.8360029425489295,-0.0995636,5.5274963,5.6270599,-29.68130963634666,42.85343037883049,-106.52756,7.0477295,113.5752895
26064,4.290161,-31.204956,76561199470374288,0,-0.05493199999999998,0.08273400000000208,0.13732849999999974,-0.24719099999999727,0.10952649999999942,-0.10949499999999546,387.0911859000001,-8740.665978000006,2.000044600463333,1.8360029425489295,-0.0995636,5.5274963,5.6270599,-29.68130963634666,42.85343037883049,-106.52756,7.0477295,113.5752895
26065,4.290161,-31.204956,76561199470374288,0,0.0,0.0,0.05493199999999998,-0.08273400000000208,-0.08239649999999976,0.1644569999999952,391.3813469000001,-8771.870934000006,2.000044600463333,1.8360029425489295,-0.0995636,5.5274963,5.6270599,-29.68130963634666,42.85343037883049,-106.52756,7.0477295,113.5752895
26066,4.290161,-31.204956,76561199470374288,0,0.0,0.0,0.0,0.0,-0.05493199999999998,0.08273400000000208,395.6715079000001,-8803.075890000006,2.000044600463333,1.8360029425489295,-0.0995636,5.5274963,5.6270599,-29.68130963634666,42.85343037883049,-106.52756,7.0477295,113.5752895
26067,4.290161,-31.204956,76561199470374288,0,0.0,0.0,0.0,0.0,0.0,0.0,399.9616689000001,-8834.280846000005,2.000044600463333,1.8360029425489295,-0.0995636,5.5274963,5.6270599,-29.68130963634666,42.85343037883049,-106.52756,7.0477295,113.5752895
26068,4.290161,-31.204956,76561199470374288,0,0.0,0.0,0.0,0.0,0.0,0.0,404.25182990000013,-8865.485802000005,2.000044600463333,1.8360029425489295,-0.0995636,5.5274963,5.6270599,-29.68130963634666,42.85343037883049,-106.52756,7.0477295,113.5752895
26069,4.290161,-31.204956,76561199470374288,0,0.0,0.0,0.0,0.0,0.0,0.0,408.54199090000014,-8896.690758000004,2.000044600463333,1.8360029425489295,-0.0995636,5.5274963,5.6270599,-29.68130963634666,42.85343037883049,-106.52756,7.0477295,113.5752895
26070,4.290161,-31.204956,76561199470374288,0,0.0,0.0,0.0,0.0,0.0,0.0,412.83215190000016,-8927.895714000004,2.000044600463333,1.8360029425489295,-0.0995636,5.5274963,5.6270599,-29.68130963634666,42.85343037883049,-106.52756,7.0477295,113.5752895
26071,4.317627,-31.425018,76561199470374288,0,0.027465999999999546,-0.2200620000000022,0.027465999999999546,-0.2200620000000022,0.027465999999999546,-0.2200620000000022,417.1497789000002,-8959.320732000004,2.000044600463333,1.8360029425489295,-0.0995636,5.5274963,5.6270599,-29.68130963634666,42.85343037883049,-106.52756,7.0477295,113.5752895
26072,4.290161,-31.700012,76561199470374288,0,-0.027465999999999546,-0.2749939999999995,-0.05493199999999909,-0.054931999999997316,-0.08239799999999864,0.16513000000000488,421.4399399000002,-8991.020744000003,2.000044600463333,1.8360029425489295,-0.0995636,5.5274963,5.6270599,-29.68130963634666,42.85343037883049,-106.52756,7.0477295,113.5752895
26073,4.2623596,-31.672546,76561199470374288,0,-0.02780140000000042,0.027466000000000435,-0.0003354000000008739,0.30245999999999995,0.05459659999999822,0.35739199999999727,425.7022995000002,-9022.693290000003,2.000044600463333,1.8360029425489295,-0.0995636,5.5274963,5.6270599,-29.68130963634666,42.85343037883049,-106.52756,7.0477295,113.5752895
26074,4.290161,-31.452484,76561199470374288,0,0.02780140000000042,0.2200620000000022,0.05560280000000084,0.19259600000000177,0.055938200000001714,-0.10986399999999819,429.9924605000002,-9054.145774000002,2.000044600463333,1.8360029425489295,-0.0995636,5.5274963,5.6270599,-29.68130963634666,42.85343037883049,-106.52756,7.0477295,113.5752895
26075,4.6475525,-28.785217,76561199470374288,0,0.3573914999999994,2.667266999999999,0.329590099999999,2.4472049999999967,0.27398729999999816,2.254608999999995,434.64001300000024,-9082.930991000003,2.000044600463333,1.8360029425489295,-0.0995636,5.5274963,5.6270599,-29.68130963634666,42.85343037883049,-106.52756,7.0477295,113.5752895
26076,4.6750183,-27.602463,76561199470374288,0,0.027465799999999874,1.1827539999999992,-0.32992569999999954,-1.4845129999999997,-0.6595157999999985,-3.9317179999999965,439.3150313000002,-9110.533454000002,2.000044600463333,1.8360029425489295,-0.0995636,5.5274963,5.6270599,-29.68130963634666,42.85343037883049,-106.52756,7.0477295,113.5752895
26077,4.702484,-25.127441,76561199470374288,0,0.02746570000000048,2.475021999999999,-9.99999993922529e-08,1.292268,0.32992560000000015,2.7767809999999997,444.01751530000024,-9135.660895000003,2.000044600463333,1.8360029425489295,-0.0995636,5.5274963,5.6270599,-29.68130963634666,42.85343037883049,-106.52756,7.0477295,113.5752895
26078,4.702484,-23.06511,76561199470374288,0,0.0,2.0623310000000004,-0.02746570000000048,-0.4126909999999988,-0.02746560000000109,-1.7049589999999988,448.71999930000027,-9158.726005000002,2.000044600463333,1.8360029425489295,-0.0995636,5.5274963,5.6270599,-29.68130963634666,42.85343037883049,-106.52756,7.0477295,113.5752895
26079,4.702484,-20.810165,76561199470374288,0,0.0,2.2549449999999993,0.0,0.19261399999999895,0.02746570000000048,0.6053049999999978,453.4224833000003,-9179.536170000003,2.000044600463333,1.8360029425489295,-0.0995636,5.5274963,5.6270599,-29.68130963634666,42.85343037883049,-106.52756,7.0477295,113.5752895
26080,4.702484,-20.17743,76561199470374288,0,0.0,0.6327350000000003,0.0,-1.622209999999999,0.0,-1.814823999999998,458.1249673000003,-9199.713600000003,2.000044600463333,1.8360029425489295,-0.0995636,5.5274963,5.6270599,-29.68130963634666,42.85343037883049,-106.52756,7.0477295,113.5752895
26081,4.702484,-19.105225,76561199470374288,0,0.0,1.0722050000000003,0.0,0.43947,0.0,2.061679999999999,462.82745130000035,-9218.818825000002,2.000044600463333,1.8360029425489295,-0.0995636,5.5274963,5.6270599,-29.68130963634666,42.85343037883049,-106.52756,7.0477295,113.5752895
26082,4.702484,-18.665085,76561199470374288,0,0.0,0.44013999999999953,0.0,-0.6320650000000008,0.0,-1.0715350000000008,467.5299353000004,-9237.483910000003,2.000044600463333,1.8360029425489295,-0.0995636,5.5274963,5.6270599,-29.68130963634666,42.85343037883049,-106.52756,7.0477295,113.5752895
26083,4.702484,-17.399933,76561199470374288,0,0.0,1.2651520000000005,0.0,0.825012000000001,0.0,1.4570770000000017,472.2324193000004,-9254.883843000003,2.000044600463333,1.8360029425489295,-0.0995636,5.5274963,5.6270599,-29.68130963634666,42.85343037883049,-106.52756,7.0477295,113.5752895
26084,4.702484,-17.097473,76561199470374288,0,0.0,0.30245999999999995,0.0,-0.9626920000000005,0.0,-1.7877040000000015,476.9349033000004,-9271.981316000003,2.000044600463333,1.8360029425489295,-0.0995636,5.5274963,5.6270599,-29.68130963634666,42.85343037883049,-106.52756,7.0477295,113.5752895
26085,4.702484,-16.437607,76561199470374288,0,0.0,0.659866000000001,0.0,0.357406000000001,0.0,1.3200980000000015,481.63738730000046,-9288.418923000003,2.000044600463333,1.8360029425489295,-0.0995636,5.5274963,5.6270599,-29.68130963634666,42.85343037883049,-106.52756,7.0477295,113.5752895
26086,4.6750183,-15.749939,76561199470374288,0,-0.02746570000000048,0.6876680000000004,-0.02746570000000048,0.02780199999999944,-0.02746570000000048,-0.32960400000000156,486.31240560000043,-9304.168862000002,2.000044600463333,1.8360029425489295,-0.0995636,5.5274963,5.6270599,-29.68130963634666,42.85343037883049,-106.52756,7.0477295,113.5752895
26087,4.592621,-15.392532,76561199470374288,0,-0.08239729999999934,0.35740700000000025,-0.05493159999999886,-0.33026100000000014,-0.027465899999998378,-0.3580629999999996,490.90502660000044,-9319.561394000002,2.000044600463333,1.8360029425489295,-0.0995636,5.5274963,5.6270599,-29.68130963634666,42.85343037883049,-106.52756,7.0477295,113.5752895
26088,4.345093,-14.127731,76561199470374288,0,-0.24752799999999997,1.2648009999999985,-0.16513070000000063,0.9073939999999983,-0.11019910000000177,1.2376549999999984,495.25011960000046,-9333.689125000003,2.000044600463333,1.8360029425489295,-0.0995636,5.5274963,5.6270599,-29.68130963634666,42.85343037883049,-106.52756,7.0477295,113.5752895
26089,4.1250305,-13.165054,76561199470374288,0,-0.22006250000000005,0.9626770000000011,0.02746549999999992,-0.3021239999999974,0.19259620000000055,-1.2095179999999957,499.37515010000044,-9346.854179000002,2.000044600463333,1.8360029425489295,-0.0995636,5.5274963,5.6270599,-29.68130963634666,42.85343037883049,-106.52756,7.0477295,113.5752895
26090,3.8774872,-12.1749115,76561199470374288,0,-0.24754330000000024,0.9901424999999993,-0.027480800000000194,0.027465499999998144,-0.054946300000000114,0.32958949999999554,503.25263730000046,-9359.029090500002,2.000044600463333,1.8360029425489295,-0.0995636,5.5274963,5.6270599,-29.68130963634666,42.85343037883049,-106.52756,7.0477295,113.5752895
26091,3.5475464,-11.18512,76561199470374288,0,-0.32994080000000015,0.9897915000000008,-0.0823974999999999,-0.0003509999999984359,-0.05491669999999971,-0.02781649999999658,506.80018370000045,-9370.214210500002,2.000044600463333,1.8360029425489295,-0.0995636,5.5274963,5.6270599,-29.68130963634666,42.85343037883049,-106.52756,7.0477295,113.5752895
26092,3.1348877,-10.112579,76561199470374288,0,-0.4126586999999997,1.0725409999999993,-0.08271789999999957,0.08274949999999848,-0.0003203999999996654,0.08310049999999691,509.9350714000004,-9380.326789500003,2.000044600463333,1.8360029425489295,-0.0995636,5.5274963,5.6270599,-29.68130963634666,42.85343037883049,-106.52756,7.0477295,113.5752895
26093,2.6950836,-9.067505,76561199470374288,0,-0.43980410000000036,1.0450739999999996,-0.027145400000000652,-0.027466999999999686,0.055572499999998914,-0.11021649999999816,512.6301550000004,-9389.394294500004,2.000044600463333,1.8360029425489295,-0.0995636,5.5274963,5.6270599,-29.68130963634666,42.85343037883049,-106.52756,7.0477295,113.5752895
26094,2.502472,-8.627701,76561199470374288,0,-0.19261159999999977,0.43980400000000053,0.2471925000000006,-0.6052699999999991,0.27433790000000124,-0.5778029999999994,515.1326270000004,-9398.021995500003,2.000044600463333,1.8360029425489295,-0.0995636,5.5274963,5.6270599,-29.68130963634666,42.85343037883049,-106.52756,7.0477295,113.5752895
26095,2.2549438,-7.9949646,76561199470374288,0,-0.2475282000000001,0.6327363999999998,-0.054916600000000315,0.19293239999999923,-0.3021091000000009,0.7982023999999983,517.3875708000004,-9406.016960100003,2.000044600463333,1.8360029425489295,-0.0995636,5.5274963,5.6270599,-29.68130963634666,42.85343037883049,-106.52756,7.0477295,113.5752895
26096,2.1176147,-7.665024,76561199470374288,0,-0.1373291000000001,0.3299406000000005,0.1101991,-0.3027957999999993,0.1651157000000003,-0.4957281999999985,519.5051855000004,-9413.681984100003,2.000044600463333,1.8360029425489295,-0.0995636,5.5274963,5.6270599,-29.68130963634666,42.85343037883049,-106.52756,7.0477295,113.5752895
26097,2.0348816,-7.4449463,76561199470374288,0,-0.0827331,0.22007770000000004,0.05459600000000009,-0.10986290000000043,-0.055603099999999905,0.19293289999999885,521.5400671000003,-9421.126930400003,2.000044600463333,1.8360029425489295,-0.0995636,5.5274963,5.6270599,-29.68130963634666,42.85343037883049,-106.52756,7.0477295,113.5752895
26098,1.97995,-7.335083,76561199470374288,0,-0.05493159999999975,0.10986329999999978,0.027801500000000257,-0.11021440000000027,-0.026794499999999832,-0.00035149999999983805,523.5200171000004,-9428.462013400003,2.000044600463333,1.8360029425489295,-0.0995636,5.5274963,5.6270599,-29.68130963634666,42.85343037883049,-106.52756,7.0477295,113.5752895
26099,1.9250183,-7.087555,76561199470374288,0,-0.05493170000000003,0.24752799999999997,-1.0000000028043132e-07,0.1376647000000002,-0.027801600000000537,0.24787910000000046,525.4450354000004,-9435.549568400003,2.000044600463333,1.8360029425489295,-0.0995636,5.5274963,5.6270599,-29.68130963634666,42.85343037883049,-106.52756,7.0477295,113.5752895
26100,1.7873383,-6.510086,76561199470374288,0,-0.13768000000000002,0.5774689999999998,-0.0827483,0.3299409999999998,-0.08274819999999972,0.19227629999999962,527.2323737000004,-9442.059654400004,2.000044600463333,1.8360029425489295,-0.0995636,5.5274963,5.6270599,-29.68130963634666,42.85343037883049,-106.52756,7.0477295,113.5752895
26101,1.7598724,-6.2900085,76561199470374288,0,-0.027465900000000154,0.22007750000000037,0.11021409999999987,-0.3573914999999994,0.19296239999999987,-0.6873324999999992,528.9922461000003,-9448.349662900004,2.000044600463333,1.8360029425489295,-0.0995636,5.5274963,5.6270599,-29.68130963634666,42.85343037883049,-106.52756,7.0477295,113.5752895
26102,1.7324066,-6.1526794,76561199470374288,0,-0.027465799999999874,0.13732909999999965,1.0000000028043132e-07,-0.08274840000000072,-0.11021399999999959,0.2746430999999987,530.7246527000003,-9454.502342300004,2.000044600463333,1.8360029425489295,-0.0995636,5.5274963,5.6270599,-29.68130963634666,42.85343037883049,-106.52756,7.0477295,113.5752895
26103,1.677475,-5.8776855,76561199470374288,0,-0.05493159999999997,0.2749939000000001,-0.027465800000000096,0.13766480000000048,-0.027465900000000376,0.2204132000000012,532.4021277000003,-9460.380027800004,2.000044600463333,1.8360029425489295,-0.0995636,5.5274963,5.6270599,-29.68130963634666,42.85343037883049,-106.52756,7.0477295,113.5752895
26104,1.6500092,-5.6576233,76561199470374288,0,-0.027465800000000096,0.2200622000000001,0.027465799999999874,-0.05493170000000003,0.05493159999999997,-0.1925965000000005,534.0521369000003,-9466.037651100003,2.000044600463333,1.8360029425489295,-0.0995636,5.5274963,5.6270599,-29.68130963634666,42.85343037883049,-106.52756,7.0477295,113.5752895
26105,1.4848633,-4.9150085,76561199470374288,0,-0.16514589999999996,0.7426148000000001,-0.13768009999999986,0.5225526,-0.16514589999999973,0.5774843000000001,535.5370002000003,-9470.952659600003,2.000044600463333,1.8360029425489295,-0.0995636,5.5274963,5.6270599,-29.68130963634666,42.85343037883049,-106.52756,7.0477295,113.5752895
26106,1.4024658,-4.5026855,76561199470374288,0,-0.0823974999999999,0.4123229999999998,0.08274840000000006,-0.33029180000000036,0.22042849999999992,-0.8528444000000004,536.9394660000003,-9475.455345100003,2.000044600463333,1.8360029425489295,-0.0995636,5.5274963,5.6270599,-29.68130963634666,42.85343037883049,-106.52756,7.0477295,113.5752895
26107,1.3475342,-4.144928,76561199470374288,0,-0.05493160000000019,0.35775749999999995,0.02746589999999971,-0.05456549999999982,-0.055282500000000345,0.27572630000000053,538.2870002000003,-9479.600273100003,2.000044600463333,1.8360029425489295,-0.0995636,5.5274963,5.6270599,-29.68130963634666,42.85343037883049,-106.52756,7.0477295,113.5752895
26108,1.2651367,-3.7875366,76561199470374288,0,-0.0823974999999999,0.3573914,-0.02746589999999971,-0.0003660999999999248,-0.05493179999999942,0.0541993999999999,539.5521369000003,-9483.387809700003,2.000044600463333,1.8360029425489295,-0.0995636,5.5274963,5.6270599,-29.68130963634666,42.85343037883049,-106.52756,7.0477295,113.5752895
26109,1.2098694,-3.4026794,76561199470374288,0,-0.05526729999999991,0.38485720000000034,0.027130199999999993,0.027465800000000318,0.0545960999999997,0.027831900000000243,540.7620063000003,-9486.790489100003,2.000044600463333,1.8360029425489295,-0.0995636,5.5274963,5.6270599,-29.68130963634666,42.85343037883049,-106.52756,7.0477295,113.5752895
26110,1.1824036,-3.1276703,76561199470374288,0,-0.027465800000000096,0.2750090999999997,0.027801499999999812,-0.10984810000000067,0.0006712999999998193,-0.137313900000001,541.9444099000003,-9489.918159400004,2.000044600463333,1.8360029425489295,-0.0995636,5.5274963,5.6270599,-29.68130963634666,42.85343037883049,-106.52756,7.0477295,113.5752895
26111,1.1824036,-2.9075928,76561199470374288,0,0.0,0.22007749999999993,0.027465800000000096,-0.05493159999999975,-0.0003356999999997168,0.05491650000000092,543.1268135000004,-9492.825752200004,2.000044600463333,1.8360029425489295,-0.0995636,5.5274963,5.6270599,-29.68130963634666,42.85343037883049,-106.52756,7.0477295,113.5752895
26112,1.1824036,-2.6600647,76561199470374288,0,0.0,0.24752810000000025,0.0,0.027450600000000325,-0.027465800000000096,0.08238220000000007,544.3092171000004,-9495.485816900004,2.000044600463333,1.8360029425489295,-0.0995636,5.5274963,5.6270599,-29.68130963634666,42.85343037883049,-106.52756,7.0477295,113.5752895
26113,1.2651367,-2.357605,76561199470374288,0,0.0827331,0.3024597,0.0827331,0.05493159999999975,0.0827331,0.027480999999999423,545.5743538000004,-9497.843421900003,2.000044600463333,1.8360029425489295,-0.0995636,5.5274963,5.6270599,-29.68130963634666,42.85343037883049,-106.52756,7.0477295,113.5752895
26114,1.3200684,-2.2477417,76561199470374288,0,0.05493170000000003,0.10986329999999978,-0.027801399999999976,-0.19259640000000022,-0.11053449999999998,-0.24752799999999997,546.8944222000003,-9500.091163600002,2.000044600463333,1.8360029425489295,-0.0995636,5.5274963,5.6270599,-29.68130963634666,42.85343037883049,-106.52756,7.0477295,113.5752895
26115,1.439209,-1.9617462,76561199470374288,0,0.11914059999999993,0.28599550000000007,0.0642088999999999,0.1761322000000003,0.09201029999999988,0.3687286000000005,548.3336312000004,-9502.052909800002,2.000044600463333,1.8360029425489295,-0.0995636,5.5274963,5.6270599,-29.68130963634666,42.85343037883049,-106.52756,7.0477295,113.5752895
26116,1.5487366,-1.6294098,76561199470374288,0,0.10952760000000006,0.3323364000000002,-0.009612999999999872,0.04634090000000013,-0.07382189999999977,-0.12979130000000016,549.8823678000003,-9503.682319600002,2.000044600463333,1.8360029425489295,-0.0995636,5.5274963,5.6270599,-29.68130963634666,42.85343037883049,-106.52756,7.0477295,113.5752895
26117,1.5610962,-1.5315552,76561199470374288,0,0.012359599999999915,0.09785460000000001,-0.09716800000000014,-0.23448180000000018,-0.08755500000000027,-0.2808227000000003,551.4434640000003,-9505.213874800002,2.000044600463333,1.8360029425489295,-0.0995636,5.5274963,5.6270599,-29.68130963634666,42.85343037883049,-106.52756,7.0477295,113.5752895
26118,1.6098328,-1.1528778,76561199470374288,0,0.04873660000000002,0.37867739999999994,0.036377000000000104,0.28082279999999993,0.13354500000000025,0.5153046000000001,553.0532968000003,-9506.3667526,2.000044600463333,1.8360029425489295,-0.0995636,5.5274963,5.6270599,-29.68130963634666,42.85343037883049,-106.52756,7.0477295,113.5752895
26119,1.6098328,-0.993927,76561199470374288,0,0.0,0.15895079999999995,-0.04873660000000002,-0.2197266,-0.08511360000000012,-0.5005493999999999,554.6631296000004,-9507.3606796,2.000044600463333,1.8360029425489295,-0.0995636,5.5274963,5.6270599,-29.68130963634666,42.85343037883049,-106.52756,7.0477295,113.5752895
26120,1.6098328,-0.2973175,76561199470374288,0,0.0,0.6966095,0.0,0.5376587,0.04873660000000002,0.7573853,556.2729624000004,-9507.657997100001,2.000044600463333,1.8360029425489295,-0.0995636,5.5274963,5.6270599,-29.68130963634666,42.85343037883049,-106.52756,7.0477295,113.5752895
26121,1.6098328,0.008239746,76561199470374288,0,0.0,0.305557246,0.0,-0.391052254,0.0,-0.928710954,557.8827952000005,-9507.649757354002,2.000044600463333,1.8360029425489295,-0.0995636,5.5274963,5.6270599,-29.68130963634666,42.85343037883049,-106.52756,7.0477295,113.5752895
26122,1.5854645,0.61935425,76561199470374288,0,-0.0243682999999999,0.611114504,-0.0243682999999999,0.305557258,-0.0243682999999999,0.696609512,559.4682597000004,-9507.030403104001,2.000044600463333,1.8360029425489295,-0.0995636,5.5274963,5.6270599,-29.68130963634666,42.85343037883049,-106.52756,7.0477295,113.5752895
26123,1.524353,1.144989,76561199470374288,0,-0.061111499999999985,0.52563475,-0.03674320000000009,-0.08547975399999996,-0.012374900000000189,-0.39103701199999996,560.9926127000004,-9505.885414104001,2.000044600463333,1.8360029425489295,-0.0995636,5.5274963,5.6270599,-29.68130963634666,42.85343037883049,-106.52756,7.0477295,113.5752895
26124,1.4632416,1.5240173,76561199470374288,0,-0.06111140000000015,0.3790282999999999,9.999999983634211e-08,-0.14660645000000017,0.03674329999999992,-0.0611266960000002,562.4558543000004,-9504.361396804,2.000044600463333,1.8360029425489295,-0.0995636,5.5274963,5.6270599,-29.68130963634666,42.85343037883049,-106.52756,7.0477295,113.5752895
26125,1.365387,1.8539429,76561199470374288,0,-0.09785460000000001,0.32992560000000015,-0.036743199999999865,-0.04910269999999972,-0.0367432999999997,0.09750375000000044,563.8212413000005,-9502.507453904002,2.000044600463333,1.8360029425489295,-0.0995636,5.5274963,5.6270599,-29.68130963634666,42.85343037883049,-106.52756,7.0477295,113.5752895
26126,1.3533783,1.9150543,76561199470374288,0,-0.012008699999999983,0.06111139999999993,0.08584590000000003,-0.2688142000000002,0.1225890999999999,-0.2197115000000005,565.1746196000005,-9500.592399604002,2.000044600463333,1.8360029425489295,-0.0995636,5.5274963,5.6270599,-29.68130963634666,42.85343037883049,-106.52756,7.0477295,113.5752895
26127,1.3166504,2.0249176,76561199470374288,0,-0.036727899999999813,0.10986330000000022,-0.02471919999999983,0.04875190000000029,-0.11056509999999986,0.3175661000000005,566.4912700000004,-9498.567482004002,2.000044600463333,1.8360029425489295,-0.0995636,5.5274963,5.6270599,-29.68130963634666,42.85343037883049,-106.52756,7.0477295,113.5752895
26128,1.3042908,2.0983887,76561199470374288,0,-0.012359600000000137,0.0734710999999999,0.024368299999999676,-0.03639220000000032,0.049087499999999507,-0.08514410000000061,567.7955608000004,-9496.469093304002,2.000044600463333,1.8360029425489295,-0.0995636,5.5274963,5.6270599,-29.68130963634666,42.85343037883049,-106.52756,7.0477295,113.5752895
26129,1.2311554,2.3060913,76561199470374288,0,-0.07313539999999996,0.20770259999999974,-0.060775799999999824,0.13423149999999984,-0.0851440999999995,0.17062370000000016,569.0267162000005,-9494.163002004001,2.000044600463333,1.8360029425489295,-0.0995636,5.5274963,5.6270599,-29.68130963634666,42.85343037883049,-106.52756,7.0477295,113.5752895
26130,1.1820679,2.4283142,76561199470374288,0,-0.04908749999999995,0.12222290000000013,0.02404790000000001,-0.0854796999999996,0.08482369999999984,-0.21971119999999944,570.2087841000005,-9491.734687804,2.000044600463333,1.8360029425489295,-0.0995636,5.5274963,5.6270599,-29.68130963634666,42.85343037883049,-106.52756,7.0477295,113.5752895
26131,1.047821,2.831726,76561199470374288,0,-0.13424690000000017,0.4034118000000002,-0.08515940000000022,0.2811889000000001,-0.10920730000000023,0.3666685999999997,571.2566051000005,-9488.902961804,2.000044600463333,1.8360029425489295,-0.0995636,5.5274963,5.6270599,-29.68130963634666,42.85343037883049,-106.52756,7.0477295,113.5752895
26132,0.9132385,3.4548645,76561199470374288,0,-0.13458249999999994,0.6231384999999996,-0.0003355999999997694,0.2197266999999994,0.08482380000000045,-0.06146220000000069,572.1698436000005,-9485.448097304,2.000044600463333,1.8360029425489295,-0.0995636,5.5274963,5.6270599,-29.68130963634666,42.85343037883049,-106.52756,7.0477295,113.5752895
26133,0.80337524,4.1638184,76561199470374288,0,-0.10986325999999991,0.7089539000000005,0.02471924000000003,0.08581540000000087,0.0250548399999998,-0.1339112999999985,572.9732188400005,-9481.284278904,2.000044600463333,1.8360029425489295,-0.0995636,5.5274963,5.6270599,-29.68130963634666,42.85343037883049,-106.52756,7.0477295,113.5752895
26134,0.7422638,4.933899,76561199470374288,0,-0.06111144000000002,0.7700806,0.04875181999999989,0.061126699999999534,0.02403257999999986,-0.02468870000000134,573.7154826400006,-9476.350379904,2.000044600463333,1.8360029425489295,-0.0995636,5.5274963,5.6270599,-29.68130963634666,42.85343037883049,-106.52756,7.0477295,113.5752895
26135,0.7299042,5.715973,76561199470374288,0,-0.012359600000000026,0.7820739999999997,0.04875183999999999,0.01199339999999971,2.0000000100495186e-08,-0.049133299999999824,574.4453868400005,-9470.634406904,2.000044600463333,1.8360029425489295,-0.0995636,5.5274963,5.6270599,-29.68130963634666,42.85343037883049,-106.52756,7.0477295,113.5752895
26136,0.7299042,6.4005737,76561199470374288,0,0.0,0.6846006999999998,0.012359600000000026,-0.09747329999999987,-0.036392239999999965,-0.10946669999999958,575.1752910400005,-9464.233833204,2.000044600463333,1.8360029425489295,-0.0995636,5.5274963,5.6270599,-29.68130963634666,42.85343037883049,-106.52756,7.0477295,113.5752895
26137,0.7299042,6.649811,76561199470374288,0,0.0,0.24923729999999988,0.0,-0.43536339999999996,-0.012359600000000026,-0.3378901000000001,575.9051952400005,-9457.584022204,2.000044600463333,1.8360029425489295,-0.0995636,5.5274963,5.6270599,-29.68130963634666,42.85343037883049,-106.52756,7.0477295,113.5752895
26138,0.7299042,6.9697876,76561199470374288,0,0.0,0.3199766000000004,0.0,0.0707393000000005,0.0,0.5061027000000005,576.6350994400004,-9450.614234604001,2.000044600463333,1.8360029425489295,-0.0995636,5.5274963,5.6270599,-29.68130963634666,42.85343037883049,-106.52756,7.0477295,113.5752895
26139,0.71170044,7.0339966,76561199470374288,0,-0.018203760000000013,0.06420899999999996,-0.018203760000000013,-0.25576760000000043,-0.018203760000000013,-0.32650690000000093,577.3467998800004,-9443.580238004002,2.000044600463333,1.8360029425489295,-0.0995636,5.5274963,5.6270599,-29.68130963634666,42.85343037883049,-106.52756,7.0477295,113.5752895
26140,0.69317627,7.0477295,76561199470374288,0,-0.01852416999999995,0.013732899999999937,-0.0003204099999999377,-0.050476100000000024,0.017883350000000076,0.2052915000000004,578.0399761500004,-9436.532508504002,2.000044600463333,1.8360029425489295,-0.0995636,5.5274963,5.6270599,-29.68130963634666,42.85343037883049,-106.52756,7.0477295,113.5752895
26141,0.606308,6.9972534,76561199470374288,0,-0.08686827000000008,-0.050476100000000024,-0.06834410000000013,-0.06420899999999996,-0.06802369000000019,-0.013732899999999937,578.6462841500004,-9429.535255104001,2.000044600463333,1.8360029425489295,-0.0995636,5.5274963,5.6270599,-29.68130963634666,42.85343037883049,-106.52756,7.0477295,113.5752895
26142,0.57403564,6.9330597,76561199470374288,0,-0.03227236,-0.06419369999999969,0.05459591000000008,-0.013717599999999663,0.12294001000000021,0.0504914000000003,579.2203197900004,-9422.602195404,2.000044600463333,1.8360029425489295,-0.0995636,5.5274963,5.6270599,-29.68130963634666,42.85343037883049,-106.52756,7.0477295,113.5752895
26143,0.56030273,6.873657,76561199470374288,0,-0.013732909999999987,-0.059402700000000586,0.018539450000000013,0.0047909999999991015,-0.03605646000000007,0.018508599999998765,579.7806225200004,-9415.728538404,2.000044600463333,1.8360029425489295,-0.0995636,5.5274963,5.6270599,-29.68130963634666,42.85343037883049,-106.52756,7.0477295,113.5752895
26144,0.56030273,6.8139343,76561199470374288,0,0.0,-0.05972270000000002,0.013732909999999987,-0.00031999999999943185,-0.004806540000000026,-0.005110999999998533,580.3409252500004,-9408.914604104,2.000044600463333,1.8360029425489295,-0.0995636,5.5274963,5.6270599,-29.68130963634666,42.85343037883049,-106.52756,7.0477295,113.5752895
26145,0.56030273,6.8139343,76561199470374288,0,0.0,0.0,0.0,0.05972270000000002,-0.013732909999999987,0.06004269999999945,580.9012279800004,-9402.100669804,2.000044600463333,1.8360029425489295,-0.0995636,5.5274963,5.6270599,-29.68130963634666,42.85343037883049,-106.52756,7.0477295,113.5752895
26146,0.5970459,6.712982,76561199470374288,0,0.03674317000000005,-0.10095229999999944,0.03674317000000005,-0.10095229999999944,0.03674317000000005,-0.16067499999999946,581.4982738800004,-9395.387687804001,2.000044600463333,1.8360029425489295,-0.0995636,5.5274963,5.6270599,-29.68130963634666,42.85343037883049,-106.52756,7.0477295,113.5752895
26147,0.60150146,6.7085266,76561199470374288,0,0.004455560000000025,-0.004455400000000331,-0.03228761000000002,0.09649689999999911,-0.06903078000000007,0.19744919999999855,582.0997753400004,-9388.679161204002,2.000044600463333,1.8360029425489295,-0.0995636,5.5274963,5.6270599,-29.68130963634666,42.85343037883049,-106.52756,7.0477295,113.5752895
26148,0.60150146,6.7085266,76561199470374288,0,0.0,0.0,-0.004455560000000025,0.004455400000000331,0.027832049999999997,-0.09204149999999878,582.7012768000004,-9381.970634604002,2.000044600463333,1.8360029425489295,-0.0995636,5.5274963,5.6270599,-29.68130963634666,42.85343037883049,-106.52756,7.0477295,113.5752895
26149,0.606308,6.676605,76561199470374288,0,0.004806539999999915,-0.03192159999999955,0.004806539999999915,-0.03192159999999955,0.00926209999999994,-0.03637699999999988,583.3075848000004,-9375.294029604001,2.000044600463333,1.8360029425489295,-0.0995636,5.5274963,5.6270599,-29.68130963634666,42.85343037883049,-106.52756,7.0477295,113.5752895
26150,0.6152344,6.6628723,76561199470374288,0,0.008926400000000001,-0.013732700000000264,0.004119860000000086,0.018188899999999286,-0.0006866799999998285,0.050110499999998837,583.9228192000004,-9368.631157304002,2.000044600463333,1.8360029425489295,-0.0995636,5.5274963,5.6270599,-29.68130963634666,42.85343037883049,-106.52756,7.0477295,113.5752895
26151,0.6245117,6.603119,76561199470374288,0,0.009277300000000044,-0.059753299999999676,0.00035090000000004284,-0.04602059999999941,-0.0037689600000000434,-0.0642094999999987,584.5473309000004,-9362.028038304003,2.000044600463333,1.8360029425489295,-0.0995636,5.5274963,5.6270599,-29.68130963634666,42.85343037883049,-106.52756,7.0477295,113.5752895
26152,0.5925751,6.442795,76561199470374288,0,-0.03193659999999998,-0.16032400000000013,-0.041213900000000026,-0.10057070000000046,-0.04156480000000007,-0.054550100000001045,585.1399060000003,-9355.585243304002,2.000044600463333,1.8360029425489295,-0.0995636,5.5274963,5.6270599,-29.68130963634666,42.85343037883049,-106.52756,7.0477295,113.5752895
26153,0.56030273,6.3099365,76561199470374288,0,-0.03227237000000005,-0.1328585000000002,-0.0003357700000000685,0.02746549999999992,0.04087812999999996,0.12803620000000038,585.7002087300003,-9349.275306804002,2.000044600463333,1.8360029425489295,-0.0995636,5.5274963,5.6270599,-29.68130963634666,42.85343037883049,-106.52756,7.0477295,113.5752895
26154,0.53764343,6.2227173,76561199470374288,0,-0.022659299999999938,-0.08721919999999983,0.009613070000000112,0.04563930000000038,0.009948840000000181,0.018173800000000462,586.2378521600003,-9343.052589504003,2.000044600463333,1.8360029425489295,-0.0995636,5.5274963,5.6270599,-29.68130963634666,42.85343037883049,-106.52756,7.0477295,113.5752895
26155,0.5235596,6.1492615,76561199470374288,0,-0.01408383000000002,-0.07345580000000052,0.008575469999999918,0.013763399999999315,-0.001037600000000194,-0.03187590000000107,586.7614117600003,-9336.903328004002,2.000044600463333,1.8360029425489295,-0.0995636,5.5274963,5.6270599,-29.68130963634666,42.85343037883049,-106.52756,7.0477295,113.5752895
26156,0.5009155,6.09433,76561199470374288,0,-0.022644100000000056,-0.05493149999999947,-0.008560270000000036,0.018524300000001048,-0.017135739999999955,0.004760900000001733,587.2623272600003,-9330.808998004002,2.000044600463333,1.8360029425489295,-0.0995636,5.5274963,5.6270599,-29.68130963634666,42.85343037883049,-106.52756,7.0477295,113.5752895
26157,0.48236084,6.0438538,76561199470374288,0,-0.018554659999999945,-0.050476200000000304,0.004089440000000111,0.004455299999999163,0.012649710000000147,-0.014069000000001886,587.7446881000003,-9324.765144204002,2.000044600463333,1.8360029425489295,-0.0995636,5.5274963,5.6270599,-29.68130963634666,42.85343037883049,-106.52756,7.0477295,113.5752895
26158,0.4734497,6.030121,76561199470374288,0,-0.00891114000000004,-0.013732799999999656,0.009643519999999906,0.03674340000000065,0.005554079999999795,0.032288100000001485,588.2181378000002,-9318.735023204003,2.000044600463333,1.8360029425489295,-0.0995636,5.5274963,5.6270599,-29.68130963634666,42.85343037883049,-106.52756,7.0477295,113.5752895
26159,0.4597168,5.988922,76561199470374288,0,-0.013732899999999992,-0.04119900000000065,-0.004821759999999953,-0.027466200000000995,-0.014465279999999858,-0.06420960000000164,588.6778546000003,-9312.746101204002,2.000044600463333,1.8360029425489295,-0.0995636,5.5274963,5.6270599,-29.68130963634666,42.85343037883049,-106.52756,7.0477295,113.5752895
26160,0.45489502,5.979645,76561199470374288,0,-0.004821779999999998,-0.00927699999999998,0.008911119999999995,0.03192200000000067,0.013732879999999947,0.05938820000000167,589.1327496200003,-9306.766456204003,2.000044600463333,1.8360029425489295,-0.0995636,5.5274963,5.6270599,-29.68130963634666,42.85343037883049,-106.52756,7.0477295,113.5752895
26161,0.43190002,5.924713,76561199470374288,0,-0.022994999999999988,-0.05493199999999998,-0.01817321999999999,-0.045655,-0.027084339999999985,-0.07757700000000067,589.5646496400002,-9300.841743204002,2.000044600463333,1.8360029425489295,-0.0995636,5.5274963,5.6270599,-29.68130963634666,42.85343037883049,-106.52756,7.0477295,113.5752895
26162,0.4044342,5.8605194,76561199470374288,0,-0.027465819999999974,-0.0641935999999994,-0.0044708199999999865,-0.009261599999999426,0.013702400000000003,0.036393400000000575,589.9690838400002,-9294.981223804003,2.000044600463333,1.8360029425489295,-0.0995636,5.5274963,5.6270599,-29.68130963634666,42.85343037883049,-106.52756,7.0477295,113.5752895
26163,0.38623047,5.828583,76561199470374288,0,-0.01820373000000003,-0.0319364000000002,0.009262089999999945,0.03225719999999921,0.013732909999999932,0.041518799999998635,590.3553143100002,-9289.152640804003,2.000044600463333,1.8360029425489295,-0.0995636,5.5274963,5.6270599,-29.68130963634666,42.85343037883049,-106.52756,7.0477295,113.5752895
26164,0.37249756,5.8193207,76561199470374288,0,-0.013732909999999987,-0.0092623000000005,0.004470820000000042,0.022674099999999697,-0.004791269999999903,-0.009583099999999511,590.7278118700002,-9283.333320104002,2.000044600463333,1.8360029425489295,-0.0995636,5.5274963,5.6270599,-29.68130963634666,42.85343037883049,-106.52756,7.0477295,113.5752895
26165,0.37249756,5.8193207,76561199470374288,0,0.0,0.0,0.013732909999999987,0.0092623000000005,0.009262089999999945,-0.013411799999999197,591.1003094300003,-9277.513999404002,2.000044600463333,1.8360029425489295,-0.0995636,5.5274963,5.6270599,-29.68130963634666,42.85343037883049,-106.52756,7.0477295,113.5752895
26166,0.37249756,5.8193207,76561199470374288,0,0.0,0.0,0.0,0.0,-0.013732909999999987,-0.0092623000000005,591.4728069900003,-9271.694678704001,2.000044600463333,1.8360029425489295,-0.0995636,5.5274963,5.6270599,-29.68130963634666,42.85343037883049,-106.52756,7.0477295,113.5752895
26167,0.37249756,5.8193207,76561199470374288,0,0.0,0.0,0.0,0.0,0.0,0.0,591.8453045500004,-9265.875358004001,2.000044600463333,1.8360029425489295,-0.0995636,5.5274963,5.6270599,-29.68130963634666,42.85343037883049,-106.52756,7.0477295,113.5752895
26168,0.37249756,5.8193207,76561199470374288,0,0.0,0.0,0.0,0.0,0.0,0.0,592.2178021100004,-9260.056037304,2.000044600463333,1.8360029425489295,-0.0995636,5.5274963,5.6270599,-29.68130963634666,42.85343037883049,-106.52756,7.0477295,113.5752895
26169,0.37249756,5.8193207,76561199470374288,0,0.0,0.0,0.0,0.0,0.0,0.0,592.5902996700005,-9254.236716604,2.000044600463333,1.8360029425489295,-0.0995636,5.5274963,5.6270599,-29.68130963634666,42.85343037883049,-106.52756,7.0477295,113.5752895
26170,0.37249756,5.8193207,76561199470374288,0,0.0,0.0,0.0,0.0,0.0,0.0,592.9627972300005,-9248.417395904,2.000044600463333,1.8360029425489295,-0.0995636,5.5274963,5.6270599,-29.68130963634666,42.85343037883049,-106.52756,7.0477295,113.5752895
26171,0.37249756,5.8193207,76561199470374288,0,0.0,0.0,0.0,0.0,0.0,0.0,593.3352947900006,-9242.598075204,2.000044600463333,1.8360029425489295,-0.0995636,5.5274963,5.6270599,-29.68130963634666,42.85343037883049,-106.52756,7.0477295,113.5752895
26172,0.37249756,5.8193207,76561199470374288,0,0.0,0.0,0.0,0.0,0.0,0.0,593.7077923500007,-9236.778754504,2.000044600463333,1.8360029425489295,-0.0995636,5.5274963,5.6270599,-29.68130963634666,42.85343037883049,-106.52756,7.0477295,113.5752895
26173,0.37249756,5.8193207,76561199470374288,0,0.0,0.0,0.0,0.0,0.0,0.0,594.0802899100007,-9230.959433803999,2.000044600463333,1.8360029425489295,-0.0995636,5.5274963,5.6270599,-29.68130963634666,42.85343037883049,-106.52756,7.0477295,113.5752895
26174,0.37249756,5.8193207,76561199470374288,0,0.0,0.0,0.0,0.0,0.0,0.0,594.4527874700008,-9225.140113103998,2.000044600463333,1.8360029425489295,-0.0995636,5.5274963,5.6270599,-29.68130963634666,42.85343037883049,-106.52756,7.0477295,113.5752895
26175,0.37249756,5.8193207,76561199470374288,0,0.0,0.0,0.0,0.0,0.0,0.0,594.8252850300008,-9219.320792403998,2.000044600463333,1.8360029425489295,-0.0995636,5.5274963,5.6270599,-29.68130963634666,42.85343037883049,-106.52756,7.0477295,113.5752895
26176,0.37249756,5.8193207,76561199470374288,0,0.0,0.0,0.0,0.0,0.0,0.0,595.1977825900009,-9213.501471703998,2.000044600463333,1.8360029425489295,-0.0995636,5.5274963,5.6270599,-29.68130963634666,42.85343037883049,-106.52756,7.0477295,113.5752895
26177,0.37249756,5.8193207,76561199470374288,0,0.0,0.0,0.0,0.0,0.0,0.0,595.5702801500009,-9207.682151003997,2.000044600463333,1.8360029425489295,-0.0995636,5.5274963,5.6270599,-29.68130963634666,42.85343037883049,-106.52756,7.0477295,113.5752895
26178,0.36323547,5.81485,76561199470374288,0,-0.00926209,-0.004470699999999717,-0.00926209,-0.004470699999999717,-0.00926209,-0.004470699999999717,595.9335156200009,-9201.867301003997,2.000044600463333,1.8360029425489295,-0.0995636,5.5274963,5.6270599,-29.68130963634666,42.85343037883049,-106.52756,7.0477295,113.5752895
26179,0.35430908,5.8103943,76561199470374288,0,-0.008926390000000006,-0.004455700000000284,0.00033569999999999434,1.4999999999432134e-05,0.009597789999999995,0.004485699999999149,596.2878247000009,-9196.056906703996,2.000044600463333,1.8360029425489295,-0.0995636,5.5274963,5.6270599,-29.68130963634666,42.85343037883049,-106.52756,7.0477295,113.5752895
26180,0.31756592,5.778122,76561199470374288,0,-0.03674316,-0.03227229999999981,-0.02781676999999999,-0.027816599999999525,-0.028152469999999985,-0.027831599999998957,596.6053906200009,-9190.278784703996,2.000044600463333,1.8360029425489295,-0.0995636,5.5274963,5.6270599,-29.68130963634666,42.85343037883049,-106.52756,7.0477295,113.5752895
26181,0.28530884,5.741394,76561199470374288,0,-0.032257079999999994,-0.036728000000000094,0.004486080000000003,-0.004455700000000284,0.032302849999999994,0.02336089999999924,596.8906994600009,-9184.537390703996,2.000044600463333,1.8360029425489295,-0.0995636,5.5274963,5.6270599,-29.68130963634666,42.85343037883049,-106.52756,7.0477295,113.5752895
26182,0.27157593,5.727661,76561199470374288,0,-0.013732909999999987,-0.013732999999999329,0.018524170000000006,0.022995000000000765,0.014038090000000003,0.02745070000000105,597.1622753900009,-9178.809729703995,2.000044600463333,1.8360029425489295,-0.0995636,5.5274963,5.6270599,-29.68130963634666,42.85343037883049,-106.52756,7.0477295,113.5752895
26183,0.23963928,5.6819916,76561199470374288,0,-0.03193665000000001,-0.045669400000000415,-0.018203740000000024,-0.031936400000001086,-0.03672791000000003,-0.05493140000000185,597.4019146700009,-9173.127738103994,2.000044600463333,1.8360029425489295,-0.0995636,5.5274963,5.6270599,-29.68130963634666,42.85343037883049,-106.52756,7.0477295,113.5752895
26184,0.21664429,5.6452637,76561199470374288,0,-0.02299499000000002,-0.036727899999999813,0.00894165999999999,0.008941500000000602,0.027145400000000014,0.04087790000000169,597.6185589600009,-9167.482474403994,2.000044600463333,1.8360029425489295,-0.0995636,5.5274963,5.6270599,-29.68130963634666,42.85343037883049,-106.52756,7.0477295,113.5752895
26185,0.20291138,5.6222534,76561199470374288,0,-0.013732909999999987,-0.02301030000000015,0.009262080000000034,0.013717599999999663,0.00032042000000004345,0.004776099999999062,597.8214703400009,-9161.860221003994,2.000044600463333,1.8360029425489295,-0.0995636,5.5274963,5.6270599,-29.68130963634666,42.85343037883049,-106.52756,7.0477295,113.5752895
26186,0.17544556,5.553589,76561199470374288,0,-0.027465820000000002,-0.06866440000000029,-0.013732910000000015,-0.04565410000000014,-0.02299499000000005,-0.059371699999999805,597.9969159000009,-9156.306632003994,2.000044600463333,1.8360029425489295,-0.0995636,5.5274963,5.6270599,-29.68130963634666,42.85343037883049,-106.52756,7.0477295,113.5752895
26187,0.15689087,5.5075836,76561199470374288,0,-0.018554690000000013,-0.04600539999999942,0.00891112999999999,0.022659000000000873,0.022644040000000004,0.06831310000000101,598.1538067700009,-9150.799048403995,2.000044600463333,1.8360029425489295,-0.0995636,5.5274963,5.6270599,-29.68130963634666,42.85343037883049,-106.52756,7.0477295,113.5752895
26188,0.14797974,5.4849243,76561199470374288,0,-0.00891112999999999,-0.022659299999999938,0.009643560000000023,0.02334609999999948,0.0007324300000000339,0.0006870999999986083,598.3017865100009,-9145.314124103994,2.000044600463333,1.8360029425489295,-0.0995636,5.5274963,5.6270599,-29.68130963634666,42.85343037883049,-106.52756,7.0477295,113.5752895
26189,0.12942505,5.438919,76561199470374288,0,-0.018554689999999985,-0.04600530000000003,-0.009643559999999995,-0.02334600000000009,-0.01928712000000002,-0.04669209999999957,598.4312115600009,-9139.875205103994,2.000044600463333,1.8360029425489295,-0.0995636,5.5274963,5.6270599,-29.68130963634666,42.85343037883049,-106.52756,7.0477295,113.5752895
26190,0.10195923,5.3609924,76561199470374288,0,-0.027465820000000016,-0.07792660000000051,-0.008911130000000031,-0.031921300000000485,0.0007324299999999645,-0.008575300000000396,598.5331707900009,-9134.514212703994,2.000044600463333,1.8360029425489295,-0.0995636,5.5274963,5.6270599,-29.68130963634666,42.85343037883049,-106.52756,7.0477295,113.5752895
26191,0.093048096,5.3242493,76561199470374288,0,-0.008911134000000001,-0.036743099999999806,0.018554686000000015,0.041183500000000706,0.027465816000000046,0.07310480000000119,598.6262188860009,-9129.189963403995,2.000044600463333,1.8360029425489295,-0.0995636,5.5274963,5.6270599,-29.68130963634666,42.85343037883049,-106.52756,7.0477295,113.5752895
26192,0.07896423,5.2555847,76561199470374288,0,-0.014083866,-0.06866459999999996,-0.005172731999999999,-0.03192150000000016,-0.023727418000000014,-0.07310500000000086,598.7051831160009,-9123.934378703994,2.000044600463333,1.8360029425489295,-0.0995636,5.5274963,5.6270599,-29.68130963634666,42.85343037883049,-106.52756,7.0477295,113.5752895
26193,0.07003784,5.1961975,76561199470374288,0,-0.008926389999999992,-0.05938719999999975,0.005157476000000008,0.009277400000000213,0.010330208000000007,0.04119890000000037,598.7752209560009,-9118.738181203995,2.000044600463333,1.8360029425489295,-0.0995636,5.5274963,5.6270599,-29.68130963634666,42.85343037883049,-106.52756,7.0477295,113.5752895
26194,0.05630493,5.16391,76561199470374288,0,-0.013732910000000001,-0.03228750000000069,-0.0048065200000000086,0.02709969999999906,-0.009963996000000017,0.017822299999998847,598.8315258860009,-9113.574271203996,2.000044600463333,1.8360029425489295,-0.0995636,5.5274963,5.6270599,-29.68130963634666,42.85343037883049,-106.52756,7.0477295,113.5752895
26195,0.051498413,5.127182,76561199470374288,0,-0.004806517000000003,-0.036727999999999206,0.008926392999999998,-0.004440499999998515,0.013732913000000006,-0.031540199999997576,598.8830242990009,-9108.447089203995,2.000044600463333,1.8360029425489295,-0.0995636,5.5274963,5.6270599,-29.68130963634666,42.85343037883049,-106.52756,7.0477295,113.5752895
26196,0.051498413,5.0492554,76561199470374288,0,0.0,-0.07792660000000051,0.004806517000000003,-0.041198600000001306,-0.0041198759999999945,-0.03675810000000279,598.9345227120009,-9103.397833803996,2.000044600463333,1.8360029425489295,-0.0995636,5.5274963,5.6270599,-29.68130963634666,42.85343037883049,-106.52756,7.0477295,113.5752895
26197,0.047027588,4.948654,76561199470374288,0,-0.004470824999999998,-0.10060139999999951,-0.004470824999999998,-0.022674799999998996,-0.009277342000000001,0.01852380000000231,598.9815503000009,-9098.449179803996,2.000044600463333,1.8360029425489295,-0.0995636,5.5274963,5.6270599,-29.68130963634666,42.85343037883049,-106.52756,7.0477295,113.5752895
26198,0.04257202,4.8844604,76561199470374288,0,-0.004455568,-0.0641936000000003,1.5256999999997689e-05,0.03640779999999921,0.004486081999999995,0.05908259999999821,599.0241223200009,-9093.564719403996,2.000044600463333,1.8360029425489295,-0.0995636,5.5274963,5.6270599,-29.68130963634666,42.85343037883049,-106.52756,7.0477295,113.5752895
26199,0.04257202,4.8569946,76561199470374288,0,0.0,-0.027465799999999874,0.004455568,0.03672780000000042,0.004440311000000002,0.0003200000000012082,599.0666943400008,-9088.707724803995,2.000044600463333,1.8360029425489295,-0.0995636,5.5274963,5.6270599,-29.68130963634666,42.85343037883049,-106.52756,7.0477295,113.5752895
26200,0.04257202,4.7560425,76561199470374288,0,0.0,-0.10095209999999977,0.0,-0.0734862999999999,-0.004455568,-0.11021410000000031,599.1092663600008,-9083.951682303996,2.000044600463333,1.8360029425489295,-0.0995636,5.5274963,5.6270599,-29.68130963634666,42.85343037883049,-106.52756,7.0477295,113.5752895
26201,0.04257202,4.6825867,76561199470374288,0,0.0,-0.07345580000000052,0.0,0.027496299999999252,0.0,0.10098259999999915,599.1518383800008,-9079.269095603995,2.000044600463333,1.8360029425489295,-0.0995636,5.5274963,5.6270599,-29.68130963634666,42.85343037883049,-106.52756,7.0477295,113.5752895
26202,0.037765503,4.5864563,76561199470374288,0,-0.004806517000000003,-0.09613039999999984,-0.004806517000000003,-0.022674599999999323,-0.004806517000000003,-0.050170899999998575,599.1896038830007,-9074.682639303996,2.000044600463333,1.8360029425489295,-0.0995636,5.5274963,5.6270599,-29.68130963634666,42.85343037883049,-106.52756,7.0477295,113.5752895
26203,0.028839111,4.504059,76561199470374288,0,-0.008926391999999998,-0.08239730000000023,-0.004119874999999995,0.01373309999999961,0.0006866420000000081,0.03640769999999893,599.2184429940007,-9070.178580303995,2.000044600463333,1.8360029425489295,-0.0995636,5.5274963,5.6270599,-29.68130963634666,42.85343037883049,-106.52756,7.0477295,113.5752895
26204,0.019561768,4.4305725,76561199470374288,0,-0.009277343,-0.07348649999999957,-0.0003509510000000021,0.008910800000000663,0.003768923999999993,-0.004822299999998947,599.2380047620007,-9065.748007803995,2.000044600463333,1.8360029425489295,-0.0995636,5.5274963,5.6270599,-29.68130963634666,42.85343037883049,-106.52756,7.0477295,113.5752895
26205,0.019561768,4.398651,76561199470374288,0,0.0,-0.03192150000000016,0.009277343,0.04156499999999941,0.009628294000000003,0.032654199999998745,599.2575665300008,-9061.349356803996,2.000044600463333,1.8360029425489295,-0.0995636,5.5274963,5.6270599,-29.68130963634666,42.85343037883049,-106.52756,7.0477295,113.5752895
26206,0.019561768,4.274719,76561199470374288,0,0.0,-0.12393199999999993,0.0,-0.09201049999999977,-0.009277343,-0.13357549999999918,599.2771282980008,-9057.074637803997,2.000044600463333,1.8360029425489295,-0.0995636,5.5274963,5.6270599,-29.68130963634666,42.85343037883049,-106.52756,7.0477295,113.5752895
26207,0.019561768,4.160385,76561199470374288,0,0.0,-0.11433400000000038,0.0,0.009597999999999551,0.0,0.10160849999999932,599.2966900660008,-9052.914252803997,2.000044600463333,1.8360029425489295,-0.0995636,5.5274963,5.6270599,-29.68130963634666,42.85343037883049,-106.52756,7.0477295,113.5752895
26208,0.019561768,4.0961914,76561199470374288,0,0.0,-0.0641935999999994,0.0,0.05014040000000097,0.0,0.04054240000000142,599.3162518340008,-9048.818061403997,2.000044600463333,1.8360029425489295,-0.0995636,5.5274963,5.6270599,-29.68130963634666,42.85343037883049,-106.52756,7.0477295,113.5752895
26209,0.019561768,3.9585114,76561199470374288,0,0.0,-0.13768000000000047,0.0,-0.07348640000000106,0.0,-0.12362680000000204,599.3358136020008,-9044.859550003997,2.000044600463333,1.8360029425489295,-0.0995636,5.5274963,5.6270599,-29.68130963634666,42.85343037883049,-106.52756,7.0477295,113.5752895
26210,0.019561768,3.7432556,76561199470374288,0,0.0,-0.2152558,0.0,-0.07757579999999953,0.0,-0.0040893999999984665,599.3553753700008,-9041.116294403997,2.000044600463333,1.8360029425489295,-0.0995636,5.5274963,5.6270599,-29.68130963634666,42.85343037883049,-106.52756,7.0477295,113.5752895
26211,0.028839111,3.6653137,76561199470374288,0,0.009277343,-0.0779418999999999,0.009277343,0.1373139000000001,0.009277343,0.21488969999999963,599.3842144810009,-9037.450980703998,2.000044600463333,1.8360029425489295,-0.0995636,5.5274963,5.6270599,-29.68130963634666,42.85343037883049,-106.52756,7.0477295,113.5752895
26212,0.037765503,3.5324402,76561199470374288,0,0.008926391999999998,-0.1328735000000001,-0.0003509510000000021,-0.05493160000000019,-0.009628294000000003,-0.1922455000000003,599.4219799840008,-9033.918540503997,2.000044600463333,1.8360029425489295,-0.0995636,5.5274963,5.6270599,-29.68130963634666,42.85343037883049,-106.52756,7.0477295,113.5752895
26213,0.037765503,3.376587,76561199470374288,0,0.0,-0.15585320000000014,-0.008926391999999998,-0.022979700000000047,-0.008575440999999996,0.031951900000000144,599.4597454870008,-9030.541953503996,2.000044600463333,1.8360029425489295,-0.0995636,5.5274963,5.6270599,-29.68130963634666,42.85343037883049,-106.52756,7.0477295,113.5752895
26214,0.037765503,3.3442993,76561199470374288,0,0.0,-0.03228769999999992,0.0,0.12356550000000022,0.008926391999999998,0.14654520000000026,599.4975109900007,-9027.197654203996,2.000044600463333,1.8360029425489295,-0.0995636,5.5274963,5.6270599,-29.68130963634666,42.85343037883049,-106.52756,7.0477295,113.5752895
26215,0.037765503,3.3075714,76561199470374288,0,0.0,-0.036727899999999813,0.0,-0.004440199999999894,0.0,-0.1280057000000001,599.5352764930007,-9023.890082803995,2.000044600463333,1.8360029425489295,-0.0995636,5.5274963,5.6270599,-29.68130963634666,42.85343037883049,-106.52756,7.0477295,113.5752895
26216,0.037765503,3.2938385,76561199470374288,0,0.0,-0.013732899999999937,0.0,0.022994999999999877,0.0,0.02743519999999977,599.5730419960006,-9020.596244303995,2.000044600463333,1.8360029425489295,-0.0995636,5.5274963,5.6270599,-29.68130963634666,42.85343037883049,-106.52756,7.0477295,113.5752895
26217,0.037765503,3.2893677,76561199470374288,0,0.0,-0.004470799999999997,0.0,0.00926209999999994,0.0,-0.013732899999999937,599.6108074990005,-9017.306876603996,2.000044600463333,1.8360029425489295,-0.0995636,5.5274963,5.6270599,-29.68130963634666,42.85343037883049,-106.52756,7.0477295,113.5752895
26218,0.033294678,3.2526398,76561199470374288,0,-0.004470824999999998,-0.03672790000000026,-0.004470824999999998,-0.03225710000000026,-0.004470824999999998,-0.0415192000000002,599.6441021770005,-9014.054236803995,2.000044600463333,1.8360029425489295,-0.0995636,5.5274963,5.6270599,-29.68130963634666,42.85343037883049,-106.52756,7.0477295,113.5752895
26219,0.033294678,3.211441,76561199470374288,0,0.0,-0.04119879999999965,0.004470824999999998,-0.004470899999999389,0.008941649999999995,0.02778620000000087,599.6773968550004,-9010.842795803996,2.000044600463333,1.8360029425489295,-0.0995636,5.5274963,5.6270599,-29.68130963634666,42.85343037883049,-106.52756,7.0477295,113.5752895
26220,0.033294678,3.1747131,76561199470374288,0,0.0,-0.03672790000000026,0.0,0.004470899999999389,-0.004470824999999998,0.008941799999998779,599.7106915330004,-9007.668082703996,2.000044600463333,1.8360029425489295,-0.0995636,5.5274963,5.6270599,-29.68130963634666,42.85343037883049,-106.52756,7.0477295,113.5752895
26221,0.033294678,3.0555725,76561199470374288,0,0.0,-0.11914060000000015,0.0,-0.0824126999999999,0.0,-0.08688359999999928,599.7439862110003,-9004.612510203997,2.000044600463333,1.8360029425489295,-0.0995636,5.5274963,5.6270599,-29.68130963634666,42.85343037883049,-106.52756,7.0477295,113.5752895
26222,0.033294678,2.9824524,76561199470374288,0,0.0,-0.07312009999999969,0.0,0.046020500000000464,0.0,0.12843320000000036,599.7772808890003,-9001.630057803997,2.000044600463333,1.8360029425489295,-0.0995636,5.5274963,5.6270599,-29.68130963634666,42.85343037883049,-106.52756,7.0477295,113.5752895
26223,0.033294678,2.936432,76561199470374288,0,0.0,-0.04602040000000018,0.0,0.027099699999999505,0.0,-0.01892080000000096,599.8105755670002,-8998.693625803997,2.000044600463333,1.8360029425489295,-0.0995636,5.5274963,5.6270599,-29.68130963634666,42.85343037883049,-106.52756,7.0477295,113.5752895
26224,0.033294678,2.922699,76561199470374288,0,0.0,-0.013732999999999773,0.0,0.03228740000000041,0.0,0.0051877000000009055,599.8438702450002,-8995.770926803996,2.000044600463333,1.8360029425489295,-0.0995636,5.5274963,5.6270599,-29.68130963634666,42.85343037883049,-106.52756,7.0477295,113.5752895
26225,0.033294678,2.908966,76561199470374288,0,0.0,-0.013733000000000217,0.0,-4.440892098500626e-16,0.0,-0.032287400000000854,599.8771649230001,-8992.861960803995,2.000044600463333,1.8360029425489295,-0.0995636,5.5274963,5.6270599,-29.68130963634666,42.85343037883049,-106.52756,7.0477295,113.5752895
26226,0.033294678,2.908966,76561199470374288,0,0.0,0.0,0.0,0.013733000000000217,0.0,0.013733000000000661,599.9104596010001,-8989.952994803994,2.000044600463333,1.8360029425489295,-0.0995636,5.5274963,5.6270599,-29.68130963634666,42.85343037883049,-106.52756,7.0477295,113.5752895
26227,0.033294678,2.9045105,76561199470374288,0,0.0,-0.004455499999999724,0.0,-0.004455499999999724,0.0,-0.01818849999999994,599.943754279,-8987.048484303994,2.000044600463333,1.8360029425489295,-0.0995636,5.5274963,5.6270599,-29.68130963634666,42.85343037883049,-106.52756,7.0477295,113.5752895
26228,0.033294678,2.899704,76561199470374288,0,0.0,-0.00480650000000038,0.0,-0.00035100000000065634,0.0,0.004104499999999067,599.977048957,-8984.148780303994,2.000044600463333,1.8360029425489295,-0.0995636,5.5274963,5.6270599,-29.68130963634666,42.85343037883049,-106.52756,7.0477295,113.5752895
26229,0.033294678,2.8907776,76561199470374288,0,0.0,-0.008926400000000001,0.0,-0.004119899999999621,0.0,-0.0037688999999989647,600.0103436349999,-8981.258002703995,2.000044600463333,1.8360029425489295,-0.0995636,5.5274963,5.6270599,-29.68130963634666,42.85343037883049,-106.52756,7.0477295,113.5752895
26230,0.033294678,2.8677673,76561199470374288,0,0.0,-0.023010299999999706,0.0,-0.014083899999999705,0.0,-0.009964000000000084,600.0436383129999,-8978.390235403995,2.000044600463333,1.8360029425489295,-0.0995636,5.5274963,5.6270599,-29.68130963634666,42.85343037883049,-106.52756,7.0477295,113.5752895
26231,0.033294678,2.8128357,76561199470374288,0,0.0,-0.05493160000000019,0.0,-0.031921300000000485,0.0,-0.01783740000000078,600.0769329909998,-8975.577399703994,2.000044600463333,1.8360029425489295,-0.0995636,5.5274963,5.6270599,-29.68130963634666,42.85343037883049,-106.52756,7.0477295,113.5752895
26232,0.033294678,2.7898407,76561199470374288,0,0.0,-0.022994999999999877,0.0,0.031936600000000315,0.0,0.0638579000000008,600.1102276689998,-8972.787559003995,2.000044600463333,1.8360029425489295,-0.0995636,5.5274963,5.6270599,-29.68130963634666,42.85343037883049,-106.52756,7.0477295,113.5752895
26233,0.033294678,2.7438354,76561199470374288,0,0.0,-0.04600530000000003,0.0,-0.02301030000000015,0.0,-0.054946900000000465,600.1435223469997,-8970.043723603994,2.000044600463333,1.8360029425489295,-0.0995636,5.5274963,5.6270599,-29.68130963634666,42.85343037883049,-106.52756,7.0477295,113.5752895
26234,0.033294678,2.711914,76561199470374288,0,0.0,-0.03192139999999988,0.0,0.014083900000000149,0.0,0.0370942000000003,600.1768170249997,-8967.331809603995,2.000044600463333,1.8360029425489295,-0.0995636,5.5274963,5.6270599,-29.68130963634666,42.85343037883049,-106.52756,7.0477295,113.5752895
26235,0.033294678,2.6844482,76561199470374288,0,0.0,-0.027465800000000318,0.0,0.00445559999999956,0.0,-0.00962830000000059,600.2101117029996,-8964.647361403995,2.000044600463333,1.8360029425489295,-0.0995636,5.5274963,5.6270599,-29.68130963634666,42.85343037883049,-106.52756,7.0477295,113.5752895
26236,0.033294678,2.6658936,76561199470374288,0,0.0,-0.018554599999999866,0.0,0.008911200000000452,0.0,0.004455600000000892,600.2434063809995,-8961.981467803995,2.000044600463333,1.8360029425489295,-0.0995636,5.5274963,5.6270599,-29.68130963634666,42.85343037883049,-106.52756,7.0477295,113.5752895
26237,0.028839111,2.6521606,76561199470374288,0,-0.0044555670000000006,-0.013732999999999773,-0.0044555670000000006,0.0048216000000000925,-0.0044555670000000006,-0.00408960000000036,600.2722454919996,-8959.329307203994,2.000044600463333,1.8360029425489295,-0.0995636,5.5274963,5.6270599,-29.68130963634666,42.85343037883049,-106.52756,7.0477295,113.5752895
26238,0.028839111,2.6384277,76561199470374288,0,0.0,-0.013732900000000381,0.0044555670000000006,9.99999993922529e-08,0.008911134000000001,-0.0048215000000007,600.3010846029996,-8956.690879503994,2.000044600463333,1.8360029425489295,-0.0995636,5.5274963,5.6270599,-29.68130963634666,42.85343037883049,-106.52756,7.0477295,113.5752895
26239,0.024032593,2.6246948,76561199470374288,0,-0.004806517999999999,-0.013732899999999937,-0.004806517999999999,4.440892098500626e-16,-0.009262085,-9.999999894816369e-08,600.3251171959996,-8954.066184703994,2.000044600463333,1.8360029425489295,-0.0995636,5.5274963,5.6270599,-29.68130963634666,42.85343037883049,-106.52756,7.0477295,113.5752895
26240,0.024032593,2.6065063,76561199470374288,0,0.0,-0.01818849999999994,0.004806517999999999,-0.004455600000000004,0.009613035999999998,-0.004455600000000448,600.3491497889996,-8951.459678403993,2.000044600463333,1.8360029425489295,-0.0995636,5.5274963,5.6270599,-29.68130963634666,42.85343037883049,-106.52756,7.0477295,113.5752895
26241,0.024032593,2.5927734,76561199470374288,0,0.0,-0.013732899999999937,0.0,0.004455600000000004,-0.004806517999999999,0.008911200000000008,600.3731823819996,-8948.866905003993,2.000044600463333,1.8360029425489295,-0.0995636,5.5274963,5.6270599,-29.68130963634666,42.85343037883049,-106.52756,7.0477295,113.5752895
26242,0.024032593,2.5378418,76561199470374288,0,0.0,-0.05493160000000019,0.0,-0.041198700000000255,0.0,-0.04565430000000026,600.3972149749997,-8946.329063203993,2.000044600463333,1.8360029425489295,-0.0995636,5.5274963,5.6270599,-29.68130963634666,42.85343037883049,-106.52756,7.0477295,113.5752895
26243,0.024032593,2.4918365,76561199470374288,0,0.0,-0.04600530000000003,0.0,0.008926300000000165,0.0,0.05012500000000042,600.4212475679997,-8943.837226703994,2.000044600463333,1.8360029425489295,-0.0995636,5.5274963,5.6270599,-29.68130963634666,42.85343037883049,-106.52756,7.0477295,113.5752895
26244,0.024032593,2.446167,76561199470374288,0,0.0,-0.04566949999999981,0.0,0.00033580000000021926,0.0,-0.008590499999999945,600.4452801609997,-8941.391059703994,2.000044600463333,1.8360029425489295,-0.0995636,5.5274963,5.6270599,-29.68130963634666,42.85343037883049,-106.52756,7.0477295,113.5752895
26245,0.024032593,2.423172,76561199470374288,0,0.0,-0.022994999999999877,0.0,0.02267449999999993,0.0,0.02233869999999971,600.4693127539997,-8938.967887703993,2.000044600463333,1.8360029425489295,-0.0995636,5.5274963,5.6270599,-29.68130963634666,42.85343037883049,-106.52756,7.0477295,113.5752895
26246,0.024032593,2.3727112,76561199470374288,0,0.0,-0.050460800000000194,0.0,-0.027465800000000318,0.0,-0.05014030000000025,600.4933453469997,-8936.595176503994,2.000044600463333,1.8360029425489295,-0.0995636,5.5274963,5.6270599,-29.68130963634666,42.85343037883049,-106.52756,7.0477295,113.5752895
26247,0.024032593,2.3589783,76561199470374288,0,0.0,-0.013732899999999937,0.0,0.03672790000000026,0.0,0.06419370000000058,600.5173779399997,-8934.236198203993,2.000044600463333,1.8360029425489295,-0.0995636,5.5274963,5.6270599,-29.68130963634666,42.85343037883049,-106.52756,7.0477295,113.5752895
26248,0.024032593,2.335968,76561199470374288,0,0.0,-0.02301030000000015,0.0,-0.009277400000000213,0.0,-0.04600530000000047,600.5414105329997,-8931.900230203993,2.000044600463333,1.8360029425489295,-0.0995636,5.5274963,5.6270599,-29.68130963634666,42.85343037883049,-106.52756,7.0477295,113.5752895
26249,0.015106201,2.2810364,76561199470374288,0,-0.008926392000000002,-0.05493159999999975,-0.008926392000000002,-0.0319212999999996,-0.008926392000000002,-0.022643899999999384,600.5565167339997,-8929.619193803994,2.000044600463333,1.8360029425489295,-0.0995636,5.5274963,5.6270599,-29.68130963634666,42.85343037883049,-106.52756,7.0477295,113.5752895
26250,0.010299683,2.2673035,76561199470374288,0,-0.004806517999999999,-0.013732899999999937,0.0041198740000000025,0.04119869999999981,0.013046266000000004,0.07311999999999941,600.5668164169997,-8927.351890303993,2.000044600463333,1.8360029425489295,-0.0995636,5.5274963,5.6270599,-29.68130963634666,42.85343037883049,-106.52756,7.0477295,113.5752895
26251,0.001373291,2.2261047,76561199470374288,0,-0.008926392,-0.04119880000000009,-0.004119874000000001,-0.027465900000000154,-0.008239748000000003,-0.06866459999999996,600.5681897079997,-8925.125785603994,2.000044600463333,1.8360029425489295,-0.0995636,5.5274963,5.6270599,-29.68130963634666,42.85343037883049,-106.52756,7.0477295,113.5752895
26252,-0.007904053,2.1526337,76561199470374288,0,-0.009277344,-0.07347100000000006,-0.00035095199999999986,-0.03227219999999997,0.003768922000000001,-0.004806299999999819,600.5602856549998,-8922.973151903994,2.000044600463333,1.8360029425489295,-0.0995636,5.5274963,5.6270599,-29.68130963634666,42.85343037883049,-106.52756,7.0477295,113.5752895
26253,-0.012359619,2.1251678,76561199470374288,0,-0.004455566000000001,-0.027465900000000154,0.004821777999999999,0.04600509999999991,0.005172729999999999,0.07827729999999988,600.5479260359998,-8920.847984103993,2.000044600463333,1.8360029425489295,-0.0995636,5.5274963,5.6270599,-29.68130963634666,42.85343037883049,-106.52756,7.0477295,113.5752895
26254,-0.017166138,2.0657654,76561199470374288,0,-0.004806519,-0.059402399999999744,-0.00035095299999999933,-0.03193649999999959,-0.005172730999999998,-0.0779415999999995,600.5307598979998,-8918.782218703993,2.000044600463333,1.8360029425489295,-0.0995636,5.5274963,5.6270599,-29.68130963634666,42.85343037883049,-106.52756,7.0477295,113.5752895
26255,-0.026428223,1.9967651,76561199470374288,0,-0.009262085,-0.06900030000000013,-0.004455565999999999,-0.009597900000000381,-0.004104613,0.02233859999999921,600.5043316749998,-8916.785453603992,2.000044600463333,1.8360029425489295,-0.0995636,5.5274963,5.6270599,-29.68130963634666,42.85343037883049,-106.52756,7.0477295,113.5752895
26256,-0.035369873,1.923645,76561199470374288,0,-0.008941650000000002,-0.07312009999999991,0.0003204349999999974,-0.004119799999999785,0.004776000999999997,0.005478100000000596,600.4689618019997,-8914.861808603991,2.000044600463333,1.8360029425489295,-0.0995636,5.5274963,5.6270599,-29.68130963634666,42.85343037883049,-106.52756,7.0477295,113.5752895
26257,-0.053894043,1.8501587,76561199470374288,0,-0.01852417,-0.07348630000000012,-0.009582519999999997,-0.00036620000000020525,-0.009902954999999995,0.0037535999999995795,600.4150677589997,-8913.011649903992,2.000044600463333,1.8360029425489295,-0.0995636,5.5274963,5.6270599,-29.68130963634666,42.85343037883049,-106.52756,7.0477295,113.5752895
26258,-0.06283569,1.795227,76561199470374288,0,-0.008941646999999997,-0.05493170000000003,0.009582523000000003,0.018554600000000088,0.019165043,0.018920800000000293,600.3522320689997,-8911.216422903992,2.000044600463333,1.8360029425489295,-0.0995636,5.5274963,5.6270599,-29.68130963634666,42.85343037883049,-106.52756,7.0477295,113.5752895
26259,-0.07209778,1.7584991,76561199470374288,0,-0.00926209,-0.036727899999999813,-0.0003204430000000036,0.018203800000000214,-0.009902966000000006,-0.00035079999999987344,600.2801342889996,-8909.457923803991,2.000044600463333,1.8360029425489295,-0.0995636,5.5274963,5.6270599,-29.68130963634666,42.85343037883049,-106.52756,7.0477295,113.5752895
26260,-0.08135986,1.7310333,76561199470374288,0,-0.009262080000000006,-0.027465800000000096,9.999999994736442e-09,0.009262099999999718,0.0003204529999999983,-0.008941700000000496,600.1987744289996,-8907.726890503991,2.000044600463333,1.8360029425489295,-0.0995636,5.5274963,5.6270599,-29.68130963634666,42.85343037883049,-106.52756,7.0477295,113.5752895
26261,-0.08583069,1.7128296,76561199470374288,0,-0.004470829999999995,-0.018203699999999934,0.004791250000000011,0.009262100000000162,0.004791240000000016,4.440892098500626e-16,600.1129437389997,-8906.014060903992,2.000044600463333,1.8360029425489295,-0.0995636,5.5274963,5.6270599,-29.68130963634666,42.85343037883049,-106.52756,7.0477295,113.5752895
26262,-0.0995636,1.62117,76561199470374288,0,-0.013732910000000001,-0.09165960000000006,-0.009262080000000006,-0.07345590000000013,-0.014053330000000017,-0.08271800000000029,600.0133801389997,-8904.392890903991,2.000044600463333,1.8360029425489295,-0.0995636,5.5274963,5.6270599,-29.68130963634666,42.85343037883049,-106.52756,7.0477295,113.5752895
