tick,pitch,X,yaw,Y,Z,label,kill_distance,pitch_delta_at_kill,yaw_delta_at_kill,player_speed,pitch_velocity,yaw_velocity,pitch_acceleration,yaw_acceleration,pitch_jerk,yaw_jerk,snap_magnitude,speed_rolling_std,speed_rolling_mean,position_delta,position_jumpiness,cumulative_pitch,cumulative_yaw,angle_magnitude,yaw_change_sign,pitch_change_sign,direction_flips,flip_rate,yaw_rolling_std,pitch_rolling_std,yaw_rolling_mean,pitch_rolling_mean,pitch_peaks,yaw_peaks,pitch_mean,pitch_std,pitch_min,pitch_max,pitch_range,pitch_skew,pitch_kurtosis,yaw_mean,yaw_std,yaw_min,yaw_max,yaw_range,yaw_skew,yaw_kurtosis,pitch_velocity_mean,pitch_velocity_std,pitch_velocity_min,pitch_velocity_max,pitch_velocity_range,pitch_velocity_skew,pitch_velocity_kurtosis,yaw_velocity_mean,yaw_velocity_std,yaw_velocity_min,yaw_velocity_max,yaw_velocity_range,yaw_velocity_skew,yaw_velocity_kurtosis,angle_magnitude_mean,angle_magnitude_std,angle_magnitude_min,angle_magnitude_max,angle_magnitude_range,angle_magnitude_skew,angle_magnitude_kurtosis,weapon_grenade,weapon_lmg,weapon_melee,weapon_pistol,weapon_rifle,weapon_shotgun,weapon_smg,weapon_sniper,weapon_unknown
25930,0.0,-608.0,-45.0,2120.0,16.056595,0,0.0,0.0,0.0,0.0,0.0,0.0,0.0,0.0,0.0,0.0,0.0,0.0,0.0,0.0,0.0,0.0,-450.0,0.0,0.0,0.0,0,0.0,0.0,0.0,-45.0,0.0,0,0,0.0,0.0,0.0,0.0,0.0,0.0,0.0,-45.0,0.0,-45.0,-45.0,0.0,0.0,0.0,0.0,0.0,0.0,0.0,0.0,0.0,0.0,0.0,0.0,0.0,0.0,0.0,0.0,0.0,0.0,0.0,0.0,0.0,0.0,0.0,0.0,0.0,0.0,0.0,0.0,0.0,0.0,0.0,0.0,1.0
25931,0.0,-608.0,-45.0,2120.0,16.056595,0,0.0,0.0,0.0,0.0,0.0,0.0,0.0,0.0,0.0,0.0,0.0,0.0,0.0,0.0,0.0,0.0,-495.0,0.0,0.0,0.0,0,0.0,0.0,0.0,-45.0,0.0,0,0,0.0,0.0,0.0,0.0,0.0,0.0,0.0,-45.0,0.0,-45.0,-45.0,0.0,0.0,0.0,0.0,0.0,0.0,0.0,0.0,0.0,0.0,0.0,0.0,0.0,0.0,0.0,0.0,0.0,0.0,0.0,0.0,0.0,0.0,0.0,0.0,0.0,0.0,0.0,0.0,0.0,0.0,0.0,0.0,1.0
25932,0.0,-608.0,-45.0,2120.0,16.056595,0,0.0,0.0,0.0,0.0,0.0,0.0,0.0,0.0,0.0,0.0,0.0,0.0,0.0,0.0,0.0,0.0,-540.0,0.0,0.0,0.0,0,0.0,0.0,0.0,-45.0,0.0,0,0,0.0,0.0,0.0,0.0,0.0,0.0,0.0,-45.0,0.0,-45.0,-45.0,0.0,0.0,0.0,0.0,0.0,0.0,0.0,0.0,0.0,0.0,0.0,0.0,0.0,0.0,0.0,0.0,0.0,0.0,0.0,0.0,0.0,0.0,0.0,0.0,0.0,0.0,0.0,0.0,0.0,0.0,0.0,0.0,1.0
25933,0.0,-608.0,-45.0,2120.0,16.056595,0,0.0,0.0,0.0,0.0,0.0,0.0,0.0,0.0,0.0,0.0,0.0,0.0,0.0,0.0,0.0,0.0,-585.0,0.0,0.0,0.0,0,0.0,0.0,0.0,-45.0,0.0,0,0,0.0,0.0,0.0,0.0,0.0,0.0,0.0,-45.0,0.0,-45.0,-45.0,0.0,0.0,0.0,0.0,0.0,0.0,0.0,0.0,0.0,0.0,0.0,0.0,0.0,0.0,0.0,0.0,0.0,0.0,0.0,0.0,0.0,0.0,0.0,0.0,0.0,0.0,0.0,0.0,0.0,0.0,0.0,0.0,1.0
25934,0.0,-608.0,-45.0,2120.0,16.056595,0,0.0,0.0,0.0,0.0,0.0,0.0,0.0,0.0,0.0,0.0,0.0,0.0,0.0,0.0,0.0,0.0,-630.0,0.0,0.0,0.0,0,0.0,0.0,0.0,-45.0,0.0,0,0,0.0,0.0,0.0,0.0,0.0,0.0,0.0,-45.0,0.0,-45.0,-45.0,0.0,0.0,0.0,0.0,0.0,0.0,0.0,0.0,0.0,0.0,0.0,0.0,0.0,0.0,0.0,0.0,0.0,0.0,0.0,0.0,0.0,0.0,0.0,0.0,0.0,0.0,0.0,0.0,0.0,0.0,0.0,0.0,1.0
25935,0.0,-608.0,-45.0,2120.0,16.056595,0,0.0,0.0,0.0,0.0,0.0,0.0,0.0,0.0,0.0,0.0,0.0,0.0,0.0,0.0,0.0,0.0,-675.0,0.0,0.0,0.0,0,0.0,0.0,0.0,-45.0,0.0,0,0,0.0,0.0,0.0,0.0,0.0,0.0,0.0,-45.0,0.0,-45.0,-45.0,0.0,0.0,0.0,0.0,0.0,0.0,0.0,0.0,0.0,0.0,0.0,0.0,0.0,0.0,0.0,0.0,0.0,0.0,0.0,0.0,0.0,0.0,0.0,0.0,0.0,0.0,0.0,0.0,0.0,0.0,0.0,0.0,1.0
25936,0.0,-608.0,-45.0,2120.0,16.056595,0,0.0,0.0,0.0,0.0,0.0,0.0,0.0,0.0,0.0,0.0,0.0,0.0,0.0,0.0,0.0,0.0,-720.0,0.0,0.0,0.0,0,0.0,0.0,0.0,-45.0,0.0,0,0,0.0,0.0,0.0,0.0,0.0,0.0,0.0,-45.0,0.0,-45.0,-45.0,0.0,0.0,0.0,0.0,0.0,0.0,0.0,0.0,0.0,0.0,0.0,0.0,0.0,0.0,0.0,0.0,0.0,0.0,0.0,0.0,0.0,0.0,0.0,0.0,0.0,0.0,0.0,0.0,0.0,0.0,0.0,0.0,1.0
25937,0.0,-608.0,-45.0,2120.0,16.056595,0,0.0,0.0,0.0,0.0,0.0,0.0,0.0,0.0,0.0,0.0,0.0,0.0,0.0,0.0,0.0,0.0,-765.0,0.0,0.0,0.0,0,0.0,0.0,0.0,-45.0,0.0,0,0,0.0,0.0,0.0,0.0,0.0,0.0,0.0,-45.0,0.0,-45.0,-45.0,0.0,0.0,0.0,0.0,0.0,0.0,0.0,0.0,0.0,0.0,0.0,0.0,0.0,0.0,0.0,0.0,0.0,0.0,0.0,0.0,0.0,0.0,0.0,0.0,0.0,0.0,0.0,0.0,0.0,0.0,0.0,0.0,1.0
25938,0.0,-608.0,-45.0,2120.0,16.056595,0,0.0,0.0,0.0,0.0,0.0,0.0,0.0,0.0,0.0,0.0,0.0,0.0,0.0,0.0,0.0,0.0,-810.0,0.0,0.0,0.0,0,0.0,0.0,0.0,-45.0,0.0,0,0,0.0,0.0,0.0,0.0,0.0,0.0,0.0,-45.0,0.0,-45.0,-45.0,0.0,0.0,0.0,0.0,0.0,0.0,0.0,0.0,0.0,0.0,0.0,0.0,0.0,0.0,0.0,0.0,0.0,0.0,0.0,0.0,0.0,0.0,0.0,0.0,0.0,0.0,0.0,0.0,0.0,0.0,0.0,0.0,1.0
25939,0.0,-608.0,-45.0,2120.0,16.056595,0,0.0,0.0,0.0,0.0,0.0,0.0,0.0,0.0,0.0,0.0,0.0,0.0,0.0,0.0,0.0,0.0,-855.0,0.0,0.0,0.0,0,0.0,0.0,0.0,-45.0,0.0,0,0,0.0,0.0,0.0,0.0,0.0,0.0,0.0,-45.0,0.0,-45.0,-45.0,0.0,0.0,0.0,0.0,0.0,0.0,0.0,0.0,0.0,0.0,0.0,0.0,0.0,0.0,0.0,0.0,0.0,0.0,0.0,0.0,0.0,0.0,0.0,0.0,0.0,0.0,0.0,0.0,0.0,0.0,0.0,0.0,1.0
25940,0.0,-608.0,-45.0,2120.0,16.056595,0,0.0,0.0,0.0,0.0,0.0,0.0,0.0,0.0,0.0,0.0,0.0,0.0,0.0,0.0,0.0,0.0,-900.0,0.0,0.0,0.0,0,0.0,0.0,0.0,-45.0,0.0,0,0,0.0,0.0,0.0,0.0,0.0,0.0,0.0,-45.0,0.0,-45.0,-45.0,0.0,0.0,0.0,0.0,0.0,0.0,0.0,0.0,0.0,0.0,0.0,0.0,0.0,0.0,0.0,0.0,0.0,0.0,0.0,0.0,0.0,0.0,0.0,0.0,0.0,0.0,0.0,0.0,0.0,0.0,0.0,0.0,1.0
25941,0.0,-608.0,-45.0,2120.0,16.056595,0,0.0,0.0,0.0,0.0,0.0,0.0,0.0,0.0,0.0,0.0,0.0,0.0,0.0,0.0,0.0,0.0,-945.0,0.0,0.0,0.0,0,0.0,0.0,0.0,-45.0,0.0,0,0,0.0,0.0,0.0,0.0,0.0,0.0,0.0,-45.0,0.0,-45.0,-45.0,0.0,0.0,0.0,0.0,0.0,0.0,0.0,0.0,0.0,0.0,0.0,0.0,0.0,0.0,0.0,0.0,0.0,0.0,0.0,0.0,0.0,0.0,0.0,0.0,0.0,0.0,0.0,0.0,0.0,0.0,0.0,0.0,1.0
25942,0.0,-608.0,-45.0,2120.0,16.056595,0,0.0,0.0,0.0,0.0,0.0,0.0,0.0,0.0,0.0,0.0,0.0,0.0,0.0,0.0,0.0,0.0,-990.0,0.0,0.0,0.0,0,0.0,0.0,0.0,-45.0,0.0,0,0,0.0,0.0,0.0,0.0,0.0,0.0,0.0,-45.0,0.0,-45.0,-45.0,0.0,0.0,0.0,0.0,0.0,0.0,0.0,0.0,0.0,0.0,0.0,0.0,0.0,0.0,0.0,0.0,0.0,0.0,0.0,0.0,0.0,0.0,0.0,0.0,0.0,0.0,0.0,0.0,0.0,0.0,0.0,0.0,1.0
25943,0.0,-608.0,-45.0,2120.0,16.056595,0,0.0,0.0,0.0,0.0,0.0,0.0,0.0,0.0,0.0,0.0,0.0,0.0,0.0,0.0,0.0,0.0,-1035.0,0.0,0.0,0.0,0,0.0,0.0,0.0,-45.0,0.0,0,0,0.0,0.0,0.0,0.0,0.0,0.0,0.0,-45.0,0.0,-45.0,-45.0,0.0,0.0,0.0,0.0,0.0,0.0,0.0,0.0,0.0,0.0,0.0,0.0,0.0,0.0,0.0,0.0,0.0,0.0,0.0,0.0,0.0,0.0,0.0,0.0,0.0,0.0,0.0,0.0,0.0,0.0,0.0,0.0,1.0
25944,0.0,-608.0,-45.0,2120.0,16.056595,0,0.0,0.0,0.0,0.0,0.0,0.0,0.0,0.0,0.0,0.0,0.0,0.0,0.0,0.0,0.0,0.0,-1080.0,0.0,0.0,0.0,0,0.0,0.0,0.0,-45.0,0.0,0,0,0.0,0.0,0.0,0.0,0.0,0.0,0.0,-45.0,0.0,-45.0,-45.0,0.0,0.0,0.0,0.0,0.0,0.0,0.0,0.0,0.0,0.0,0.0,0.0,0.0,0.0,0.0,0.0,0.0,0.0,0.0,0.0,0.0,0.0,0.0,0.0,0.0,0.0,0.0,0.0,0.0,0.0,0.0,0.0,1.0
25945,0.0,-608.0,-45.0,2120.0,16.056595,0,0.0,0.0,0.0,0.0,0.0,0.0,0.0,0.0,0.0,0.0,0.0,0.0,0.0,0.0,0.0,0.0,-1125.0,0.0,0.0,0.0,0,0.0,0.0,0.0,-45.0,0.0,0,0,0.0,0.0,0.0,0.0,0.0,0.0,0.0,-45.0,0.0,-45.0,-45.0,0.0,0.0,0.0,0.0,0.0,0.0,0.0,0.0,0.0,0.0,0.0,0.0,0.0,0.0,0.0,0.0,0.0,0.0,0.0,0.0,0.0,0.0,0.0,0.0,0.0,0.0,0.0,0.0,0.0,0.0,0.0,0.0,1.0
25946,0.0,-608.0,-45.0,2120.0,16.056595,0,0.0,0.0,0.0,0.0,0.0,0.0,0.0,0.0,0.0,0.0,0.0,0.0,0.0,0.0,0.0,0.0,-1170.0,0.0,0.0,0.0,0,0.0,0.0,0.0,-45.0,0.0,0,0,0.0,0.0,0.0,0.0,0.0,0.0,0.0,-45.0,0.0,-45.0,-45.0,0.0,0.0,0.0,0.0,0.0,0.0,0.0,0.0,0.0,0.0,0.0,0.0,0.0,0.0,0.0,0.0,0.0,0.0,0.0,0.0,0.0,0.0,0.0,0.0,0.0,0.0,0.0,0.0,0.0,0.0,0.0,0.0,1.0
25947,0.0,-608.0,-45.0,2120.0,16.056595,0,0.0,0.0,0.0,0.0,0.0,0.0,0.0,0.0,0.0,0.0,0.0,0.0,0.0,0.0,0.0,0.0,-1215.0,0.0,0.0,0.0,0,0.0,0.0,0.0,-45.0,0.0,0,0,0.0,0.0,0.0,0.0,0.0,0.0,0.0,-45.0,0.0,-45.0,-45.0,0.0,0.0,0.0,0.0,0.0,0.0,0.0,0.0,0.0,0.0,0.0,0.0,0.0,0.0,0.0,0.0,0.0,0.0,0.0,0.0,0.0,0.0,0.0,0.0,0.0,0.0,0.0,0.0,0.0,0.0,0.0,0.0,1.0
25948,0.0,-608.0,-45.0,2120.0,16.056595,0,0.0,0.0,0.0,0.0,0.0,0.0,0.0,0.0,0.0,0.0,0.0,0.0,0.0,0.0,0.0,0.0,-1260.0,0.0,0.0,0.0,0,0.0,0.0,0.0,-45.0,0.0,0,0,0.0,0.0,0.0,0.0,0.0,0.0,0.0,-45.0,0.0,-45.0,-45.0,0.0,0.0,0.0,0.0,0.0,0.0,0.0,0.0,0.0,0.0,0.0,0.0,0.0,0.0,0.0,0.0,0.0,0.0,0.0,0.0,0.0,0.0,0.0,0.0,0.0,0.0,0.0,0.0,0.0,0.0,0.0,0.0,1.0
25949,0.0,-608.0,-45.0,2120.0,16.056595,0,0.0,0.0,0.0,0.0,0.0,0.0,0.0,0.0,0.0,0.0,0.0,0.0,0.0,0.0,0.0,0.0,-1305.0,0.0,0.0,0.0,0,0.0,0.0,0.0,-45.0,0.0,0,0,0.0,0.0,0.0,0.0,0.0,0.0,0.0,-45.0,0.0,-45.0,-45.0,0.0,0.0,0.0,0.0,0.0,0.0,0.0,0.0,0.0,0.0,0.0,0.0,0.0,0.0,0.0,0.0,0.0,0.0,0.0,0.0,0.0,0.0,0.0,0.0,0.0,0.0,0.0,0.0,0.0,0.0,0.0,0.0,1.0
25950,0.0,-608.0,-45.0,2120.0,16.056595,0,0.0,0.0,0.0,0.0,0.0,0.0,0.0,0.0,0.0,0.0,0.0,0.0,0.0,0.0,0.0,0.0,-1350.0,0.0,0.0,0.0,0,0.0,0.0,0.0,-45.0,0.0,0,0,0.0,0.0,0.0,0.0,0.0,0.0,0.0,-45.0,0.0,-45.0,-45.0,0.0,0.0,0.0,0.0,0.0,0.0,0.0,0.0,0.0,0.0,0.0,0.0,0.0,0.0,0.0,0.0,0.0,0.0,0.0,0.0,0.0,0.0,0.0,0.0,0.0,0.0,0.0,0.0,0.0,0.0,0.0,0.0,1.0
25951,0.0,-608.0,-45.0,2120.0,16.056595,0,0.0,0.0,0.0,0.0,0.0,0.0,0.0,0.0,0.0,0.0,0.0,0.0,0.0,0.0,0.0,0.0,-1395.0,0.0,0.0,0.0,0,0.0,0.0,0.0,-45.0,0.0,0,0,0.0,0.0,0.0,0.0,0.0,0.0,0.0,-45.0,0.0,-45.0,-45.0,0.0,0.0,0.0,0.0,0.0,0.0,0.0,0.0,0.0,0.0,0.0,0.0,0.0,0.0,0.0,0.0,0.0,0.0,0.0,0.0,0.0,0.0,0.0,0.0,0.0,0.0,0.0,0.0,0.0,0.0,0.0,0.0,1.0
25952,0.0,-608.0,-45.0,2120.0,16.056595,0,0.0,0.0,0.0,0.0,0.0,0.0,0.0,0.0,0.0,0.0,0.0,0.0,0.0,0.0,0.0,0.0,-1440.0,0.0,0.0,0.0,0,0.0,0.0,0.0,-45.0,0.0,0,0,0.0,0.0,0.0,0.0,0.0,0.0,0.0,-45.0,0.0,-45.0,-45.0,0.0,0.0,0.0,0.0,0.0,0.0,0.0,0.0,0.0,0.0,0.0,0.0,0.0,0.0,0.0,0.0,0.0,0.0,0.0,0.0,0.0,0.0,0.0,0.0,0.0,0.0,0.0,0.0,0.0,0.0,0.0,0.0,1.0
25953,0.0,-608.0,-45.0,2120.0,16.056595,0,0.0,0.0,0.0,0.0,0.0,0.0,0.0,0.0,0.0,0.0,0.0,0.0,0.0,0.0,0.0,0.0,-1485.0,0.0,0.0,0.0,0,0.0,0.0,0.0,-45.0,0.0,0,0,0.0,0.0,0.0,0.0,0.0,0.0,0.0,-45.0,0.0,-45.0,-45.0,0.0,0.0,0.0,0.0,0.0,0.0,0.0,0.0,0.0,0.0,0.0,0.0,0.0,0.0,0.0,0.0,0.0,0.0,0.0,0.0,0.0,0.0,0.0,0.0,0.0,0.0,0.0,0.0,0.0,0.0,0.0,0.0,1.0
25954,0.0,-608.0,-45.0,2120.0,16.056595,0,0.0,0.0,0.0,0.0,0.0,0.0,0.0,0.0,0.0,0.0,0.0,0.0,0.0,0.0,0.0,0.0,-1530.0,0.0,0.0,0.0,0,0.0,0.0,0.0,-45.0,0.0,0,0,0.0,0.0,0.0,0.0,0.0,0.0,0.0,-45.0,0.0,-45.0,-45.0,0.0,0.0,0.0,0.0,0.0,0.0,0.0,0.0,0.0,0.0,0.0,0.0,0.0,0.0,0.0,0.0,0.0,0.0,0.0,0.0,0.0,0.0,0.0,0.0,0.0,0.0,0.0,0.0,0.0,0.0,0.0,0.0,1.0
25955,0.0,-608.0,-45.0,2120.0,16.056595,0,0.0,0.0,0.0,0.0,0.0,0.0,0.0,0.0,0.0,0.0,0.0,0.0,0.0,0.0,0.0,0.0,-1575.0,0.0,0.0,0.0,0,0.0,0.0,0.0,-45.0,0.0,0,0,0.0,0.0,0.0,0.0,0.0,0.0,0.0,-45.0,0.0,-45.0,-45.0,0.0,0.0,0.0,0.0,0.0,0.0,0.0,0.0,0.0,0.0,0.0,0.0,0.0,0.0,0.0,0.0,0.0,0.0,0.0,0.0,0.0,0.0,0.0,0.0,0.0,0.0,0.0,0.0,0.0,0.0,0.0,0.0,1.0
25956,0.0,-608.0,-45.0,2120.0,16.056595,0,0.0,0.0,0.0,0.0,0.0,0.0,0.0,0.0,0.0,0.0,0.0,0.0,0.0,0.0,0.0,0.0,-1620.0,0.0,0.0,0.0,0,0.0,0.0,0.0,-45.0,0.0,0,0,0.0,0.0,0.0,0.0,0.0,0.0,0.0,-45.0,0.0,-45.0,-45.0,0.0,0.0,0.0,0.0,0.0,0.0,0.0,0.0,0.0,0.0,0.0,0.0,0.0,0.0,0.0,0.0,0.0,0.0,0.0,0.0,0.0,0.0,0.0,0.0,0.0,0.0,0.0,0.0,0.0,0.0,0.0,0.0,1.0
25957,0.0,-608.0,-45.0,2120.0,16.056595,0,0.0,0.0,0.0,0.0,0.0,0.0,0.0,0.0,0.0,0.0,0.0,0.0,0.0,0.0,0.0,0.0,-1665.0,0.0,0.0,0.0,0,0.0,0.0,0.0,-45.0,0.0,0,0,0.0,0.0,0.0,0.0,0.0,0.0,0.0,-45.0,0.0,-45.0,-45.0,0.0,0.0,0.0,0.0,0.0,0.0,0.0,0.0,0.0,0.0,0.0,0.0,0.0,0.0,0.0,0.0,0.0,0.0,0.0,0.0,0.0,0.0,0.0,0.0,0.0,0.0,0.0,0.0,0.0,0.0,0.0,0.0,1.0
25958,0.0,-608.0,-45.0,2120.0,16.056595,0,0.0,0.0,0.0,0.0,0.0,0.0,0.0,0.0,0.0,0.0,0.0,0.0,0.0,0.0,0.0,0.0,-1710.0,0.0,0.0,0.0,0,0.0,0.0,0.0,-45.0,0.0,0,0,0.0,0.0,0.0,0.0,0.0,0.0,0.0,-45.0,0.0,-45.0,-45.0,0.0,0.0,0.0,0.0,0.0,0.0,0.0,0.0,0.0,0.0,0.0,0.0,0.0,0.0,0.0,0.0,0.0,0.0,0.0,0.0,0.0,0.0,0.0,0.0,0.0,0.0,0.0,0.0,0.0,0.0,0.0,0.0,1.0
25959,0.0,-608.0,-45.0,2120.0,16.056595,0,0.0,0.0,0.0,0.0,0.0,0.0,0.0,0.0,0.0,0.0,0.0,0.0,0.0,0.0,0.0,0.0,-1755.0,0.0,0.0,0.0,0,0.0,0.0,0.0,-45.0,0.0,0,0,0.0,0.0,0.0,0.0,0.0,0.0,0.0,-45.0,0.0,-45.0,-45.0,0.0,0.0,0.0,0.0,0.0,0.0,0.0,0.0,0.0,0.0,0.0,0.0,0.0,0.0,0.0,0.0,0.0,0.0,0.0,0.0,0.0,0.0,0.0,0.0,0.0,0.0,0.0,0.0,0.0,0.0,0.0,0.0,1.0
25960,0.0,-608.0,-45.0,2120.0,16.056595,0,0.0,0.0,0.0,0.0,0.0,0.0,0.0,0.0,0.0,0.0,0.0,0.0,0.0,0.0,0.0,0.0,-1800.0,0.0,0.0,0.0,0,0.0,0.0,0.0,-45.0,0.0,0,0,0.0,0.0,0.0,0.0,0.0,0.0,0.0,-45.0,0.0,-45.0,-45.0,0.0,0.0,0.0,0.0,0.0,0.0,0.0,0.0,0.0,0.0,0.0,0.0,0.0,0.0,0.0,0.0,0.0,0.0,0.0,0.0,0.0,0.0,0.0,0.0,0.0,0.0,0.0,0.0,0.0,0.0,0.0,0.0,1.0
25961,0.0,-608.0,-45.0,2120.0,16.056595,0,0.0,0.0,0.0,0.0,0.0,0.0,0.0,0.0,0.0,0.0,0.0,0.0,0.0,0.0,0.0,0.0,-1845.0,0.0,0.0,0.0,0,0.0,0.0,0.0,-45.0,0.0,0,0,0.0,0.0,0.0,0.0,0.0,0.0,0.0,-45.0,0.0,-45.0,-45.0,0.0,0.0,0.0,0.0,0.0,0.0,0.0,0.0,0.0,0.0,0.0,0.0,0.0,0.0,0.0,0.0,0.0,0.0,0.0,0.0,0.0,0.0,0.0,0.0,0.0,0.0,0.0,0.0,0.0,0.0,0.0,0.0,1.0
25962,0.0,-608.0,-45.0,2120.0,16.056595,0,0.0,0.0,0.0,0.0,0.0,0.0,0.0,0.0,0.0,0.0,0.0,0.0,0.0,0.0,0.0,0.0,-1890.0,0.0,0.0,0.0,0,0.0,0.0,0.0,-45.0,0.0,0,0,0.0,0.0,0.0,0.0,0.0,0.0,0.0,-45.0,0.0,-45.0,-45.0,0.0,0.0,0.0,0.0,0.0,0.0,0.0,0.0,0.0,0.0,0.0,0.0,0.0,0.0,0.0,0.0,0.0,0.0,0.0,0.0,0.0,0.0,0.0,0.0,0.0,0.0,0.0,0.0,0.0,0.0,0.0,0.0,1.0
25963,0.0,-608.0,-45.0,2120.0,16.056595,0,0.0,0.0,0.0,0.0,0.0,0.0,0.0,0.0,0.0,0.0,0.0,0.0,0.0,0.0,0.0,0.0,-1935.0,0.0,0.0,0.0,0,0.0,0.0,0.0,-45.0,0.0,0,0,0.0,0.0,0.0,0.0,0.0,0.0,0.0,-45.0,0.0,-45.0,-45.0,0.0,0.0,0.0,0.0,0.0,0.0,0.0,0.0,0.0,0.0,0.0,0.0,0.0,0.0,0.0,0.0,0.0,0.0,0.0,0.0,0.0,0.0,0.0,0.0,0.0,0.0,0.0,0.0,0.0,0.0,0.0,0.0,1.0
25964,0.0,-608.0,-45.0,2120.0,16.056595,0,0.0,0.0,0.0,0.0,0.0,0.0,0.0,0.0,0.0,0.0,0.0,0.0,0.0,0.0,0.0,0.0,-1980.0,0.0,0.0,0.0,0,0.0,0.0,0.0,-45.0,0.0,0,0,0.0,0.0,0.0,0.0,0.0,0.0,0.0,-45.0,0.0,-45.0,-45.0,0.0,0.0,0.0,0.0,0.0,0.0,0.0,0.0,0.0,0.0,0.0,0.0,0.0,0.0,0.0,0.0,0.0,0.0,0.0,0.0,0.0,0.0,0.0,0.0,0.0,0.0,0.0,0.0,0.0,0.0,0.0,0.0,1.0
25965,0.0,-608.0,-45.0,2120.0,16.056595,0,0.0,0.0,0.0,0.0,0.0,0.0,0.0,0.0,0.0,0.0,0.0,0.0,0.0,0.0,0.0,0.0,-2025.0,0.0,0.0,0.0,0,0.0,0.0,0.0,-45.0,0.0,0,0,0.0,0.0,0.0,0.0,0.0,0.0,0.0,-45.0,0.0,-45.0,-45.0,0.0,0.0,0.0,0.0,0.0,0.0,0.0,0.0,0.0,0.0,0.0,0.0,0.0,0.0,0.0,0.0,0.0,0.0,0.0,0.0,0.0,0.0,0.0,0.0,0.0,0.0,0.0,0.0,0.0,0.0,0.0,0.0,1.0
25966,0.0,-608.0,-45.0,2120.0,16.056595,0,0.0,0.0,0.0,0.0,0.0,0.0,0.0,0.0,0.0,0.0,0.0,0.0,0.0,0.0,0.0,0.0,-2070.0,0.0,0.0,0.0,0,0.0,0.0,0.0,-45.0,0.0,0,0,0.0,0.0,0.0,0.0,0.0,0.0,0.0,-45.0,0.0,-45.0,-45.0,0.0,0.0,0.0,0.0,0.0,0.0,0.0,0.0,0.0,0.0,0.0,0.0,0.0,0.0,0.0,0.0,0.0,0.0,0.0,0.0,0.0,0.0,0.0,0.0,0.0,0.0,0.0,0.0,0.0,0.0,0.0,0.0,1.0
25967,0.0,-608.0,-45.0,2120.0,16.056595,0,0.0,0.0,0.0,0.0,0.0,0.0,0.0,0.0,0.0,0.0,0.0,0.0,0.0,0.0,0.0,0.0,-2115.0,0.0,0.0,0.0,0,0.0,0.0,0.0,-45.0,0.0,0,0,0.0,0.0,0.0,0.0,0.0,0.0,0.0,-45.0,0.0,-45.0,-45.0,0.0,0.0,0.0,0.0,0.0,0.0,0.0,0.0,0.0,0.0,0.0,0.0,0.0,0.0,0.0,0.0,0.0,0.0,0.0,0.0,0.0,0.0,0.0,0.0,0.0,0.0,0.0,0.0,0.0,0.0,0.0,0.0,1.0
25968,0.0,-608.0,-45.0,2120.0,16.056595,0,0.0,0.0,0.0,0.0,0.0,0.0,0.0,0.0,0.0,0.0,0.0,0.0,0.0,0.0,0.0,0.0,-2160.0,0.0,0.0,0.0,0,0.0,0.0,0.0,-45.0,0.0,0,0,0.0,0.0,0.0,0.0,0.0,0.0,0.0,-45.0,0.0,-45.0,-45.0,0.0,0.0,0.0,0.0,0.0,0.0,0.0,0.0,0.0,0.0,0.0,0.0,0.0,0.0,0.0,0.0,0.0,0.0,0.0,0.0,0.0,0.0,0.0,0.0,0.0,0.0,0.0,0.0,0.0,0.0,0.0,0.0,1.0
25969,0.0,-608.0,-45.0,2120.0,16.056595,0,0.0,0.0,0.0,0.0,0.0,0.0,0.0,0.0,0.0,0.0,0.0,0.0,0.0,0.0,0.0,0.0,-2205.0,0.0,0.0,0.0,0,0.0,0.0,0.0,-45.0,0.0,0,0,0.0,0.0,0.0,0.0,0.0,0.0,0.0,-45.0,0.0,-45.0,-45.0,0.0,0.0,0.0,0.0,0.0,0.0,0.0,0.0,0.0,0.0,0.0,0.0,0.0,0.0,0.0,0.0,0.0,0.0,0.0,0.0,0.0,0.0,0.0,0.0,0.0,0.0,0.0,0.0,0.0,0.0,0.0,0.0,1.0
25970,0.0,-608.0,-45.0,2120.0,16.056595,0,0.0,0.0,0.0,0.0,0.0,0.0,0.0,0.0,0.0,0.0,0.0,0.0,0.0,0.0,0.0,0.0,-2250.0,0.0,0.0,0.0,0,0.0,0.0,0.0,-45.0,0.0,0,0,0.0,0.0,0.0,0.0,0.0,0.0,0.0,-45.0,0.0,-45.0,-45.0,0.0,0.0,0.0,0.0,0.0,0.0,0.0,0.0,0.0,0.0,0.0,0.0,0.0,0.0,0.0,0.0,0.0,0.0,0.0,0.0,0.0,0.0,0.0,0.0,0.0,0.0,0.0,0.0,0.0,0.0,0.0,0.0,1.0
25971,0.0,-608.0,-45.0,2120.0,16.056595,0,0.0,0.0,0.0,0.0,0.0,0.0,0.0,0.0,0.0,0.0,0.0,0.0,0.0,0.0,0.0,0.0,-2295.0,0.0,0.0,0.0,0,0.0,0.0,0.0,-45.0,0.0,0,0,0.0,0.0,0.0,0.0,0.0,0.0,0.0,-45.0,0.0,-45.0,-45.0,0.0,0.0,0.0,0.0,0.0,0.0,0.0,0.0,0.0,0.0,0.0,0.0,0.0,0.0,0.0,0.0,0.0,0.0,0.0,0.0,0.0,0.0,0.0,0.0,0.0,0.0,0.0,0.0,0.0,0.0,0.0,0.0,1.0
25972,0.0,-608.0,-45.0,2120.0,16.056595,0,0.0,0.0,0.0,0.0,0.0,0.0,0.0,0.0,0.0,0.0,0.0,0.0,0.0,0.0,0.0,0.0,-2340.0,0.0,0.0,0.0,0,0.0,0.0,0.0,-45.0,0.0,0,0,0.0,0.0,0.0,0.0,0.0,0.0,0.0,-45.0,0.0,-45.0,-45.0,0.0,0.0,0.0,0.0,0.0,0.0,0.0,0.0,0.0,0.0,0.0,0.0,0.0,0.0,0.0,0.0,0.0,0.0,0.0,0.0,0.0,0.0,0.0,0.0,0.0,0.0,0.0,0.0,0.0,0.0,0.0,0.0,1.0
25973,0.0,-608.0,-45.0,2120.0,16.056595,0,0.0,0.0,0.0,0.0,0.0,0.0,0.0,0.0,0.0,0.0,0.0,0.0,0.0,0.0,0.0,0.0,-2385.0,0.0,0.0,0.0,0,0.0,0.0,0.0,-45.0,0.0,0,0,0.0,0.0,0.0,0.0,0.0,0.0,0.0,-45.0,0.0,-45.0,-45.0,0.0,0.0,0.0,0.0,0.0,0.0,0.0,0.0,0.0,0.0,0.0,0.0,0.0,0.0,0.0,0.0,0.0,0.0,0.0,0.0,0.0,0.0,0.0,0.0,0.0,0.0,0.0,0.0,0.0,0.0,0.0,0.0,1.0
25974,0.0,-608.0,-45.0,2120.0,16.056595,0,0.0,0.0,0.0,0.0,0.0,0.0,0.0,0.0,0.0,0.0,0.0,0.0,0.0,0.0,0.0,0.0,-2430.0,0.0,0.0,0.0,0,0.0,0.0,0.0,-45.0,0.0,0,0,0.0,0.0,0.0,0.0,0.0,0.0,0.0,-45.0,0.0,-45.0,-45.0,0.0,0.0,0.0,0.0,0.0,0.0,0.0,0.0,0.0,0.0,0.0,0.0,0.0,0.0,0.0,0.0,0.0,0.0,0.0,0.0,0.0,0.0,0.0,0.0,0.0,0.0,0.0,0.0,0.0,0.0,0.0,0.0,1.0
25975,0.0,-608.0,-45.0,2120.0,16.056595,0,0.0,0.0,0.0,0.0,0.0,0.0,0.0,0.0,0.0,0.0,0.0,0.0,0.0,0.0,0.0,0.0,-2475.0,0.0,0.0,0.0,0,0.0,0.0,0.0,-45.0,0.0,0,0,0.0,0.0,0.0,0.0,0.0,0.0,0.0,-45.0,0.0,-45.0,-45.0,0.0,0.0,0.0,0.0,0.0,0.0,0.0,0.0,0.0,0.0,0.0,0.0,0.0,0.0,0.0,0.0,0.0,0.0,0.0,0.0,0.0,0.0,0.0,0.0,0.0,0.0,0.0,0.0,0.0,0.0,0.0,0.0,1.0
25976,0.0,-608.0,-45.0,2120.0,16.056595,0,0.0,0.0,0.0,0.0,0.0,0.0,0.0,0.0,0.0,0.0,0.0,0.0,0.0,0.0,0.0,0.0,-2520.0,0.0,0.0,0.0,0,0.0,0.0,0.0,-45.0,0.0,0,0,0.0,0.0,0.0,0.0,0.0,0.0,0.0,-45.0,0.0,-45.0,-45.0,0.0,0.0,0.0,0.0,0.0,0.0,0.0,0.0,0.0,0.0,0.0,0.0,0.0,0.0,0.0,0.0,0.0,0.0,0.0,0.0,0.0,0.0,0.0,0.0,0.0,0.0,0.0,0.0,0.0,0.0,0.0,0.0,1.0
25977,0.0,-608.0,-45.0,2120.0,16.056595,0,0.0,0.0,0.0,0.0,0.0,0.0,0.0,0.0,0.0,0.0,0.0,0.0,0.0,0.0,0.0,0.0,-2565.0,0.0,0.0,0.0,0,0.0,0.0,0.0,-45.0,0.0,0,0,0.0,0.0,0.0,0.0,0.0,0.0,0.0,-45.0,0.0,-45.0,-45.0,0.0,0.0,0.0,0.0,0.0,0.0,0.0,0.0,0.0,0.0,0.0,0.0,0.0,0.0,0.0,0.0,0.0,0.0,0.0,0.0,0.0,0.0,0.0,0.0,0.0,0.0,0.0,0.0,0.0,0.0,0.0,0.0,1.0
25978,0.0,-608.0,-45.0,2120.0,16.056595,0,0.0,0.0,0.0,0.0,0.0,0.0,0.0,0.0,0.0,0.0,0.0,0.0,0.0,0.0,0.0,0.0,-2610.0,0.0,0.0,0.0,0,0.0,0.0,0.0,-45.0,0.0,0,0,0.0,0.0,0.0,0.0,0.0,0.0,0.0,-45.0,0.0,-45.0,-45.0,0.0,0.0,0.0,0.0,0.0,0.0,0.0,0.0,0.0,0.0,0.0,0.0,0.0,0.0,0.0,0.0,0.0,0.0,0.0,0.0,0.0,0.0,0.0,0.0,0.0,0.0,0.0,0.0,0.0,0.0,0.0,0.0,1.0
25979,0.0,-608.0,-45.0,2120.0,16.056595,0,0.0,0.0,0.0,0.0,0.0,0.0,0.0,0.0,0.0,0.0,0.0,0.0,0.0,0.0,0.0,0.0,-2655.0,0.0,0.0,0.0,0,0.0,0.0,0.0,-45.0,0.0,0,0,0.0,0.0,0.0,0.0,0.0,0.0,0.0,-45.0,0.0,-45.0,-45.0,0.0,0.0,0.0,0.0,0.0,0.0,0.0,0.0,0.0,0.0,0.0,0.0,0.0,0.0,0.0,0.0,0.0,0.0,0.0,0.0,0.0,0.0,0.0,0.0,0.0,0.0,0.0,0.0,0.0,0.0,0.0,0.0,1.0
25980,0.0,-608.0,-45.0,2120.0,16.056595,0,0.0,0.0,0.0,0.0,0.0,0.0,0.0,0.0,0.0,0.0,0.0,0.0,0.0,0.0,0.0,0.0,-2700.0,0.0,0.0,0.0,0,0.0,0.0,0.0,-45.0,0.0,0,0,0.0,0.0,0.0,0.0,0.0,0.0,0.0,-45.0,0.0,-45.0,-45.0,0.0,0.0,0.0,0.0,0.0,0.0,0.0,0.0,0.0,0.0,0.0,0.0,0.0,0.0,0.0,0.0,0.0,0.0,0.0,0.0,0.0,0.0,0.0,0.0,0.0,0.0,0.0,0.0,0.0,0.0,0.0,0.0,1.0
25981,0.0,-608.0,-45.0,2120.0,16.056595,0,0.0,0.0,0.0,0.0,0.0,0.0,0.0,0.0,0.0,0.0,0.0,0.0,0.0,0.0,0.0,0.0,-2745.0,0.0,0.0,0.0,0,0.0,0.0,0.0,-45.0,0.0,0,0,0.0,0.0,0.0,0.0,0.0,0.0,0.0,-45.0,0.0,-45.0,-45.0,0.0,0.0,0.0,0.0,0.0,0.0,0.0,0.0,0.0,0.0,0.0,0.0,0.0,0.0,0.0,0.0,0.0,0.0,0.0,0.0,0.0,0.0,0.0,0.0,0.0,0.0,0.0,0.0,0.0,0.0,0.0,0.0,1.0
25982,0.0,-608.0,-45.0,2120.0,16.056595,0,0.0,0.0,0.0,0.0,0.0,0.0,0.0,0.0,0.0,0.0,0.0,0.0,0.0,0.0,0.0,0.0,-2790.0,0.0,0.0,0.0,0,0.0,0.0,0.0,-45.0,0.0,0,0,0.0,0.0,0.0,0.0,0.0,0.0,0.0,-45.0,0.0,-45.0,-45.0,0.0,0.0,0.0,0.0,0.0,0.0,0.0,0.0,0.0,0.0,0.0,0.0,0.0,0.0,0.0,0.0,0.0,0.0,0.0,0.0,0.0,0.0,0.0,0.0,0.0,0.0,0.0,0.0,0.0,0.0,0.0,0.0,1.0
25983,0.0,-608.0,-45.0,2120.0,16.056595,0,0.0,0.0,0.0,0.0,0.0,0.0,0.0,0.0,0.0,0.0,0.0,0.0,0.0,0.0,0.0,0.0,-2835.0,0.0,0.0,0.0,0,0.0,0.0,0.0,-45.0,0.0,0,0,0.0,0.0,0.0,0.0,0.0,0.0,0.0,-45.0,0.0,-45.0,-45.0,0.0,0.0,0.0,0.0,0.0,0.0,0.0,0.0,0.0,0.0,0.0,0.0,0.0,0.0,0.0,0.0,0.0,0.0,0.0,0.0,0.0,0.0,0.0,0.0,0.0,0.0,0.0,0.0,0.0,0.0,0.0,0.0,1.0
25984,0.0,-608.0,-45.0,2120.0,16.056595,0,0.0,0.0,0.0,0.0,0.0,0.0,0.0,0.0,0.0,0.0,0.0,0.0,0.0,0.0,0.0,0.0,-2880.0,0.0,0.0,0.0,0,0.0,0.0,0.0,-45.0,0.0,0,0,0.0,0.0,0.0,0.0,0.0,0.0,0.0,-45.0,0.0,-45.0,-45.0,0.0,0.0,0.0,0.0,0.0,0.0,0.0,0.0,0.0,0.0,0.0,0.0,0.0,0.0,0.0,0.0,0.0,0.0,0.0,0.0,0.0,0.0,0.0,0.0,0.0,0.0,0.0,0.0,0.0,0.0,0.0,0.0,1.0
25985,0.0,-608.0,-45.0,2120.0,16.056595,0,0.0,0.0,0.0,0.0,0.0,0.0,0.0,0.0,0.0,0.0,0.0,0.0,0.0,0.0,0.0,0.0,-2925.0,0.0,0.0,0.0,0,0.0,0.0,0.0,-45.0,0.0,0,0,0.0,0.0,0.0,0.0,0.0,0.0,0.0,-45.0,0.0,-45.0,-45.0,0.0,0.0,0.0,0.0,0.0,0.0,0.0,0.0,0.0,0.0,0.0,0.0,0.0,0.0,0.0,0.0,0.0,0.0,0.0,0.0,0.0,0.0,0.0,0.0,0.0,0.0,0.0,0.0,0.0,0.0,0.0,0.0,1.0
25986,0.0,-608.0,-45.0,2120.0,16.056595,0,0.0,0.0,0.0,0.0,0.0,0.0,0.0,0.0,0.0,0.0,0.0,0.0,0.0,0.0,0.0,0.0,-2970.0,0.0,0.0,0.0,0,0.0,0.0,0.0,-45.0,0.0,0,0,0.0,0.0,0.0,0.0,0.0,0.0,0.0,-45.0,0.0,-45.0,-45.0,0.0,0.0,0.0,0.0,0.0,0.0,0.0,0.0,0.0,0.0,0.0,0.0,0.0,0.0,0.0,0.0,0.0,0.0,0.0,0.0,0.0,0.0,0.0,0.0,0.0,0.0,0.0,0.0,0.0,0.0,0.0,0.0,1.0
25987,0.0,-608.0,-45.0,2120.0,16.056595,0,0.0,0.0,0.0,0.0,0.0,0.0,0.0,0.0,0.0,0.0,0.0,0.0,0.0,0.0,0.0,0.0,-3015.0,0.0,0.0,0.0,0,0.0,0.0,0.0,-45.0,0.0,0,0,0.0,0.0,0.0,0.0,0.0,0.0,0.0,-45.0,0.0,-45.0,-45.0,0.0,0.0,0.0,0.0,0.0,0.0,0.0,0.0,0.0,0.0,0.0,0.0,0.0,0.0,0.0,0.0,0.0,0.0,0.0,0.0,0.0,0.0,0.0,0.0,0.0,0.0,0.0,0.0,0.0,0.0,0.0,0.0,1.0
25988,0.0,-608.0,-45.0,2120.0,16.056595,0,0.0,0.0,0.0,0.0,0.0,0.0,0.0,0.0,0.0,0.0,0.0,0.0,0.0,0.0,0.0,0.0,-3060.0,0.0,0.0,0.0,0,0.0,0.0,0.0,-45.0,0.0,0,0,0.0,0.0,0.0,0.0,0.0,0.0,0.0,-45.0,0.0,-45.0,-45.0,0.0,0.0,0.0,0.0,0.0,0.0,0.0,0.0,0.0,0.0,0.0,0.0,0.0,0.0,0.0,0.0,0.0,0.0,0.0,0.0,0.0,0.0,0.0,0.0,0.0,0.0,0.0,0.0,0.0,0.0,0.0,0.0,1.0
25989,0.0,-608.0,-45.0,2120.0,16.056595,0,0.0,0.0,0.0,0.0,0.0,0.0,0.0,0.0,0.0,0.0,0.0,0.0,0.0,0.0,0.0,0.0,-3105.0,0.0,0.0,0.0,0,0.0,0.0,0.0,-45.0,0.0,0,0,0.0,0.0,0.0,0.0,0.0,0.0,0.0,-45.0,0.0,-45.0,-45.0,0.0,0.0,0.0,0.0,0.0,0.0,0.0,0.0,0.0,0.0,0.0,0.0,0.0,0.0,0.0,0.0,0.0,0.0,0.0,0.0,0.0,0.0,0.0,0.0,0.0,0.0,0.0,0.0,0.0,0.0,0.0,0.0,1.0
25990,0.0,-608.0,-45.0,2120.0,16.056595,0,0.0,0.0,0.0,0.0,0.0,0.0,0.0,0.0,0.0,0.0,0.0,0.0,0.0,0.0,0.0,0.0,-3150.0,0.0,0.0,0.0,0,0.0,0.0,0.0,-45.0,0.0,0,0,0.0,0.0,0.0,0.0,0.0,0.0,0.0,-45.0,0.0,-45.0,-45.0,0.0,0.0,0.0,0.0,0.0,0.0,0.0,0.0,0.0,0.0,0.0,0.0,0.0,0.0,0.0,0.0,0.0,0.0,0.0,0.0,0.0,0.0,0.0,0.0,0.0,0.0,0.0,0.0,0.0,0.0,0.0,0.0,1.0
25991,0.0,-608.0,-45.0,2120.0,16.056595,0,0.0,0.0,0.0,0.0,0.0,0.0,0.0,0.0,0.0,0.0,0.0,0.0,0.0,0.0,0.0,0.0,-3195.0,0.0,0.0,0.0,0,0.0,0.0,0.0,-45.0,0.0,0,0,0.0,0.0,0.0,0.0,0.0,0.0,0.0,-45.0,0.0,-45.0,-45.0,0.0,0.0,0.0,0.0,0.0,0.0,0.0,0.0,0.0,0.0,0.0,0.0,0.0,0.0,0.0,0.0,0.0,0.0,0.0,0.0,0.0,0.0,0.0,0.0,0.0,0.0,0.0,0.0,0.0,0.0,0.0,0.0,1.0
25992,0.0,-608.0,-45.0,2120.0,16.056595,0,0.0,0.0,0.0,0.0,0.0,0.0,0.0,0.0,0.0,0.0,0.0,0.0,0.0,0.0,0.0,0.0,-3240.0,0.0,0.0,0.0,0,0.0,0.0,0.0,-45.0,0.0,0,0,0.0,0.0,0.0,0.0,0.0,0.0,0.0,-45.0,0.0,-45.0,-45.0,0.0,0.0,0.0,0.0,0.0,0.0,0.0,0.0,0.0,0.0,0.0,0.0,0.0,0.0,0.0,0.0,0.0,0.0,0.0,0.0,0.0,0.0,0.0,0.0,0.0,0.0,0.0,0.0,0.0,0.0,0.0,0.0,1.0
25993,0.0,-608.0,-45.0,2120.0,16.056595,0,0.0,0.0,0.0,0.0,0.0,0.0,0.0,0.0,0.0,0.0,0.0,0.0,0.0,0.0,0.0,0.0,-3285.0,0.0,0.0,0.0,0,0.0,0.0,0.0,-45.0,0.0,0,0,0.0,0.0,0.0,0.0,0.0,0.0,0.0,-45.0,0.0,-45.0,-45.0,0.0,0.0,0.0,0.0,0.0,0.0,0.0,0.0,0.0,0.0,0.0,0.0,0.0,0.0,0.0,0.0,0.0,0.0,0.0,0.0,0.0,0.0,0.0,0.0,0.0,0.0,0.0,0.0,0.0,0.0,0.0,0.0,1.0
25994,0.0,-608.0,-45.0,2120.0,16.056595,0,0.0,0.0,0.0,0.0,0.0,0.0,0.0,0.0,0.0,0.0,0.0,0.0,0.0,0.0,0.0,0.0,-3330.0,0.0,0.0,0.0,0,0.0,0.0,0.0,-45.0,0.0,0,0,0.0,0.0,0.0,0.0,0.0,0.0,0.0,-45.0,0.0,-45.0,-45.0,0.0,0.0,0.0,0.0,0.0,0.0,0.0,0.0,0.0,0.0,0.0,0.0,0.0,0.0,0.0,0.0,0.0,0.0,0.0,0.0,0.0,0.0,0.0,0.0,0.0,0.0,0.0,0.0,0.0,0.0,0.0,0.0,1.0
25995,0.0,-608.0,-45.0,2120.0,16.056595,0,0.0,0.0,0.0,0.0,0.0,0.0,0.0,0.0,0.0,0.0,0.0,0.0,0.0,0.0,0.0,0.0,-3375.0,0.0,0.0,0.0,0,0.0,0.0,0.0,-45.0,0.0,0,0,0.0,0.0,0.0,0.0,0.0,0.0,0.0,-45.0,0.0,-45.0,-45.0,0.0,0.0,0.0,0.0,0.0,0.0,0.0,0.0,0.0,0.0,0.0,0.0,0.0,0.0,0.0,0.0,0.0,0.0,0.0,0.0,0.0,0.0,0.0,0.0,0.0,0.0,0.0,0.0,0.0,0.0,0.0,0.0,1.0
25996,0.0,-608.0,-45.0,2120.0,16.056595,0,0.0,0.0,0.0,0.0,0.0,0.0,0.0,0.0,0.0,0.0,0.0,0.0,0.0,0.0,0.0,0.0,-3420.0,0.0,0.0,0.0,0,0.0,0.0,0.0,-45.0,0.0,0,0,0.0,0.0,0.0,0.0,0.0,0.0,0.0,-45.0,0.0,-45.0,-45.0,0.0,0.0,0.0,0.0,0.0,0.0,0.0,0.0,0.0,0.0,0.0,0.0,0.0,0.0,0.0,0.0,0.0,0.0,0.0,0.0,0.0,0.0,0.0,0.0,0.0,0.0,0.0,0.0,0.0,0.0,0.0,0.0,1.0
25997,0.0,-608.0,-45.0,2120.0,16.056595,0,0.0,0.0,0.0,0.0,0.0,0.0,0.0,0.0,0.0,0.0,0.0,0.0,0.0,0.0,0.0,0.0,-3465.0,0.0,0.0,0.0,0,0.0,0.0,0.0,-45.0,0.0,0,0,0.0,0.0,0.0,0.0,0.0,0.0,0.0,-45.0,0.0,-45.0,-45.0,0.0,0.0,0.0,0.0,0.0,0.0,0.0,0.0,0.0,0.0,0.0,0.0,0.0,0.0,0.0,0.0,0.0,0.0,0.0,0.0,0.0,0.0,0.0,0.0,0.0,0.0,0.0,0.0,0.0,0.0,0.0,0.0,1.0
25998,0.0,-608.0,-45.0,2120.0,16.056595,0,0.0,0.0,0.0,0.0,0.0,0.0,0.0,0.0,0.0,0.0,0.0,0.0,0.0,0.0,0.0,0.0,-3510.0,0.0,0.0,0.0,0,0.0,0.0,0.0,-45.0,0.0,0,0,0.0,0.0,0.0,0.0,0.0,0.0,0.0,-45.0,0.0,-45.0,-45.0,0.0,0.0,0.0,0.0,0.0,0.0,0.0,0.0,0.0,0.0,0.0,0.0,0.0,0.0,0.0,0.0,0.0,0.0,0.0,0.0,0.0,0.0,0.0,0.0,0.0,0.0,0.0,0.0,0.0,0.0,0.0,0.0,1.0
25999,0.0,-608.0,-45.0,2120.0,16.056595,0,0.0,0.0,0.0,0.0,0.0,0.0,0.0,0.0,0.0,0.0,0.0,0.0,0.0,0.0,0.0,0.0,-3555.0,0.0,0.0,0.0,0,0.0,0.0,0.0,-45.0,0.0,0,0,0.0,0.0,0.0,0.0,0.0,0.0,0.0,-45.0,0.0,-45.0,-45.0,0.0,0.0,0.0,0.0,0.0,0.0,0.0,0.0,0.0,0.0,0.0,0.0,0.0,0.0,0.0,0.0,0.0,0.0,0.0,0.0,0.0,0.0,0.0,0.0,0.0,0.0,0.0,0.0,0.0,0.0,0.0,0.0,1.0
26000,0.0,-608.0,-45.0,2120.0,16.056595,0,0.0,0.0,0.0,0.0,0.0,0.0,0.0,0.0,0.0,0.0,0.0,0.0,0.0,0.0,0.0,0.0,-3600.0,0.0,0.0,0.0,0,0.0,0.0,0.0,-45.0,0.0,0,0,0.0,0.0,0.0,0.0,0.0,0.0,0.0,-45.0,0.0,-45.0,-45.0,0.0,0.0,0.0,0.0,0.0,0.0,0.0,0.0,0.0,0.0,0.0,0.0,0.0,0.0,0.0,0.0,0.0,0.0,0.0,0.0,0.0,0.0,0.0,0.0,0.0,0.0,0.0,0.0,0.0,0.0,0.0,0.0,1.0
26001,0.0,-608.0,-45.0,2120.0,16.056595,0,0.0,0.0,0.0,0.0,0.0,0.0,0.0,0.0,0.0,0.0,0.0,0.0,0.0,0.0,0.0,0.0,-3645.0,0.0,0.0,0.0,0,0.0,0.0,0.0,-45.0,0.0,0,0,0.0,0.0,0.0,0.0,0.0,0.0,0.0,-45.0,0.0,-45.0,-45.0,0.0,0.0,0.0,0.0,0.0,0.0,0.0,0.0,0.0,0.0,0.0,0.0,0.0,0.0,0.0,0.0,0.0,0.0,0.0,0.0,0.0,0.0,0.0,0.0,0.0,0.0,0.0,0.0,0.0,0.0,0.0,0.0,1.0
26002,0.0,-608.0,-45.0,2120.0,16.056595,0,0.0,0.0,0.0,0.0,0.0,0.0,0.0,0.0,0.0,0.0,0.0,0.0,0.0,0.0,0.0,0.0,-3690.0,0.0,0.0,0.0,0,0.0,0.0,0.0,-45.0,0.0,0,0,0.0,0.0,0.0,0.0,0.0,0.0,0.0,-45.0,0.0,-45.0,-45.0,0.0,0.0,0.0,0.0,0.0,0.0,0.0,0.0,0.0,0.0,0.0,0.0,0.0,0.0,0.0,0.0,0.0,0.0,0.0,0.0,0.0,0.0,0.0,0.0,0.0,0.0,0.0,0.0,0.0,0.0,0.0,0.0,1.0
26003,0.0,-608.0,-45.0,2120.0,16.056595,0,0.0,0.0,0.0,0.0,0.0,0.0,0.0,0.0,0.0,0.0,0.0,0.0,0.0,0.0,0.0,0.0,-3735.0,0.0,0.0,0.0,0,0.0,0.0,0.0,-45.0,0.0,0,0,0.0,0.0,0.0,0.0,0.0,0.0,0.0,-45.0,0.0,-45.0,-45.0,0.0,0.0,0.0,0.0,0.0,0.0,0.0,0.0,0.0,0.0,0.0,0.0,0.0,0.0,0.0,0.0,0.0,0.0,0.0,0.0,0.0,0.0,0.0,0.0,0.0,0.0,0.0,0.0,0.0,0.0,0.0,0.0,1.0
26004,0.0,-608.0,-45.0,2120.0,16.056595,0,0.0,0.0,0.0,0.0,0.0,0.0,0.0,0.0,0.0,0.0,0.0,0.0,0.0,0.0,0.0,0.0,-3780.0,0.0,0.0,0.0,0,0.0,0.0,0.0,-45.0,0.0,0,0,0.0,0.0,0.0,0.0,0.0,0.0,0.0,-45.0,0.0,-45.0,-45.0,0.0,0.0,0.0,0.0,0.0,0.0,0.0,0.0,0.0,0.0,0.0,0.0,0.0,0.0,0.0,0.0,0.0,0.0,0.0,0.0,0.0,0.0,0.0,0.0,0.0,0.0,0.0,0.0,0.0,0.0,0.0,0.0,1.0
26005,0.0,-608.0,-45.0,2120.0,16.056595,0,0.0,0.0,0.0,0.0,0.0,0.0,0.0,0.0,0.0,0.0,0.0,0.0,0.0,0.0,0.0,0.0,-3825.0,0.0,0.0,0.0,0,0.0,0.0,0.0,-45.0,0.0,0,0,0.0,0.0,0.0,0.0,0.0,0.0,0.0,-45.0,0.0,-45.0,-45.0,0.0,0.0,0.0,0.0,0.0,0.0,0.0,0.0,0.0,0.0,0.0,0.0,0.0,0.0,0.0,0.0,0.0,0.0,0.0,0.0,0.0,0.0,0.0,0.0,0.0,0.0,0.0,0.0,0.0,0.0,0.0,0.0,1.0
26006,0.0,-608.0,-45.0,2120.0,16.056595,0,0.0,0.0,0.0,0.0,0.0,0.0,0.0,0.0,0.0,0.0,0.0,0.0,0.0,0.0,0.0,0.0,-3870.0,0.0,0.0,0.0,0,0.0,0.0,0.0,-45.0,0.0,0,0,0.0,0.0,0.0,0.0,0.0,0.0,0.0,-45.0,0.0,-45.0,-45.0,0.0,0.0,0.0,0.0,0.0,0.0,0.0,0.0,0.0,0.0,0.0,0.0,0.0,0.0,0.0,0.0,0.0,0.0,0.0,0.0,0.0,0.0,0.0,0.0,0.0,0.0,0.0,0.0,0.0,0.0,0.0,0.0,1.0
26007,0.0,-608.0,-45.0,2120.0,16.056595,0,0.0,0.0,0.0,0.0,0.0,0.0,0.0,0.0,0.0,0.0,0.0,0.0,0.0,0.0,0.0,0.0,-3915.0,0.0,0.0,0.0,0,0.0,0.0,0.0,-45.0,0.0,0,0,0.0,0.0,0.0,0.0,0.0,0.0,0.0,-45.0,0.0,-45.0,-45.0,0.0,0.0,0.0,0.0,0.0,0.0,0.0,0.0,0.0,0.0,0.0,0.0,0.0,0.0,0.0,0.0,0.0,0.0,0.0,0.0,0.0,0.0,0.0,0.0,0.0,0.0,0.0,0.0,0.0,0.0,0.0,0.0,1.0
26008,0.0,-608.0,-45.0,2120.0,16.056595,0,0.0,0.0,0.0,0.0,0.0,0.0,0.0,0.0,0.0,0.0,0.0,0.0,0.0,0.0,0.0,0.0,-3960.0,0.0,0.0,0.0,0,0.0,0.0,0.0,-45.0,0.0,0,0,0.0,0.0,0.0,0.0,0.0,0.0,0.0,-45.0,0.0,-45.0,-45.0,0.0,0.0,0.0,0.0,0.0,0.0,0.0,0.0,0.0,0.0,0.0,0.0,0.0,0.0,0.0,0.0,0.0,0.0,0.0,0.0,0.0,0.0,0.0,0.0,0.0,0.0,0.0,0.0,0.0,0.0,0.0,0.0,1.0
26009,0.0,-608.0,-45.0,2120.0,16.056595,0,0.0,0.0,0.0,0.0,0.0,0.0,0.0,0.0,0.0,0.0,0.0,0.0,0.0,0.0,0.0,0.0,-4005.0,0.0,0.0,0.0,0,0.0,0.0,0.0,-45.0,0.0,0,0,0.0,0.0,0.0,0.0,0.0,0.0,0.0,-45.0,0.0,-45.0,-45.0,0.0,0.0,0.0,0.0,0.0,0.0,0.0,0.0,0.0,0.0,0.0,0.0,0.0,0.0,0.0,0.0,0.0,0.0,0.0,0.0,0.0,0.0,0.0,0.0,0.0,0.0,0.0,0.0,0.0,0.0,0.0,0.0,1.0
26010,0.0,-608.0,-45.0,2120.0,16.056595,0,0.0,0.0,0.0,0.0,0.0,0.0,0.0,0.0,0.0,0.0,0.0,0.0,0.0,0.0,0.0,0.0,-4050.0,0.0,0.0,0.0,0,0.0,0.0,0.0,-45.0,0.0,0,0,0.0,0.0,0.0,0.0,0.0,0.0,0.0,-45.0,0.0,-45.0,-45.0,0.0,0.0,0.0,0.0,0.0,0.0,0.0,0.0,0.0,0.0,0.0,0.0,0.0,0.0,0.0,0.0,0.0,0.0,0.0,0.0,0.0,0.0,0.0,0.0,0.0,0.0,0.0,0.0,0.0,0.0,0.0,0.0,1.0
26011,0.0,-608.0,-45.0,2120.0,16.056595,0,0.0,0.0,0.0,0.0,0.0,0.0,0.0,0.0,0.0,0.0,0.0,0.0,0.0,0.0,0.0,0.0,-4095.0,0.0,0.0,0.0,0,0.0,0.0,0.0,-45.0,0.0,0,0,0.0,0.0,0.0,0.0,0.0,0.0,0.0,-45.0,0.0,-45.0,-45.0,0.0,0.0,0.0,0.0,0.0,0.0,0.0,0.0,0.0,0.0,0.0,0.0,0.0,0.0,0.0,0.0,0.0,0.0,0.0,0.0,0.0,0.0,0.0,0.0,0.0,0.0,0.0,0.0,0.0,0.0,0.0,0.0,1.0
26012,0.0,-608.0,-45.0,2120.0,16.056595,0,0.0,0.0,0.0,0.0,0.0,0.0,0.0,0.0,0.0,0.0,0.0,0.0,0.0,0.0,0.0,0.0,-4140.0,0.0,0.0,0.0,0,0.0,0.0,0.0,-45.0,0.0,0,0,0.0,0.0,0.0,0.0,0.0,0.0,0.0,-45.0,0.0,-45.0,-45.0,0.0,0.0,0.0,0.0,0.0,0.0,0.0,0.0,0.0,0.0,0.0,0.0,0.0,0.0,0.0,0.0,0.0,0.0,0.0,0.0,0.0,0.0,0.0,0.0,0.0,0.0,0.0,0.0,0.0,0.0,0.0,0.0,1.0
26013,0.0,-608.0,-45.0,2120.0,16.056595,0,0.0,0.0,0.0,0.0,0.0,0.0,0.0,0.0,0.0,0.0,0.0,0.0,0.0,0.0,0.0,0.0,-4185.0,0.0,0.0,0.0,0,0.0,0.0,0.0,-45.0,0.0,0,0,0.0,0.0,0.0,0.0,0.0,0.0,0.0,-45.0,0.0,-45.0,-45.0,0.0,0.0,0.0,0.0,0.0,0.0,0.0,0.0,0.0,0.0,0.0,0.0,0.0,0.0,0.0,0.0,0.0,0.0,0.0,0.0,0.0,0.0,0.0,0.0,0.0,0.0,0.0,0.0,0.0,0.0,0.0,0.0,1.0
26014,0.0,-608.0,-45.0,2120.0,16.056595,0,0.0,0.0,0.0,0.0,0.0,0.0,0.0,0.0,0.0,0.0,0.0,0.0,0.0,0.0,0.0,0.0,-4230.0,0.0,0.0,0.0,0,0.0,0.0,0.0,-45.0,0.0,0,0,0.0,0.0,0.0,0.0,0.0,0.0,0.0,-45.0,0.0,-45.0,-45.0,0.0,0.0,0.0,0.0,0.0,0.0,0.0,0.0,0.0,0.0,0.0,0.0,0.0,0.0,0.0,0.0,0.0,0.0,0.0,0.0,0.0,0.0,0.0,0.0,0.0,0.0,0.0,0.0,0.0,0.0,0.0,0.0,1.0
26015,0.0,-608.0,-45.0,2120.0,16.056595,0,0.0,0.0,0.0,0.0,0.0,0.0,0.0,0.0,0.0,0.0,0.0,0.0,0.0,0.0,0.0,0.0,-4275.0,0.0,0.0,0.0,0,0.0,0.0,0.0,-45.0,0.0,0,0,0.0,0.0,0.0,0.0,0.0,0.0,0.0,-45.0,0.0,-45.0,-45.0,0.0,0.0,0.0,0.0,0.0,0.0,0.0,0.0,0.0,0.0,0.0,0.0,0.0,0.0,0.0,0.0,0.0,0.0,0.0,0.0,0.0,0.0,0.0,0.0,0.0,0.0,0.0,0.0,0.0,0.0,0.0,0.0,1.0
26016,0.0,-608.0,-45.0,2120.0,16.056595,0,0.0,0.0,0.0,0.0,0.0,0.0,0.0,0.0,0.0,0.0,0.0,0.0,0.0,0.0,0.0,0.0,-4320.0,0.0,0.0,0.0,0,0.0,0.0,0.0,-45.0,0.0,0,0,0.0,0.0,0.0,0.0,0.0,0.0,0.0,-45.0,0.0,-45.0,-45.0,0.0,0.0,0.0,0.0,0.0,0.0,0.0,0.0,0.0,0.0,0.0,0.0,0.0,0.0,0.0,0.0,0.0,0.0,0.0,0.0,0.0,0.0,0.0,0.0,0.0,0.0,0.0,0.0,0.0,0.0,0.0,0.0,1.0
26017,0.0,-608.0,-45.0,2120.0,16.056595,0,0.0,0.0,0.0,0.0,0.0,0.0,0.0,0.0,0.0,0.0,0.0,0.0,0.0,0.0,0.0,0.0,-4365.0,0.0,0.0,0.0,0,0.0,0.0,0.0,-45.0,0.0,0,0,0.0,0.0,0.0,0.0,0.0,0.0,0.0,-45.0,0.0,-45.0,-45.0,0.0,0.0,0.0,0.0,0.0,0.0,0.0,0.0,0.0,0.0,0.0,0.0,0.0,0.0,0.0,0.0,0.0,0.0,0.0,0.0,0.0,0.0,0.0,0.0,0.0,0.0,0.0,0.0,0.0,0.0,0.0,0.0,1.0
26018,0.0,-608.0,-45.0,2120.0,16.056595,0,0.0,0.0,0.0,0.0,0.0,0.0,0.0,0.0,0.0,0.0,0.0,0.0,0.0,0.0,0.0,0.0,-4410.0,0.0,0.0,0.0,0,0.0,0.0,0.0,-45.0,0.0,0,0,0.0,0.0,0.0,0.0,0.0,0.0,0.0,-45.0,0.0,-45.0,-45.0,0.0,0.0,0.0,0.0,0.0,0.0,0.0,0.0,0.0,0.0,0.0,0.0,0.0,0.0,0.0,0.0,0.0,0.0,0.0,0.0,0.0,0.0,0.0,0.0,0.0,0.0,0.0,0.0,0.0,0.0,0.0,0.0,1.0
26019,0.0,-608.0,-45.0,2120.0,16.056595,0,0.0,0.0,0.0,0.0,0.0,0.0,0.0,0.0,0.0,0.0,0.0,0.0,0.0,0.0,0.0,0.0,-4455.0,0.0,0.0,0.0,0,0.0,0.0,0.0,-45.0,0.0,0,0,0.0,0.0,0.0,0.0,0.0,0.0,0.0,-45.0,0.0,-45.0,-45.0,0.0,0.0,0.0,0.0,0.0,0.0,0.0,0.0,0.0,0.0,0.0,0.0,0.0,0.0,0.0,0.0,0.0,0.0,0.0,0.0,0.0,0.0,0.0,0.0,0.0,0.0,0.0,0.0,0.0,0.0,0.0,0.0,1.0
26020,0.0,-608.0,-45.0,2120.0,16.056595,0,0.0,0.0,0.0,0.0,0.0,0.0,0.0,0.0,0.0,0.0,0.0,0.0,0.0,0.0,0.0,0.0,-4500.0,0.0,0.0,0.0,0,0.0,0.0,0.0,-45.0,0.0,0,0,0.0,0.0,0.0,0.0,0.0,0.0,0.0,-45.0,0.0,-45.0,-45.0,0.0,0.0,0.0,0.0,0.0,0.0,0.0,0.0,0.0,0.0,0.0,0.0,0.0,0.0,0.0,0.0,0.0,0.0,0.0,0.0,0.0,0.0,0.0,0.0,0.0,0.0,0.0,0.0,0.0,0.0,0.0,0.0,1.0
26021,0.0,-608.0,-45.0,2120.0,16.056595,0,0.0,0.0,0.0,0.0,0.0,0.0,0.0,0.0,0.0,0.0,0.0,0.0,0.0,0.0,0.0,0.0,-4545.0,0.0,0.0,0.0,0,0.0,0.0,0.0,-45.0,0.0,0,0,0.0,0.0,0.0,0.0,0.0,0.0,0.0,-45.0,0.0,-45.0,-45.0,0.0,0.0,0.0,0.0,0.0,0.0,0.0,0.0,0.0,0.0,0.0,0.0,0.0,0.0,0.0,0.0,0.0,0.0,0.0,0.0,0.0,0.0,0.0,0.0,0.0,0.0,0.0,0.0,0.0,0.0,0.0,0.0,1.0
26022,0.0,-608.0,-45.0,2120.0,16.056595,0,0.0,0.0,0.0,0.0,0.0,0.0,0.0,0.0,0.0,0.0,0.0,0.0,0.0,0.0,0.0,0.0,-4590.0,0.0,0.0,0.0,0,0.0,0.0,0.0,-45.0,0.0,0,0,0.0,0.0,0.0,0.0,0.0,0.0,0.0,-45.0,0.0,-45.0,-45.0,0.0,0.0,0.0,0.0,0.0,0.0,0.0,0.0,0.0,0.0,0.0,0.0,0.0,0.0,0.0,0.0,0.0,0.0,0.0,0.0,0.0,0.0,0.0,0.0,0.0,0.0,0.0,0.0,0.0,0.0,0.0,0.0,1.0
26023,0.0,-608.0,-45.0,2120.0,16.056595,0,0.0,0.0,0.0,0.0,0.0,0.0,0.0,0.0,0.0,0.0,0.0,0.0,0.0,0.0,0.0,0.0,-4635.0,0.0,0.0,0.0,0,0.0,0.0,0.0,-45.0,0.0,0,0,0.0,0.0,0.0,0.0,0.0,0.0,0.0,-45.0,0.0,-45.0,-45.0,0.0,0.0,0.0,0.0,0.0,0.0,0.0,0.0,0.0,0.0,0.0,0.0,0.0,0.0,0.0,0.0,0.0,0.0,0.0,0.0,0.0,0.0,0.0,0.0,0.0,0.0,0.0,0.0,0.0,0.0,0.0,0.0,1.0
26024,0.0,-608.0,-45.0,2120.0,16.056595,0,0.0,0.0,0.0,0.0,0.0,0.0,0.0,0.0,0.0,0.0,0.0,0.0,0.0,0.0,0.0,0.0,-4680.0,0.0,0.0,0.0,0,0.0,0.0,0.0,-45.0,0.0,0,0,0.0,0.0,0.0,0.0,0.0,0.0,0.0,-45.0,0.0,-45.0,-45.0,0.0,0.0,0.0,0.0,0.0,0.0,0.0,0.0,0.0,0.0,0.0,0.0,0.0,0.0,0.0,0.0,0.0,0.0,0.0,0.0,0.0,0.0,0.0,0.0,0.0,0.0,0.0,0.0,0.0,0.0,0.0,0.0,1.0
26025,0.0,-608.0,-45.0,2120.0,16.056595,0,0.0,0.0,0.0,0.0,0.0,0.0,0.0,0.0,0.0,0.0,0.0,0.0,0.0,0.0,0.0,0.0,-4725.0,0.0,0.0,0.0,0,0.0,0.0,0.0,-45.0,0.0,0,0,0.0,0.0,0.0,0.0,0.0,0.0,0.0,-45.0,0.0,-45.0,-45.0,0.0,0.0,0.0,0.0,0.0,0.0,0.0,0.0,0.0,0.0,0.0,0.0,0.0,0.0,0.0,0.0,0.0,0.0,0.0,0.0,0.0,0.0,0.0,0.0,0.0,0.0,0.0,0.0,0.0,0.0,0.0,0.0,1.0
26026,0.0,-608.0,-45.0,2120.0,16.056595,0,0.0,0.0,0.0,0.0,0.0,0.0,0.0,0.0,0.0,0.0,0.0,0.0,0.0,0.0,0.0,0.0,-4770.0,0.0,0.0,0.0,0,0.0,0.0,0.0,-45.0,0.0,0,0,0.0,0.0,0.0,0.0,0.0,0.0,0.0,-45.0,0.0,-45.0,-45.0,0.0,0.0,0.0,0.0,0.0,0.0,0.0,0.0,0.0,0.0,0.0,0.0,0.0,0.0,0.0,0.0,0.0,0.0,0.0,0.0,0.0,0.0,0.0,0.0,0.0,0.0,0.0,0.0,0.0,0.0,0.0,0.0,1.0
26027,0.0,-608.0,-45.0,2120.0,16.056595,0,0.0,0.0,0.0,0.0,0.0,0.0,0.0,0.0,0.0,0.0,0.0,0.0,0.0,0.0,0.0,0.0,-4815.0,0.0,0.0,0.0,0,0.0,0.0,0.0,-45.0,0.0,0,0,0.0,0.0,0.0,0.0,0.0,0.0,0.0,-45.0,0.0,-45.0,-45.0,0.0,0.0,0.0,0.0,0.0,0.0,0.0,0.0,0.0,0.0,0.0,0.0,0.0,0.0,0.0,0.0,0.0,0.0,0.0,0.0,0.0,0.0,0.0,0.0,0.0,0.0,0.0,0.0,0.0,0.0,0.0,0.0,1.0
26028,0.0,-608.0,-45.0,2120.0,16.056595,0,0.0,0.0,0.0,0.0,0.0,0.0,0.0,0.0,0.0,0.0,0.0,0.0,0.0,0.0,0.0,0.0,-4860.0,0.0,0.0,0.0,0,0.0,0.0,0.0,-45.0,0.0,0,0,0.0,0.0,0.0,0.0,0.0,0.0,0.0,-45.0,0.0,-45.0,-45.0,0.0,0.0,0.0,0.0,0.0,0.0,0.0,0.0,0.0,0.0,0.0,0.0,0.0,0.0,0.0,0.0,0.0,0.0,0.0,0.0,0.0,0.0,0.0,0.0,0.0,0.0,0.0,0.0,0.0,0.0,0.0,0.0,1.0
26029,0.0,-608.0,-45.0,2120.0,16.056595,0,0.0,0.0,0.0,0.0,0.0,0.0,0.0,0.0,0.0,0.0,0.0,0.0,0.0,0.0,0.0,0.0,-4905.0,0.0,0.0,0.0,0,0.0,0.0,0.0,-45.0,0.0,0,0,0.0,0.0,0.0,0.0,0.0,0.0,0.0,-45.0,0.0,-45.0,-45.0,0.0,0.0,0.0,0.0,0.0,0.0,0.0,0.0,0.0,0.0,0.0,0.0,0.0,0.0,0.0,0.0,0.0,0.0,0.0,0.0,0.0,0.0,0.0,0.0,0.0,0.0,0.0,0.0,0.0,0.0,0.0,0.0,1.0
26030,0.0,-608.0,-45.0,2120.0,16.056595,0,0.0,0.0,0.0,0.0,0.0,0.0,0.0,0.0,0.0,0.0,0.0,0.0,0.0,0.0,0.0,0.0,-4950.0,0.0,0.0,0.0,0,0.0,0.0,0.0,-45.0,0.0,0,0,0.0,0.0,0.0,0.0,0.0,0.0,0.0,-45.0,0.0,-45.0,-45.0,0.0,0.0,0.0,0.0,0.0,0.0,0.0,0.0,0.0,0.0,0.0,0.0,0.0,0.0,0.0,0.0,0.0,0.0,0.0,0.0,0.0,0.0,0.0,0.0,0.0,0.0,0.0,0.0,0.0,0.0,0.0,0.0,1.0
26031,0.0,-608.0,-45.0,2120.0,16.056595,0,0.0,0.0,0.0,0.0,0.0,0.0,0.0,0.0,0.0,0.0,0.0,0.0,0.0,0.0,0.0,0.0,-4995.0,0.0,0.0,0.0,0,0.0,0.0,0.0,-45.0,0.0,0,0,0.0,0.0,0.0,0.0,0.0,0.0,0.0,-45.0,0.0,-45.0,-45.0,0.0,0.0,0.0,0.0,0.0,0.0,0.0,0.0,0.0,0.0,0.0,0.0,0.0,0.0,0.0,0.0,0.0,0.0,0.0,0.0,0.0,0.0,0.0,0.0,0.0,0.0,0.0,0.0,0.0,0.0,0.0,0.0,1.0
26032,0.0,-608.0,-45.0,2120.0,16.056595,0,0.0,0.0,0.0,0.0,0.0,0.0,0.0,0.0,0.0,0.0,0.0,0.0,0.0,0.0,0.0,0.0,-5040.0,0.0,0.0,0.0,0,0.0,0.0,0.0,-45.0,0.0,0,0,0.0,0.0,0.0,0.0,0.0,0.0,0.0,-45.0,0.0,-45.0,-45.0,0.0,0.0,0.0,0.0,0.0,0.0,0.0,0.0,0.0,0.0,0.0,0.0,0.0,0.0,0.0,0.0,0.0,0.0,0.0,0.0,0.0,0.0,0.0,0.0,0.0,0.0,0.0,0.0,0.0,0.0,0.0,0.0,1.0
26033,0.0,-608.0,-45.0,2120.0,16.056595,0,0.0,0.0,0.0,0.0,0.0,0.0,0.0,0.0,0.0,0.0,0.0,0.0,0.0,0.0,0.0,0.0,-5085.0,0.0,0.0,0.0,0,0.0,0.0,0.0,-45.0,0.0,0,0,0.0,0.0,0.0,0.0,0.0,0.0,0.0,-45.0,0.0,-45.0,-45.0,0.0,0.0,0.0,0.0,0.0,0.0,0.0,0.0,0.0,0.0,0.0,0.0,0.0,0.0,0.0,0.0,0.0,0.0,0.0,0.0,0.0,0.0,0.0,0.0,0.0,0.0,0.0,0.0,0.0,0.0,0.0,0.0,1.0
26034,0.0,-608.0,-45.0,2120.0,16.056595,0,0.0,0.0,0.0,0.0,0.0,0.0,0.0,0.0,0.0,0.0,0.0,0.0,0.0,0.0,0.0,0.0,-5130.0,0.0,0.0,0.0,0,0.0,0.0,0.0,-45.0,0.0,0,0,0.0,0.0,0.0,0.0,0.0,0.0,0.0,-45.0,0.0,-45.0,-45.0,0.0,0.0,0.0,0.0,0.0,0.0,0.0,0.0,0.0,0.0,0.0,0.0,0.0,0.0,0.0,0.0,0.0,0.0,0.0,0.0,0.0,0.0,0.0,0.0,0.0,0.0,0.0,0.0,0.0,0.0,0.0,0.0,1.0
26035,0.0,-608.0,-45.0,2120.0,16.056595,0,0.0,0.0,0.0,0.0,0.0,0.0,0.0,0.0,0.0,0.0,0.0,0.0,0.0,0.0,0.0,0.0,-5175.0,0.0,0.0,0.0,0,0.0,0.0,0.0,-45.0,0.0,0,0,0.0,0.0,0.0,0.0,0.0,0.0,0.0,-45.0,0.0,-45.0,-45.0,0.0,0.0,0.0,0.0,0.0,0.0,0.0,0.0,0.0,0.0,0.0,0.0,0.0,0.0,0.0,0.0,0.0,0.0,0.0,0.0,0.0,0.0,0.0,0.0,0.0,0.0,0.0,0.0,0.0,0.0,0.0,0.0,1.0
26036,0.0,-608.0,-45.0,2120.0,16.056595,0,0.0,0.0,0.0,0.0,0.0,0.0,0.0,0.0,0.0,0.0,0.0,0.0,0.0,0.0,0.0,0.0,-5220.0,0.0,0.0,0.0,0,0.0,0.0,0.0,-45.0,0.0,0,0,0.0,0.0,0.0,0.0,0.0,0.0,0.0,-45.0,0.0,-45.0,-45.0,0.0,0.0,0.0,0.0,0.0,0.0,0.0,0.0,0.0,0.0,0.0,0.0,0.0,0.0,0.0,0.0,0.0,0.0,0.0,0.0,0.0,0.0,0.0,0.0,0.0,0.0,0.0,0.0,0.0,0.0,0.0,0.0,1.0
26037,0.0,-608.0,-45.0,2120.0,16.056595,0,0.0,0.0,0.0,0.0,0.0,0.0,0.0,0.0,0.0,0.0,0.0,0.0,0.0,0.0,0.0,0.0,-5265.0,0.0,0.0,0.0,0,0.0,0.0,0.0,-45.0,0.0,0,0,0.0,0.0,0.0,0.0,0.0,0.0,0.0,-45.0,0.0,-45.0,-45.0,0.0,0.0,0.0,0.0,0.0,0.0,0.0,0.0,0.0,0.0,0.0,0.0,0.0,0.0,0.0,0.0,0.0,0.0,0.0,0.0,0.0,0.0,0.0,0.0,0.0,0.0,0.0,0.0,0.0,0.0,0.0,0.0,1.0
26038,0.0,-608.0,-45.0,2120.0,16.056595,0,0.0,0.0,0.0,0.0,0.0,0.0,0.0,0.0,0.0,0.0,0.0,0.0,0.0,0.0,0.0,0.0,-5310.0,0.0,0.0,0.0,0,0.0,0.0,0.0,-45.0,0.0,0,0,0.0,0.0,0.0,0.0,0.0,0.0,0.0,-45.0,0.0,-45.0,-45.0,0.0,0.0,0.0,0.0,0.0,0.0,0.0,0.0,0.0,0.0,0.0,0.0,0.0,0.0,0.0,0.0,0.0,0.0,0.0,0.0,0.0,0.0,0.0,0.0,0.0,0.0,0.0,0.0,0.0,0.0,0.0,0.0,1.0
26039,0.0,-608.0,-45.0,2120.0,16.056595,0,0.0,0.0,0.0,0.0,0.0,0.0,0.0,0.0,0.0,0.0,0.0,0.0,0.0,0.0,0.0,0.0,-5355.0,0.0,0.0,0.0,0,0.0,0.0,0.0,-45.0,0.0,0,0,0.0,0.0,0.0,0.0,0.0,0.0,0.0,-45.0,0.0,-45.0,-45.0,0.0,0.0,0.0,0.0,0.0,0.0,0.0,0.0,0.0,0.0,0.0,0.0,0.0,0.0,0.0,0.0,0.0,0.0,0.0,0.0,0.0,0.0,0.0,0.0,0.0,0.0,0.0,0.0,0.0,0.0,0.0,0.0,1.0
26040,0.0,-608.0,-45.0,2120.0,16.056595,0,0.0,0.0,0.0,0.0,0.0,0.0,0.0,0.0,0.0,0.0,0.0,0.0,0.0,0.0,0.0,0.0,-5400.0,0.0,0.0,0.0,0,0.0,0.0,0.0,-45.0,0.0,0,0,0.0,0.0,0.0,0.0,0.0,0.0,0.0,-45.0,0.0,-45.0,-45.0,0.0,0.0,0.0,0.0,0.0,0.0,0.0,0.0,0.0,0.0,0.0,0.0,0.0,0.0,0.0,0.0,0.0,0.0,0.0,0.0,0.0,0.0,0.0,0.0,0.0,0.0,0.0,0.0,0.0,0.0,0.0,0.0,1.0
26041,0.0,-608.0,-45.0,2120.0,16.056595,0,0.0,0.0,0.0,0.0,0.0,0.0,0.0,0.0,0.0,0.0,0.0,0.0,0.0,0.0,0.0,0.0,-5445.0,0.0,0.0,0.0,0,0.0,0.0,0.0,-45.0,0.0,0,0,0.0,0.0,0.0,0.0,0.0,0.0,0.0,-45.0,0.0,-45.0,-45.0,0.0,0.0,0.0,0.0,0.0,0.0,0.0,0.0,0.0,0.0,0.0,0.0,0.0,0.0,0.0,0.0,0.0,0.0,0.0,0.0,0.0,0.0,0.0,0.0,0.0,0.0,0.0,0.0,0.0,0.0,0.0,0.0,1.0
26042,0.0,-608.0,-45.0,2120.0,16.056595,0,0.0,0.0,0.0,0.0,0.0,0.0,0.0,0.0,0.0,0.0,0.0,0.0,0.0,0.0,0.0,0.0,-5490.0,0.0,0.0,0.0,0,0.0,0.0,0.0,-45.0,0.0,0,0,0.0,0.0,0.0,0.0,0.0,0.0,0.0,-45.0,0.0,-45.0,-45.0,0.0,0.0,0.0,0.0,0.0,0.0,0.0,0.0,0.0,0.0,0.0,0.0,0.0,0.0,0.0,0.0,0.0,0.0,0.0,0.0,0.0,0.0,0.0,0.0,0.0,0.0,0.0,0.0,0.0,0.0,0.0,0.0,1.0
26043,0.0,-608.0,-45.0,2120.0,16.056595,0,0.0,0.0,0.0,0.0,0.0,0.0,0.0,0.0,0.0,0.0,0.0,0.0,0.0,0.0,0.0,0.0,-5535.0,0.0,0.0,0.0,0,0.0,0.0,0.0,-45.0,0.0,0,0,0.0,0.0,0.0,0.0,0.0,0.0,0.0,-45.0,0.0,-45.0,-45.0,0.0,0.0,0.0,0.0,0.0,0.0,0.0,0.0,0.0,0.0,0.0,0.0,0.0,0.0,0.0,0.0,0.0,0.0,0.0,0.0,0.0,0.0,0.0,0.0,0.0,0.0,0.0,0.0,0.0,0.0,0.0,0.0,1.0
26044,0.0,-608.0,-45.0,2120.0,16.056595,0,0.0,0.0,0.0,0.0,0.0,0.0,0.0,0.0,0.0,0.0,0.0,0.0,0.0,0.0,0.0,0.0,-5580.0,0.0,0.0,0.0,0,0.0,0.0,0.0,-45.0,0.0,0,0,0.0,0.0,0.0,0.0,0.0,0.0,0.0,-45.0,0.0,-45.0,-45.0,0.0,0.0,0.0,0.0,0.0,0.0,0.0,0.0,0.0,0.0,0.0,0.0,0.0,0.0,0.0,0.0,0.0,0.0,0.0,0.0,0.0,0.0,0.0,0.0,0.0,0.0,0.0,0.0,0.0,0.0,0.0,0.0,1.0
26045,0.0,-608.0,-45.0,2120.0,16.056595,0,0.0,0.0,0.0,0.0,0.0,0.0,0.0,0.0,0.0,0.0,0.0,0.0,0.0,0.0,0.0,0.0,-5625.0,0.0,0.0,0.0,0,0.0,0.0,0.0,-45.0,0.0,0,0,0.0,0.0,0.0,0.0,0.0,0.0,0.0,-45.0,0.0,-45.0,-45.0,0.0,0.0,0.0,0.0,0.0,0.0,0.0,0.0,0.0,0.0,0.0,0.0,0.0,0.0,0.0,0.0,0.0,0.0,0.0,0.0,0.0,0.0,0.0,0.0,0.0,0.0,0.0,0.0,0.0,0.0,0.0,0.0,1.0
26046,0.0,-608.0,-45.0,2120.0,16.056595,0,0.0,0.0,0.0,0.0,0.0,0.0,0.0,0.0,0.0,0.0,0.0,0.0,0.0,0.0,0.0,0.0,-5670.0,0.0,0.0,0.0,0,0.0,0.0,0.0,-45.0,0.0,0,0,0.0,0.0,0.0,0.0,0.0,0.0,0.0,-45.0,0.0,-45.0,-45.0,0.0,0.0,0.0,0.0,0.0,0.0,0.0,0.0,0.0,0.0,0.0,0.0,0.0,0.0,0.0,0.0,0.0,0.0,0.0,0.0,0.0,0.0,0.0,0.0,0.0,0.0,0.0,0.0,0.0,0.0,0.0,0.0,1.0
26047,0.0,-608.0,-45.0,2120.0,16.056595,0,0.0,0.0,0.0,0.0,0.0,0.0,0.0,0.0,0.0,0.0,0.0,0.0,0.0,0.0,0.0,0.0,-5715.0,0.0,0.0,0.0,0,0.0,0.0,0.0,-45.0,0.0,0,0,0.0,0.0,0.0,0.0,0.0,0.0,0.0,-45.0,0.0,-45.0,-45.0,0.0,0.0,0.0,0.0,0.0,0.0,0.0,0.0,0.0,0.0,0.0,0.0,0.0,0.0,0.0,0.0,0.0,0.0,0.0,0.0,0.0,0.0,0.0,0.0,0.0,0.0,0.0,0.0,0.0,0.0,0.0,0.0,1.0
26048,0.0,-608.0,-45.0,2120.0,16.056595,0,0.0,0.0,0.0,0.0,0.0,0.0,0.0,0.0,0.0,0.0,0.0,0.0,0.0,0.0,0.0,0.0,-5760.0,0.0,0.0,0.0,0,0.0,0.0,0.0,-45.0,0.0,0,0,0.0,0.0,0.0,0.0,0.0,0.0,0.0,-45.0,0.0,-45.0,-45.0,0.0,0.0,0.0,0.0,0.0,0.0,0.0,0.0,0.0,0.0,0.0,0.0,0.0,0.0,0.0,0.0,0.0,0.0,0.0,0.0,0.0,0.0,0.0,0.0,0.0,0.0,0.0,0.0,0.0,0.0,0.0,0.0,1.0
26049,0.0,-608.0,-45.0,2120.0,16.056595,0,0.0,0.0,0.0,0.0,0.0,0.0,0.0,0.0,0.0,0.0,0.0,0.0,0.0,0.0,0.0,0.0,-5805.0,0.0,0.0,0.0,0,0.0,0.0,0.0,-45.0,0.0,0,0,0.0,0.0,0.0,0.0,0.0,0.0,0.0,-45.0,0.0,-45.0,-45.0,0.0,0.0,0.0,0.0,0.0,0.0,0.0,0.0,0.0,0.0,0.0,0.0,0.0,0.0,0.0,0.0,0.0,0.0,0.0,0.0,0.0,0.0,0.0,0.0,0.0,0.0,0.0,0.0,0.0,0.0,0.0,0.0,1.0
26050,0.0,-608.0,-45.0,2120.0,16.056595,0,0.0,0.0,0.0,0.0,0.0,0.0,0.0,0.0,0.0,0.0,0.0,0.0,0.0,0.0,0.0,0.0,-5850.0,0.0,0.0,0.0,0,0.0,0.0,0.0,-45.0,0.0,0,0,0.0,0.0,0.0,0.0,0.0,0.0,0.0,-45.0,0.0,-45.0,-45.0,0.0,0.0,0.0,0.0,0.0,0.0,0.0,0.0,0.0,0.0,0.0,0.0,0.0,0.0,0.0,0.0,0.0,0.0,0.0,0.0,0.0,0.0,0.0,0.0,0.0,0.0,0.0,0.0,0.0,0.0,0.0,0.0,1.0
26051,0.0,-608.0,-45.0,2120.0,16.056595,0,0.0,0.0,0.0,0.0,0.0,0.0,0.0,0.0,0.0,0.0,0.0,0.0,0.0,0.0,0.0,0.0,-5895.0,0.0,0.0,0.0,0,0.0,0.0,0.0,-45.0,0.0,0,0,0.0,0.0,0.0,0.0,0.0,0.0,0.0,-45.0,0.0,-45.0,-45.0,0.0,0.0,0.0,0.0,0.0,0.0,0.0,0.0,0.0,0.0,0.0,0.0,0.0,0.0,0.0,0.0,0.0,0.0,0.0,0.0,0.0,0.0,0.0,0.0,0.0,0.0,0.0,0.0,0.0,0.0,0.0,0.0,1.0
26052,0.0,-608.0,-45.0,2120.0,16.056595,0,0.0,0.0,0.0,0.0,0.0,0.0,0.0,0.0,0.0,0.0,0.0,0.0,0.0,0.0,0.0,0.0,-5940.0,0.0,0.0,0.0,0,0.0,0.0,0.0,-45.0,0.0,0,0,0.0,0.0,0.0,0.0,0.0,0.0,0.0,-45.0,0.0,-45.0,-45.0,0.0,0.0,0.0,0.0,0.0,0.0,0.0,0.0,0.0,0.0,0.0,0.0,0.0,0.0,0.0,0.0,0.0,0.0,0.0,0.0,0.0,0.0,0.0,0.0,0.0,0.0,0.0,0.0,0.0,0.0,0.0,0.0,1.0
26053,0.0,-608.0,-45.0,2120.0,16.056595,0,0.0,0.0,0.0,0.0,0.0,0.0,0.0,0.0,0.0,0.0,0.0,0.0,0.0,0.0,0.0,0.0,-5985.0,0.0,0.0,0.0,0,0.0,0.0,0.0,-45.0,0.0,0,0,0.0,0.0,0.0,0.0,0.0,0.0,0.0,-45.0,0.0,-45.0,-45.0,0.0,0.0,0.0,0.0,0.0,0.0,0.0,0.0,0.0,0.0,0.0,0.0,0.0,0.0,0.0,0.0,0.0,0.0,0.0,0.0,0.0,0.0,0.0,0.0,0.0,0.0,0.0,0.0,0.0,0.0,0.0,0.0,1.0
26054,0.0,-608.0,-45.0,2120.0,16.056595,0,0.0,0.0,0.0,0.0,0.0,0.0,0.0,0.0,0.0,0.0,0.0,0.0,0.0,0.0,0.0,0.0,-6030.0,0.0,0.0,0.0,0,0.0,0.0,0.0,-45.0,0.0,0,0,0.0,0.0,0.0,0.0,0.0,0.0,0.0,-45.0,0.0,-45.0,-45.0,0.0,0.0,0.0,0.0,0.0,0.0,0.0,0.0,0.0,0.0,0.0,0.0,0.0,0.0,0.0,0.0,0.0,0.0,0.0,0.0,0.0,0.0,0.0,0.0,0.0,0.0,0.0,0.0,0.0,0.0,0.0,0.0,1.0
26055,0.0,-608.0,-45.0,2120.0,16.056595,0,0.0,0.0,0.0,0.0,0.0,0.0,0.0,0.0,0.0,0.0,0.0,0.0,0.0,0.0,0.0,0.0,-6075.0,0.0,0.0,0.0,0,0.0,0.0,0.0,-45.0,0.0,0,0,0.0,0.0,0.0,0.0,0.0,0.0,0.0,-45.0,0.0,-45.0,-45.0,0.0,0.0,0.0,0.0,0.0,0.0,0.0,0.0,0.0,0.0,0.0,0.0,0.0,0.0,0.0,0.0,0.0,0.0,0.0,0.0,0.0,0.0,0.0,0.0,0.0,0.0,0.0,0.0,0.0,0.0,0.0,0.0,1.0
26056,0.0,-608.0,-45.0,2120.0,16.056595,0,0.0,0.0,0.0,0.0,0.0,0.0,0.0,0.0,0.0,0.0,0.0,0.0,0.0,0.0,0.0,0.0,-6120.0,0.0,0.0,0.0,0,0.0,0.0,0.0,-45.0,0.0,0,0,0.0,0.0,0.0,0.0,0.0,0.0,0.0,-45.0,0.0,-45.0,-45.0,0.0,0.0,0.0,0.0,0.0,0.0,0.0,0.0,0.0,0.0,0.0,0.0,0.0,0.0,0.0,0.0,0.0,0.0,0.0,0.0,0.0,0.0,0.0,0.0,0.0,0.0,0.0,0.0,0.0,0.0,0.0,0.0,1.0
26057,0.0,-608.0,-45.0,2120.0,16.056595,0,0.0,0.0,0.0,0.0,0.0,0.0,0.0,0.0,0.0,0.0,0.0,0.0,0.0,0.0,0.0,0.0,-6165.0,0.0,0.0,0.0,0,0.0,0.0,0.0,-45.0,0.0,0,0,0.0,0.0,0.0,0.0,0.0,0.0,0.0,-45.0,0.0,-45.0,-45.0,0.0,0.0,0.0,0.0,0.0,0.0,0.0,0.0,0.0,0.0,0.0,0.0,0.0,0.0,0.0,0.0,0.0,0.0,0.0,0.0,0.0,0.0,0.0,0.0,0.0,0.0,0.0,0.0,0.0,0.0,0.0,0.0,1.0
26058,0.0,-608.0,-45.0,2120.0,16.056595,0,0.0,0.0,0.0,0.0,0.0,0.0,0.0,0.0,0.0,0.0,0.0,0.0,0.0,0.0,0.0,0.0,-6210.0,0.0,0.0,0.0,0,0.0,0.0,0.0,-45.0,0.0,0,0,0.0,0.0,0.0,0.0,0.0,0.0,0.0,-45.0,0.0,-45.0,-45.0,0.0,0.0,0.0,0.0,0.0,0.0,0.0,0.0,0.0,0.0,0.0,0.0,0.0,0.0,0.0,0.0,0.0,0.0,0.0,0.0,0.0,0.0,0.0,0.0,0.0,0.0,0.0,0.0,0.0,0.0,0.0,0.0,1.0
26059,0.0,-608.0,-45.0,2120.0,16.056595,0,0.0,0.0,0.0,0.0,0.0,0.0,0.0,0.0,0.0,0.0,0.0,0.0,0.0,0.0,0.0,0.0,-6255.0,0.0,0.0,0.0,0,0.0,0.0,0.0,-45.0,0.0,0,0,0.0,0.0,0.0,0.0,0.0,0.0,0.0,-45.0,0.0,-45.0,-45.0,0.0,0.0,0.0,0.0,0.0,0.0,0.0,0.0,0.0,0.0,0.0,0.0,0.0,0.0,0.0,0.0,0.0,0.0,0.0,0.0,0.0,0.0,0.0,0.0,0.0,0.0,0.0,0.0,0.0,0.0,0.0,0.0,1.0
26060,0.0,-608.0,-45.0,2120.0,16.056595,0,0.0,0.0,0.0,0.0,0.0,0.0,0.0,0.0,0.0,0.0,0.0,0.0,0.0,0.0,0.0,0.0,-6300.0,0.0,0.0,0.0,0,0.0,0.0,0.0,-45.0,0.0,0,0,0.0,0.0,0.0,0.0,0.0,0.0,0.0,-45.0,0.0,-45.0,-45.0,0.0,0.0,0.0,0.0,0.0,0.0,0.0,0.0,0.0,0.0,0.0,0.0,0.0,0.0,0.0,0.0,0.0,0.0,0.0,0.0,0.0,0.0,0.0,0.0,0.0,0.0,0.0,0.0,0.0,0.0,0.0,0.0,1.0
26061,0.0,-608.0,-45.0,2120.0,16.056595,0,0.0,0.0,0.0,0.0,0.0,0.0,0.0,0.0,0.0,0.0,0.0,0.0,0.0,0.0,0.0,0.0,-6345.0,0.0,0.0,0.0,0,0.0,0.0,0.0,-45.0,0.0,0,0,0.0,0.0,0.0,0.0,0.0,0.0,0.0,-45.0,0.0,-45.0,-45.0,0.0,0.0,0.0,0.0,0.0,0.0,0.0,0.0,0.0,0.0,0.0,0.0,0.0,0.0,0.0,0.0,0.0,0.0,0.0,0.0,0.0,0.0,0.0,0.0,0.0,0.0,0.0,0.0,0.0,0.0,0.0,0.0,1.0
26062,0.0,-608.0,-45.0,2120.0,16.056595,0,0.0,0.0,0.0,0.0,0.0,0.0,0.0,0.0,0.0,0.0,0.0,0.0,0.0,0.0,0.0,0.0,-6390.0,0.0,0.0,0.0,0,0.0,0.0,0.0,-45.0,0.0,0,0,0.0,0.0,0.0,0.0,0.0,0.0,0.0,-45.0,0.0,-45.0,-45.0,0.0,0.0,0.0,0.0,0.0,0.0,0.0,0.0,0.0,0.0,0.0,0.0,0.0,0.0,0.0,0.0,0.0,0.0,0.0,0.0,0.0,0.0,0.0,0.0,0.0,0.0,0.0,0.0,0.0,0.0,0.0,0.0,1.0
26063,0.0,-608.0,-45.0,2120.0,16.056595,0,0.0,0.0,0.0,0.0,0.0,0.0,0.0,0.0,0.0,0.0,0.0,0.0,0.0,0.0,0.0,0.0,-6435.0,0.0,0.0,0.0,0,0.0,0.0,0.0,-45.0,0.0,0,0,0.0,0.0,0.0,0.0,0.0,0.0,0.0,-45.0,0.0,-45.0,-45.0,0.0,0.0,0.0,0.0,0.0,0.0,0.0,0.0,0.0,0.0,0.0,0.0,0.0,0.0,0.0,0.0,0.0,0.0,0.0,0.0,0.0,0.0,0.0,0.0,0.0,0.0,0.0,0.0,0.0,0.0,0.0,0.0,1.0
26064,0.0,-608.0,-45.0,2120.0,16.056595,0,0.0,0.0,0.0,0.0,0.0,0.0,0.0,0.0,0.0,0.0,0.0,0.0,0.0,0.0,0.0,0.0,-6480.0,0.0,0.0,0.0,0,0.0,0.0,0.0,-45.0,0.0,0,0,0.0,0.0,0.0,0.0,0.0,0.0,0.0,-45.0,0.0,-45.0,-45.0,0.0,0.0,0.0,0.0,0.0,0.0,0.0,0.0,0.0,0.0,0.0,0.0,0.0,0.0,0.0,0.0,0.0,0.0,0.0,0.0,0.0,0.0,0.0,0.0,0.0,0.0,0.0,0.0,0.0,0.0,0.0,0.0,1.0
26065,0.0,-608.0,-45.0,2120.0,16.056595,0,0.0,0.0,0.0,0.0,0.0,0.0,0.0,0.0,0.0,0.0,0.0,0.0,0.0,0.0,0.0,0.0,-6525.0,0.0,0.0,0.0,0,0.0,0.0,0.0,-45.0,0.0,0,0,0.0,0.0,0.0,0.0,0.0,0.0,0.0,-45.0,0.0,-45.0,-45.0,0.0,0.0,0.0,0.0,0.0,0.0,0.0,0.0,0.0,0.0,0.0,0.0,0.0,0.0,0.0,0.0,0.0,0.0,0.0,0.0,0.0,0.0,0.0,0.0,0.0,0.0,0.0,0.0,0.0,0.0,0.0,0.0,1.0
26066,0.0,-608.0,-45.0,2120.0,16.056595,0,0.0,0.0,0.0,0.0,0.0,0.0,0.0,0.0,0.0,0.0,0.0,0.0,0.0,0.0,0.0,0.0,-6570.0,0.0,0.0,0.0,0,0.0,0.0,0.0,-45.0,0.0,0,0,0.0,0.0,0.0,0.0,0.0,0.0,0.0,-45.0,0.0,-45.0,-45.0,0.0,0.0,0.0,0.0,0.0,0.0,0.0,0.0,0.0,0.0,0.0,0.0,0.0,0.0,0.0,0.0,0.0,0.0,0.0,0.0,0.0,0.0,0.0,0.0,0.0,0.0,0.0,0.0,0.0,0.0,0.0,0.0,1.0
26067,0.0,-608.0,-45.0,2120.0,16.056595,0,0.0,0.0,0.0,0.0,0.0,0.0,0.0,0.0,0.0,0.0,0.0,0.0,0.0,0.0,0.0,0.0,-6615.0,0.0,0.0,0.0,0,0.0,0.0,0.0,-45.0,0.0,0,0,0.0,0.0,0.0,0.0,0.0,0.0,0.0,-45.0,0.0,-45.0,-45.0,0.0,0.0,0.0,0.0,0.0,0.0,0.0,0.0,0.0,0.0,0.0,0.0,0.0,0.0,0.0,0.0,0.0,0.0,0.0,0.0,0.0,0.0,0.0,0.0,0.0,0.0,0.0,0.0,0.0,0.0,0.0,0.0,1.0
26068,0.0,-608.0,-45.0,2120.0,16.056595,0,0.0,0.0,0.0,0.0,0.0,0.0,0.0,0.0,0.0,0.0,0.0,0.0,0.0,0.0,0.0,0.0,-6660.0,0.0,0.0,0.0,0,0.0,0.0,0.0,-45.0,0.0,0,0,0.0,0.0,0.0,0.0,0.0,0.0,0.0,-45.0,0.0,-45.0,-45.0,0.0,0.0,0.0,0.0,0.0,0.0,0.0,0.0,0.0,0.0,0.0,0.0,0.0,0.0,0.0,0.0,0.0,0.0,0.0,0.0,0.0,0.0,0.0,0.0,0.0,0.0,0.0,0.0,0.0,0.0,0.0,0.0,1.0
26069,0.0,-608.0,-45.0,2120.0,16.056595,0,0.0,0.0,0.0,0.0,0.0,0.0,0.0,0.0,0.0,0.0,0.0,0.0,0.0,0.0,0.0,0.0,-6705.0,0.0,0.0,0.0,0,0.0,0.0,0.0,-45.0,0.0,0,0,0.0,0.0,0.0,0.0,0.0,0.0,0.0,-45.0,0.0,-45.0,-45.0,0.0,0.0,0.0,0.0,0.0,0.0,0.0,0.0,0.0,0.0,0.0,0.0,0.0,0.0,0.0,0.0,0.0,0.0,0.0,0.0,0.0,0.0,0.0,0.0,0.0,0.0,0.0,0.0,0.0,0.0,0.0,0.0,1.0
26070,0.0,-608.0,-45.0,2120.0,16.056595,0,0.0,0.0,0.0,0.0,0.0,0.0,0.0,0.0,0.0,0.0,0.0,0.0,0.0,0.0,0.0,0.0,-6750.0,0.0,0.0,0.0,0,0.0,0.0,0.0,-45.0,0.0,0,0,0.0,0.0,0.0,0.0,0.0,0.0,0.0,-45.0,0.0,-45.0,-45.0,0.0,0.0,0.0,0.0,0.0,0.0,0.0,0.0,0.0,0.0,0.0,0.0,0.0,0.0,0.0,0.0,0.0,0.0,0.0,0.0,0.0,0.0,0.0,0.0,0.0,0.0,0.0,0.0,0.0,0.0,0.0,0.0,1.0
26071,0.0,-608.0,-45.0,2120.0,16.056595,0,0.0,0.0,0.0,0.0,0.0,0.0,0.0,0.0,0.0,0.0,0.0,0.0,0.0,0.0,0.0,0.0,-6795.0,0.0,0.0,0.0,0,0.0,0.0,0.0,-45.0,0.0,0,0,0.0,0.0,0.0,0.0,0.0,0.0,0.0,-45.0,0.0,-45.0,-45.0,0.0,0.0,0.0,0.0,0.0,0.0,0.0,0.0,0.0,0.0,0.0,0.0,0.0,0.0,0.0,0.0,0.0,0.0,0.0,0.0,0.0,0.0,0.0,0.0,0.0,0.0,0.0,0.0,0.0,0.0,0.0,0.0,1.0
26072,0.0,-608.0,-45.0,2120.0,16.056595,0,0.0,0.0,0.0,0.0,0.0,0.0,0.0,0.0,0.0,0.0,0.0,0.0,0.0,0.0,0.0,0.0,-6840.0,0.0,0.0,0.0,0,0.0,0.0,0.0,-45.0,0.0,0,0,0.0,0.0,0.0,0.0,0.0,0.0,0.0,-45.0,0.0,-45.0,-45.0,0.0,0.0,0.0,0.0,0.0,0.0,0.0,0.0,0.0,0.0,0.0,0.0,0.0,0.0,0.0,0.0,0.0,0.0,0.0,0.0,0.0,0.0,0.0,0.0,0.0,0.0,0.0,0.0,0.0,0.0,0.0,0.0,1.0
26073,0.0,-608.0,-45.0,2120.0,16.056595,0,0.0,0.0,0.0,0.0,0.0,0.0,0.0,0.0,0.0,0.0,0.0,0.0,0.0,0.0,0.0,0.0,-6885.0,0.0,0.0,0.0,0,0.0,0.0,0.0,-45.0,0.0,0,0,0.0,0.0,0.0,0.0,0.0,0.0,0.0,-45.0,0.0,-45.0,-45.0,0.0,0.0,0.0,0.0,0.0,0.0,0.0,0.0,0.0,0.0,0.0,0.0,0.0,0.0,0.0,0.0,0.0,0.0,0.0,0.0,0.0,0.0,0.0,0.0,0.0,0.0,0.0,0.0,0.0,0.0,0.0,0.0,1.0
26074,0.0,-608.0,-45.0,2120.0,16.056595,0,0.0,0.0,0.0,0.0,0.0,0.0,0.0,0.0,0.0,0.0,0.0,0.0,0.0,0.0,0.0,0.0,-6930.0,0.0,0.0,0.0,0,0.0,0.0,0.0,-45.0,0.0,0,0,0.0,0.0,0.0,0.0,0.0,0.0,0.0,-45.0,0.0,-45.0,-45.0,0.0,0.0,0.0,0.0,0.0,0.0,0.0,0.0,0.0,0.0,0.0,0.0,0.0,0.0,0.0,0.0,0.0,0.0,0.0,0.0,0.0,0.0,0.0,0.0,0.0,0.0,0.0,0.0,0.0,0.0,0.0,0.0,1.0
26075,0.0,-608.0,-45.0,2120.0,16.056595,0,0.0,0.0,0.0,0.0,0.0,0.0,0.0,0.0,0.0,0.0,0.0,0.0,0.0,0.0,0.0,0.0,-6975.0,0.0,0.0,0.0,0,0.0,0.0,0.0,-45.0,0.0,0,0,0.0,0.0,0.0,0.0,0.0,0.0,0.0,-45.0,0.0,-45.0,-45.0,0.0,0.0,0.0,0.0,0.0,0.0,0.0,0.0,0.0,0.0,0.0,0.0,0.0,0.0,0.0,0.0,0.0,0.0,0.0,0.0,0.0,0.0,0.0,0.0,0.0,0.0,0.0,0.0,0.0,0.0,0.0,0.0,1.0
26076,0.0,-608.0,-45.0,2120.0,16.056595,0,0.0,0.0,0.0,0.0,0.0,0.0,0.0,0.0,0.0,0.0,0.0,0.0,0.0,0.0,0.0,0.0,-7020.0,0.0,0.0,0.0,0,0.0,0.0,0.0,-45.0,0.0,0,0,0.0,0.0,0.0,0.0,0.0,0.0,0.0,-45.0,0.0,-45.0,-45.0,0.0,0.0,0.0,0.0,0.0,0.0,0.0,0.0,0.0,0.0,0.0,0.0,0.0,0.0,0.0,0.0,0.0,0.0,0.0,0.0,0.0,0.0,0.0,0.0,0.0,0.0,0.0,0.0,0.0,0.0,0.0,0.0,1.0
26077,0.0,-608.0,-45.0,2120.0,16.056595,0,0.0,0.0,0.0,0.0,0.0,0.0,0.0,0.0,0.0,0.0,0.0,0.0,0.0,0.0,0.0,0.0,-7065.0,0.0,0.0,0.0,0,0.0,0.0,0.0,-45.0,0.0,0,0,0.0,0.0,0.0,0.0,0.0,0.0,0.0,-45.0,0.0,-45.0,-45.0,0.0,0.0,0.0,0.0,0.0,0.0,0.0,0.0,0.0,0.0,0.0,0.0,0.0,0.0,0.0,0.0,0.0,0.0,0.0,0.0,0.0,0.0,0.0,0.0,0.0,0.0,0.0,0.0,0.0,0.0,0.0,0.0,1.0
26078,0.0,-608.0,-45.0,2120.0,16.056595,0,0.0,0.0,0.0,0.0,0.0,0.0,0.0,0.0,0.0,0.0,0.0,0.0,0.0,0.0,0.0,0.0,-7110.0,0.0,0.0,0.0,0,0.0,0.0,0.0,-45.0,0.0,0,0,0.0,0.0,0.0,0.0,0.0,0.0,0.0,-45.0,0.0,-45.0,-45.0,0.0,0.0,0.0,0.0,0.0,0.0,0.0,0.0,0.0,0.0,0.0,0.0,0.0,0.0,0.0,0.0,0.0,0.0,0.0,0.0,0.0,0.0,0.0,0.0,0.0,0.0,0.0,0.0,0.0,0.0,0.0,0.0,1.0
26079,0.0,-608.0,-45.0,2120.0,16.056595,0,0.0,0.0,0.0,0.0,0.0,0.0,0.0,0.0,0.0,0.0,0.0,0.0,0.0,0.0,0.0,0.0,-7155.0,0.0,0.0,0.0,0,0.0,0.0,0.0,-45.0,0.0,0,0,0.0,0.0,0.0,0.0,0.0,0.0,0.0,-45.0,0.0,-45.0,-45.0,0.0,0.0,0.0,0.0,0.0,0.0,0.0,0.0,0.0,0.0,0.0,0.0,0.0,0.0,0.0,0.0,0.0,0.0,0.0,0.0,0.0,0.0,0.0,0.0,0.0,0.0,0.0,0.0,0.0,0.0,0.0,0.0,1.0
26080,0.0,-608.0,-45.0,2120.0,16.056595,0,0.0,0.0,0.0,0.0,0.0,0.0,0.0,0.0,0.0,0.0,0.0,0.0,0.0,0.0,0.0,0.0,-7200.0,0.0,0.0,0.0,0,0.0,0.0,0.0,-45.0,0.0,0,0,0.0,0.0,0.0,0.0,0.0,0.0,0.0,-45.0,0.0,-45.0,-45.0,0.0,0.0,0.0,0.0,0.0,0.0,0.0,0.0,0.0,0.0,0.0,0.0,0.0,0.0,0.0,0.0,0.0,0.0,0.0,0.0,0.0,0.0,0.0,0.0,0.0,0.0,0.0,0.0,0.0,0.0,0.0,0.0,1.0
26081,0.0,-608.0,-45.0,2120.0,16.056595,0,0.0,0.0,0.0,0.0,0.0,0.0,0.0,0.0,0.0,0.0,0.0,0.0,0.0,0.0,0.0,0.0,-7245.0,0.0,0.0,0.0,0,0.0,0.0,0.0,-45.0,0.0,0,0,0.0,0.0,0.0,0.0,0.0,0.0,0.0,-45.0,0.0,-45.0,-45.0,0.0,0.0,0.0,0.0,0.0,0.0,0.0,0.0,0.0,0.0,0.0,0.0,0.0,0.0,0.0,0.0,0.0,0.0,0.0,0.0,0.0,0.0,0.0,0.0,0.0,0.0,0.0,0.0,0.0,0.0,0.0,0.0,1.0
26082,0.0,-608.0,-45.0,2120.0,16.056595,0,0.0,0.0,0.0,0.0,0.0,0.0,0.0,0.0,0.0,0.0,0.0,0.0,0.0,0.0,0.0,0.0,-7290.0,0.0,0.0,0.0,0,0.0,0.0,0.0,-45.0,0.0,0,0,0.0,0.0,0.0,0.0,0.0,0.0,0.0,-45.0,0.0,-45.0,-45.0,0.0,0.0,0.0,0.0,0.0,0.0,0.0,0.0,0.0,0.0,0.0,0.0,0.0,0.0,0.0,0.0,0.0,0.0,0.0,0.0,0.0,0.0,0.0,0.0,0.0,0.0,0.0,0.0,0.0,0.0,0.0,0.0,1.0
26083,0.0,-608.0,-45.0,2120.0,16.056595,0,0.0,0.0,0.0,0.0,0.0,0.0,0.0,0.0,0.0,0.0,0.0,0.0,0.0,0.0,0.0,0.0,-7335.0,0.0,0.0,0.0,0,0.0,0.0,0.0,-45.0,0.0,0,0,0.0,0.0,0.0,0.0,0.0,0.0,0.0,-45.0,0.0,-45.0,-45.0,0.0,0.0,0.0,0.0,0.0,0.0,0.0,0.0,0.0,0.0,0.0,0.0,0.0,0.0,0.0,0.0,0.0,0.0,0.0,0.0,0.0,0.0,0.0,0.0,0.0,0.0,0.0,0.0,0.0,0.0,0.0,0.0,1.0
26084,0.0,-608.0,-45.0,2120.0,16.056595,0,0.0,0.0,0.0,0.0,0.0,0.0,0.0,0.0,0.0,0.0,0.0,0.0,0.0,0.0,0.0,0.0,-7380.0,0.0,0.0,0.0,0,0.0,0.0,0.0,-45.0,0.0,0,0,0.0,0.0,0.0,0.0,0.0,0.0,0.0,-45.0,0.0,-45.0,-45.0,0.0,0.0,0.0,0.0,0.0,0.0,0.0,0.0,0.0,0.0,0.0,0.0,0.0,0.0,0.0,0.0,0.0,0.0,0.0,0.0,0.0,0.0,0.0,0.0,0.0,0.0,0.0,0.0,0.0,0.0,0.0,0.0,1.0
26085,0.0,-608.0,-45.0,2120.0,16.056595,0,0.0,0.0,0.0,0.0,0.0,0.0,0.0,0.0,0.0,0.0,0.0,0.0,0.0,0.0,0.0,0.0,-7425.0,0.0,0.0,0.0,0,0.0,0.0,0.0,-45.0,0.0,0,0,0.0,0.0,0.0,0.0,0.0,0.0,0.0,-45.0,0.0,-45.0,-45.0,0.0,0.0,0.0,0.0,0.0,0.0,0.0,0.0,0.0,0.0,0.0,0.0,0.0,0.0,0.0,0.0,0.0,0.0,0.0,0.0,0.0,0.0,0.0,0.0,0.0,0.0,0.0,0.0,0.0,0.0,0.0,0.0,1.0
26086,0.0,-608.0,-45.0,2120.0,16.056595,0,0.0,0.0,0.0,0.0,0.0,0.0,0.0,0.0,0.0,0.0,0.0,0.0,0.0,0.0,0.0,0.0,-7470.0,0.0,0.0,0.0,0,0.0,0.0,0.0,-45.0,0.0,0,0,0.0,0.0,0.0,0.0,0.0,0.0,0.0,-45.0,0.0,-45.0,-45.0,0.0,0.0,0.0,0.0,0.0,0.0,0.0,0.0,0.0,0.0,0.0,0.0,0.0,0.0,0.0,0.0,0.0,0.0,0.0,0.0,0.0,0.0,0.0,0.0,0.0,0.0,0.0,0.0,0.0,0.0,0.0,0.0,1.0
26087,0.0,-608.0,-45.0,2120.0,16.056595,0,0.0,0.0,0.0,0.0,0.0,0.0,0.0,0.0,0.0,0.0,0.0,0.0,0.0,0.0,0.0,0.0,-7515.0,0.0,0.0,0.0,0,0.0,0.0,0.0,-45.0,0.0,0,0,0.0,0.0,0.0,0.0,0.0,0.0,0.0,-45.0,0.0,-45.0,-45.0,0.0,0.0,0.0,0.0,0.0,0.0,0.0,0.0,0.0,0.0,0.0,0.0,0.0,0.0,0.0,0.0,0.0,0.0,0.0,0.0,0.0,0.0,0.0,0.0,0.0,0.0,0.0,0.0,0.0,0.0,0.0,0.0,1.0
26088,0.0,-608.0,-45.0,2120.0,16.056595,0,0.0,0.0,0.0,0.0,0.0,0.0,0.0,0.0,0.0,0.0,0.0,0.0,0.0,0.0,0.0,0.0,-7560.0,0.0,0.0,0.0,0,0.0,0.0,0.0,-45.0,0.0,0,0,0.0,0.0,0.0,0.0,0.0,0.0,0.0,-45.0,0.0,-45.0,-45.0,0.0,0.0,0.0,0.0,0.0,0.0,0.0,0.0,0.0,0.0,0.0,0.0,0.0,0.0,0.0,0.0,0.0,0.0,0.0,0.0,0.0,0.0,0.0,0.0,0.0,0.0,0.0,0.0,0.0,0.0,0.0,0.0,1.0
26089,0.0,-608.0,-45.0,2120.0,16.056595,0,0.0,0.0,0.0,0.0,0.0,0.0,0.0,0.0,0.0,0.0,0.0,0.0,0.0,0.0,0.0,0.0,-7605.0,0.0,0.0,0.0,0,0.0,0.0,0.0,-45.0,0.0,0,0,0.0,0.0,0.0,0.0,0.0,0.0,0.0,-45.0,0.0,-45.0,-45.0,0.0,0.0,0.0,0.0,0.0,0.0,0.0,0.0,0.0,0.0,0.0,0.0,0.0,0.0,0.0,0.0,0.0,0.0,0.0,0.0,0.0,0.0,0.0,0.0,0.0,0.0,0.0,0.0,0.0,0.0,0.0,0.0,1.0
26090,0.0,-608.0,-45.0,2120.0,16.056595,0,0.0,0.0,0.0,0.0,0.0,0.0,0.0,0.0,0.0,0.0,0.0,0.0,0.0,0.0,0.0,0.0,-7650.0,0.0,0.0,0.0,0,0.0,0.0,0.0,-45.0,0.0,0,0,0.0,0.0,0.0,0.0,0.0,0.0,0.0,-45.0,0.0,-45.0,-45.0,0.0,0.0,0.0,0.0,0.0,0.0,0.0,0.0,0.0,0.0,0.0,0.0,0.0,0.0,0.0,0.0,0.0,0.0,0.0,0.0,0.0,0.0,0.0,0.0,0.0,0.0,0.0,0.0,0.0,0.0,0.0,0.0,1.0
26091,0.0,-608.0,-45.0,2120.0,16.056595,0,0.0,0.0,0.0,0.0,0.0,0.0,0.0,0.0,0.0,0.0,0.0,0.0,0.0,0.0,0.0,0.0,-7695.0,0.0,0.0,0.0,0,0.0,0.0,0.0,-45.0,0.0,0,0,0.0,0.0,0.0,0.0,0.0,0.0,0.0,-45.0,0.0,-45.0,-45.0,0.0,0.0,0.0,0.0,0.0,0.0,0.0,0.0,0.0,0.0,0.0,0.0,0.0,0.0,0.0,0.0,0.0,0.0,0.0,0.0,0.0,0.0,0.0,0.0,0.0,0.0,0.0,0.0,0.0,0.0,0.0,0.0,1.0
26092,0.0,-608.0,-45.0,2120.0,16.056595,0,0.0,0.0,0.0,0.0,0.0,0.0,0.0,0.0,0.0,0.0,0.0,0.0,0.0,0.0,0.0,0.0,-7740.0,0.0,0.0,0.0,0,0.0,0.0,0.0,-45.0,0.0,0,0,0.0,0.0,0.0,0.0,0.0,0.0,0.0,-45.0,0.0,-45.0,-45.0,0.0,0.0,0.0,0.0,0.0,0.0,0.0,0.0,0.0,0.0,0.0,0.0,0.0,0.0,0.0,0.0,0.0,0.0,0.0,0.0,0.0,0.0,0.0,0.0,0.0,0.0,0.0,0.0,0.0,0.0,0.0,0.0,1.0
26093,0.0,-608.0,-45.0,2120.0,16.056595,0,0.0,0.0,0.0,0.0,0.0,0.0,0.0,0.0,0.0,0.0,0.0,0.0,0.0,0.0,0.0,0.0,-7785.0,0.0,0.0,0.0,0,0.0,0.0,0.0,-45.0,0.0,0,0,0.0,0.0,0.0,0.0,0.0,0.0,0.0,-45.0,0.0,-45.0,-45.0,0.0,0.0,0.0,0.0,0.0,0.0,0.0,0.0,0.0,0.0,0.0,0.0,0.0,0.0,0.0,0.0,0.0,0.0,0.0,0.0,0.0,0.0,0.0,0.0,0.0,0.0,0.0,0.0,0.0,0.0,0.0,0.0,1.0
26094,0.0,-608.0,-45.0,2120.0,16.056595,0,0.0,0.0,0.0,0.0,0.0,0.0,0.0,0.0,0.0,0.0,0.0,0.0,0.0,0.0,0.0,0.0,-7830.0,0.0,0.0,0.0,0,0.0,0.0,0.0,-45.0,0.0,0,0,0.0,0.0,0.0,0.0,0.0,0.0,0.0,-45.0,0.0,-45.0,-45.0,0.0,0.0,0.0,0.0,0.0,0.0,0.0,0.0,0.0,0.0,0.0,0.0,0.0,0.0,0.0,0.0,0.0,0.0,0.0,0.0,0.0,0.0,0.0,0.0,0.0,0.0,0.0,0.0,0.0,0.0,0.0,0.0,1.0
26095,0.0,-608.0,-45.0,2120.0,16.056595,0,0.0,0.0,0.0,0.0,0.0,0.0,0.0,0.0,0.0,0.0,0.0,0.0,0.0,0.0,0.0,0.0,-7875.0,0.0,0.0,0.0,0,0.0,0.0,0.0,-45.0,0.0,0,0,0.0,0.0,0.0,0.0,0.0,0.0,0.0,-45.0,0.0,-45.0,-45.0,0.0,0.0,0.0,0.0,0.0,0.0,0.0,0.0,0.0,0.0,0.0,0.0,0.0,0.0,0.0,0.0,0.0,0.0,0.0,0.0,0.0,0.0,0.0,0.0,0.0,0.0,0.0,0.0,0.0,0.0,0.0,0.0,1.0
26096,0.0,-608.0,-45.0,2120.0,16.056595,0,0.0,0.0,0.0,0.0,0.0,0.0,0.0,0.0,0.0,0.0,0.0,0.0,0.0,0.0,0.0,0.0,-7920.0,0.0,0.0,0.0,0,0.0,0.0,0.0,-45.0,0.0,0,0,0.0,0.0,0.0,0.0,0.0,0.0,0.0,-45.0,0.0,-45.0,-45.0,0.0,0.0,0.0,0.0,0.0,0.0,0.0,0.0,0.0,0.0,0.0,0.0,0.0,0.0,0.0,0.0,0.0,0.0,0.0,0.0,0.0,0.0,0.0,0.0,0.0,0.0,0.0,0.0,0.0,0.0,0.0,0.0,1.0
26097,0.0,-608.0,-45.0,2120.0,16.056595,0,0.0,0.0,0.0,0.0,0.0,0.0,0.0,0.0,0.0,0.0,0.0,0.0,0.0,0.0,0.0,0.0,-7965.0,0.0,0.0,0.0,0,0.0,0.0,0.0,-45.0,0.0,0,0,0.0,0.0,0.0,0.0,0.0,0.0,0.0,-45.0,0.0,-45.0,-45.0,0.0,0.0,0.0,0.0,0.0,0.0,0.0,0.0,0.0,0.0,0.0,0.0,0.0,0.0,0.0,0.0,0.0,0.0,0.0,0.0,0.0,0.0,0.0,0.0,0.0,0.0,0.0,0.0,0.0,0.0,0.0,0.0,1.0
26098,0.0,-608.0,-45.0,2120.0,16.056595,0,0.0,0.0,0.0,0.0,0.0,0.0,0.0,0.0,0.0,0.0,0.0,0.0,0.0,0.0,0.0,0.0,-8010.0,0.0,0.0,0.0,0,0.0,0.0,0.0,-45.0,0.0,0,0,0.0,0.0,0.0,0.0,0.0,0.0,0.0,-45.0,0.0,-45.0,-45.0,0.0,0.0,0.0,0.0,0.0,0.0,0.0,0.0,0.0,0.0,0.0,0.0,0.0,0.0,0.0,0.0,0.0,0.0,0.0,0.0,0.0,0.0,0.0,0.0,0.0,0.0,0.0,0.0,0.0,0.0,0.0,0.0,1.0
26099,0.0,-608.0,-45.0,2120.0,16.056595,0,0.0,0.0,0.0,0.0,0.0,0.0,0.0,0.0,0.0,0.0,0.0,0.0,0.0,0.0,0.0,0.0,-8055.0,0.0,0.0,0.0,0,0.0,0.0,0.0,-45.0,0.0,0,0,0.0,0.0,0.0,0.0,0.0,0.0,0.0,-45.0,0.0,-45.0,-45.0,0.0,0.0,0.0,0.0,0.0,0.0,0.0,0.0,0.0,0.0,0.0,0.0,0.0,0.0,0.0,0.0,0.0,0.0,0.0,0.0,0.0,0.0,0.0,0.0,0.0,0.0,0.0,0.0,0.0,0.0,0.0,0.0,1.0
26100,0.0,-608.0,-45.0,2120.0,16.056595,0,0.0,0.0,0.0,0.0,0.0,0.0,0.0,0.0,0.0,0.0,0.0,0.0,0.0,0.0,0.0,0.0,-8100.0,0.0,0.0,0.0,0,0.0,0.0,0.0,-45.0,0.0,0,0,0.0,0.0,0.0,0.0,0.0,0.0,0.0,-45.0,0.0,-45.0,-45.0,0.0,0.0,0.0,0.0,0.0,0.0,0.0,0.0,0.0,0.0,0.0,0.0,0.0,0.0,0.0,0.0,0.0,0.0,0.0,0.0,0.0,0.0,0.0,0.0,0.0,0.0,0.0,0.0,0.0,0.0,0.0,0.0,1.0
26101,0.0,-608.0,-45.0,2120.0,16.056595,0,0.0,0.0,0.0,0.0,0.0,0.0,0.0,0.0,0.0,0.0,0.0,0.0,0.0,0.0,0.0,0.0,-8145.0,0.0,0.0,0.0,0,0.0,0.0,0.0,-45.0,0.0,0,0,0.0,0.0,0.0,0.0,0.0,0.0,0.0,-45.0,0.0,-45.0,-45.0,0.0,0.0,0.0,0.0,0.0,0.0,0.0,0.0,0.0,0.0,0.0,0.0,0.0,0.0,0.0,0.0,0.0,0.0,0.0,0.0,0.0,0.0,0.0,0.0,0.0,0.0,0.0,0.0,0.0,0.0,0.0,0.0,1.0
26102,0.0,-608.0,-45.0,2120.0,16.056595,0,0.0,0.0,0.0,0.0,0.0,0.0,0.0,0.0,0.0,0.0,0.0,0.0,0.0,0.0,0.0,0.0,-8190.0,0.0,0.0,0.0,0,0.0,0.0,0.0,-45.0,0.0,0,0,0.0,0.0,0.0,0.0,0.0,0.0,0.0,-45.0,0.0,-45.0,-45.0,0.0,0.0,0.0,0.0,0.0,0.0,0.0,0.0,0.0,0.0,0.0,0.0,0.0,0.0,0.0,0.0,0.0,0.0,0.0,0.0,0.0,0.0,0.0,0.0,0.0,0.0,0.0,0.0,0.0,0.0,0.0,0.0,1.0
26103,0.0,-608.0,-45.0,2120.0,16.056595,0,0.0,0.0,0.0,0.0,0.0,0.0,0.0,0.0,0.0,0.0,0.0,0.0,0.0,0.0,0.0,0.0,-8235.0,0.0,0.0,0.0,0,0.0,0.0,0.0,-45.0,0.0,0,0,0.0,0.0,0.0,0.0,0.0,0.0,0.0,-45.0,0.0,-45.0,-45.0,0.0,0.0,0.0,0.0,0.0,0.0,0.0,0.0,0.0,0.0,0.0,0.0,0.0,0.0,0.0,0.0,0.0,0.0,0.0,0.0,0.0,0.0,0.0,0.0,0.0,0.0,0.0,0.0,0.0,0.0,0.0,0.0,1.0
26104,0.0,-608.0,-45.0,2120.0,16.056595,0,0.0,0.0,0.0,0.0,0.0,0.0,0.0,0.0,0.0,0.0,0.0,0.0,0.0,0.0,0.0,0.0,-8280.0,0.0,0.0,0.0,0,0.0,0.0,0.0,-45.0,0.0,0,0,0.0,0.0,0.0,0.0,0.0,0.0,0.0,-45.0,0.0,-45.0,-45.0,0.0,0.0,0.0,0.0,0.0,0.0,0.0,0.0,0.0,0.0,0.0,0.0,0.0,0.0,0.0,0.0,0.0,0.0,0.0,0.0,0.0,0.0,0.0,0.0,0.0,0.0,0.0,0.0,0.0,0.0,0.0,0.0,1.0
26105,0.0,-608.0,-45.0,2120.0,16.056595,0,0.0,0.0,0.0,0.0,0.0,0.0,0.0,0.0,0.0,0.0,0.0,0.0,0.0,0.0,0.0,0.0,-8325.0,0.0,0.0,0.0,0,0.0,0.0,0.0,-45.0,0.0,0,0,0.0,0.0,0.0,0.0,0.0,0.0,0.0,-45.0,0.0,-45.0,-45.0,0.0,0.0,0.0,0.0,0.0,0.0,0.0,0.0,0.0,0.0,0.0,0.0,0.0,0.0,0.0,0.0,0.0,0.0,0.0,0.0,0.0,0.0,0.0,0.0,0.0,0.0,0.0,0.0,0.0,0.0,0.0,0.0,1.0
26106,0.0,-608.0,-45.0,2120.0,16.056595,0,0.0,0.0,0.0,0.0,0.0,0.0,0.0,0.0,0.0,0.0,0.0,0.0,0.0,0.0,0.0,0.0,-8370.0,0.0,0.0,0.0,0,0.0,0.0,0.0,-45.0,0.0,0,0,0.0,0.0,0.0,0.0,0.0,0.0,0.0,-45.0,0.0,-45.0,-45.0,0.0,0.0,0.0,0.0,0.0,0.0,0.0,0.0,0.0,0.0,0.0,0.0,0.0,0.0,0.0,0.0,0.0,0.0,0.0,0.0,0.0,0.0,0.0,0.0,0.0,0.0,0.0,0.0,0.0,0.0,0.0,0.0,1.0
26107,0.0,-608.0,-45.0,2120.0,16.056595,0,0.0,0.0,0.0,0.0,0.0,0.0,0.0,0.0,0.0,0.0,0.0,0.0,0.0,0.0,0.0,0.0,-8415.0,0.0,0.0,0.0,0,0.0,0.0,0.0,-45.0,0.0,0,0,0.0,0.0,0.0,0.0,0.0,0.0,0.0,-45.0,0.0,-45.0,-45.0,0.0,0.0,0.0,0.0,0.0,0.0,0.0,0.0,0.0,0.0,0.0,0.0,0.0,0.0,0.0,0.0,0.0,0.0,0.0,0.0,0.0,0.0,0.0,0.0,0.0,0.0,0.0,0.0,0.0,0.0,0.0,0.0,1.0
26108,0.0,-608.0,-45.0,2120.0,16.056595,0,0.0,0.0,0.0,0.0,0.0,0.0,0.0,0.0,0.0,0.0,0.0,0.0,0.0,0.0,0.0,0.0,-8460.0,0.0,0.0,0.0,0,0.0,0.0,0.0,-45.0,0.0,0,0,0.0,0.0,0.0,0.0,0.0,0.0,0.0,-45.0,0.0,-45.0,-45.0,0.0,0.0,0.0,0.0,0.0,0.0,0.0,0.0,0.0,0.0,0.0,0.0,0.0,0.0,0.0,0.0,0.0,0.0,0.0,0.0,0.0,0.0,0.0,0.0,0.0,0.0,0.0,0.0,0.0,0.0,0.0,0.0,1.0
26109,0.0,-608.0,-45.0,2120.0,16.056595,0,0.0,0.0,0.0,0.0,0.0,0.0,0.0,0.0,0.0,0.0,0.0,0.0,0.0,0.0,0.0,0.0,-8505.0,0.0,0.0,0.0,0,0.0,0.0,0.0,-45.0,0.0,0,0,0.0,0.0,0.0,0.0,0.0,0.0,0.0,-45.0,0.0,-45.0,-45.0,0.0,0.0,0.0,0.0,0.0,0.0,0.0,0.0,0.0,0.0,0.0,0.0,0.0,0.0,0.0,0.0,0.0,0.0,0.0,0.0,0.0,0.0,0.0,0.0,0.0,0.0,0.0,0.0,0.0,0.0,0.0,0.0,1.0
26110,0.0,-608.0,-45.0,2120.0,16.056595,0,0.0,0.0,0.0,0.0,0.0,0.0,0.0,0.0,0.0,0.0,0.0,0.0,0.0,0.0,0.0,0.0,-8550.0,0.0,0.0,0.0,0,0.0,0.0,0.0,-45.0,0.0,0,0,0.0,0.0,0.0,0.0,0.0,0.0,0.0,-45.0,0.0,-45.0,-45.0,0.0,0.0,0.0,0.0,0.0,0.0,0.0,0.0,0.0,0.0,0.0,0.0,0.0,0.0,0.0,0.0,0.0,0.0,0.0,0.0,0.0,0.0,0.0,0.0,0.0,0.0,0.0,0.0,0.0,0.0,0.0,0.0,1.0
26111,0.0,-608.0,-45.0,2120.0,16.056595,0,0.0,0.0,0.0,0.0,0.0,0.0,0.0,0.0,0.0,0.0,0.0,0.0,0.0,0.0,0.0,0.0,-8595.0,0.0,0.0,0.0,0,0.0,0.0,0.0,-45.0,0.0,0,0,0.0,0.0,0.0,0.0,0.0,0.0,0.0,-45.0,0.0,-45.0,-45.0,0.0,0.0,0.0,0.0,0.0,0.0,0.0,0.0,0.0,0.0,0.0,0.0,0.0,0.0,0.0,0.0,0.0,0.0,0.0,0.0,0.0,0.0,0.0,0.0,0.0,0.0,0.0,0.0,0.0,0.0,0.0,0.0,1.0
26112,0.0,-608.0,-45.0,2120.0,16.056595,0,0.0,0.0,0.0,0.0,0.0,0.0,0.0,0.0,0.0,0.0,0.0,0.0,0.0,0.0,0.0,0.0,-8640.0,0.0,0.0,0.0,0,0.0,0.0,0.0,-45.0,0.0,0,0,0.0,0.0,0.0,0.0,0.0,0.0,0.0,-45.0,0.0,-45.0,-45.0,0.0,0.0,0.0,0.0,0.0,0.0,0.0,0.0,0.0,0.0,0.0,0.0,0.0,0.0,0.0,0.0,0.0,0.0,0.0,0.0,0.0,0.0,0.0,0.0,0.0,0.0,0.0,0.0,0.0,0.0,0.0,0.0,1.0
26113,0.0,-608.0,-45.0,2120.0,16.056595,0,0.0,0.0,0.0,0.0,0.0,0.0,0.0,0.0,0.0,0.0,0.0,0.0,0.0,0.0,0.0,0.0,-8685.0,0.0,0.0,0.0,0,0.0,0.0,0.0,-45.0,0.0,0,0,0.0,0.0,0.0,0.0,0.0,0.0,0.0,-45.0,0.0,-45.0,-45.0,0.0,0.0,0.0,0.0,0.0,0.0,0.0,0.0,0.0,0.0,0.0,0.0,0.0,0.0,0.0,0.0,0.0,0.0,0.0,0.0,0.0,0.0,0.0,0.0,0.0,0.0,0.0,0.0,0.0,0.0,0.0,0.0,1.0
26114,0.0,-608.0,-45.0,2120.0,16.056595,0,0.0,0.0,0.0,0.0,0.0,0.0,0.0,0.0,0.0,0.0,0.0,0.0,0.0,0.0,0.0,0.0,-8730.0,0.0,0.0,0.0,0,0.0,0.0,0.0,-45.0,0.0,0,0,0.0,0.0,0.0,0.0,0.0,0.0,0.0,-45.0,0.0,-45.0,-45.0,0.0,0.0,0.0,0.0,0.0,0.0,0.0,0.0,0.0,0.0,0.0,0.0,0.0,0.0,0.0,0.0,0.0,0.0,0.0,0.0,0.0,0.0,0.0,0.0,0.0,0.0,0.0,0.0,0.0,0.0,0.0,0.0,1.0
26115,0.0,-608.0,-45.0,2120.0,16.056595,0,0.0,0.0,0.0,0.0,0.0,0.0,0.0,0.0,0.0,0.0,0.0,0.0,0.0,0.0,0.0,0.0,-8775.0,0.0,0.0,0.0,0,0.0,0.0,0.0,-45.0,0.0,0,0,0.0,0.0,0.0,0.0,0.0,0.0,0.0,-45.0,0.0,-45.0,-45.0,0.0,0.0,0.0,0.0,0.0,0.0,0.0,0.0,0.0,0.0,0.0,0.0,0.0,0.0,0.0,0.0,0.0,0.0,0.0,0.0,0.0,0.0,0.0,0.0,0.0,0.0,0.0,0.0,0.0,0.0,0.0,0.0,1.0
26116,0.0,-608.0,-45.0,2120.0,16.056595,0,0.0,0.0,0.0,0.0,0.0,0.0,0.0,0.0,0.0,0.0,0.0,0.0,0.0,0.0,0.0,0.0,-8820.0,0.0,0.0,0.0,0,0.0,0.0,0.0,-45.0,0.0,0,0,0.0,0.0,0.0,0.0,0.0,0.0,0.0,-45.0,0.0,-45.0,-45.0,0.0,0.0,0.0,0.0,0.0,0.0,0.0,0.0,0.0,0.0,0.0,0.0,0.0,0.0,0.0,0.0,0.0,0.0,0.0,0.0,0.0,0.0,0.0,0.0,0.0,0.0,0.0,0.0,0.0,0.0,0.0,0.0,1.0
26117,0.0,-608.0,-45.0,2120.0,16.056595,0,0.0,0.0,0.0,0.0,0.0,0.0,0.0,0.0,0.0,0.0,0.0,0.0,0.0,0.0,0.0,0.0,-8865.0,0.0,0.0,0.0,0,0.0,0.0,0.0,-45.0,0.0,0,0,0.0,0.0,0.0,0.0,0.0,0.0,0.0,-45.0,0.0,-45.0,-45.0,0.0,0.0,0.0,0.0,0.0,0.0,0.0,0.0,0.0,0.0,0.0,0.0,0.0,0.0,0.0,0.0,0.0,0.0,0.0,0.0,0.0,0.0,0.0,0.0,0.0,0.0,0.0,0.0,0.0,0.0,0.0,0.0,1.0
26118,0.0,-608.0,-45.0,2120.0,16.056595,0,0.0,0.0,0.0,0.0,0.0,0.0,0.0,0.0,0.0,0.0,0.0,0.0,0.0,0.0,0.0,0.0,-8910.0,0.0,0.0,0.0,0,0.0,0.0,0.0,-45.0,0.0,0,0,0.0,0.0,0.0,0.0,0.0,0.0,0.0,-45.0,0.0,-45.0,-45.0,0.0,0.0,0.0,0.0,0.0,0.0,0.0,0.0,0.0,0.0,0.0,0.0,0.0,0.0,0.0,0.0,0.0,0.0,0.0,0.0,0.0,0.0,0.0,0.0,0.0,0.0,0.0,0.0,0.0,0.0,0.0,0.0,1.0
26119,0.0,-608.0,-45.0,2120.0,16.056595,0,0.0,0.0,0.0,0.0,0.0,0.0,0.0,0.0,0.0,0.0,0.0,0.0,0.0,0.0,0.0,0.0,-8955.0,0.0,0.0,0.0,0,0.0,0.0,0.0,-45.0,0.0,0,0,0.0,0.0,0.0,0.0,0.0,0.0,0.0,-45.0,0.0,-45.0,-45.0,0.0,0.0,0.0,0.0,0.0,0.0,0.0,0.0,0.0,0.0,0.0,0.0,0.0,0.0,0.0,0.0,0.0,0.0,0.0,0.0,0.0,0.0,0.0,0.0,0.0,0.0,0.0,0.0,0.0,0.0,0.0,0.0,1.0
26120,0.0,-608.0,-45.0,2120.0,16.056595,0,0.0,0.0,0.0,0.0,0.0,0.0,0.0,0.0,0.0,0.0,0.0,0.0,0.0,0.0,0.0,0.0,-9000.0,0.0,0.0,0.0,0,0.0,0.0,0.0,-45.0,0.0,0,0,0.0,0.0,0.0,0.0,0.0,0.0,0.0,-45.0,0.0,-45.0,-45.0,0.0,0.0,0.0,0.0,0.0,0.0,0.0,0.0,0.0,0.0,0.0,0.0,0.0,0.0,0.0,0.0,0.0,0.0,0.0,0.0,0.0,0.0,0.0,0.0,0.0,0.0,0.0,0.0,0.0,0.0,0.0,0.0,1.0
26121,0.0,-608.0,-45.0,2120.0,16.056595,0,0.0,0.0,0.0,0.0,0.0,0.0,0.0,0.0,0.0,0.0,0.0,0.0,0.0,0.0,0.0,0.0,-9045.0,0.0,0.0,0.0,0,0.0,0.0,0.0,-45.0,0.0,0,0,0.0,0.0,0.0,0.0,0.0,0.0,0.0,-45.0,0.0,-45.0,-45.0,0.0,0.0,0.0,0.0,0.0,0.0,0.0,0.0,0.0,0.0,0.0,0.0,0.0,0.0,0.0,0.0,0.0,0.0,0.0,0.0,0.0,0.0,0.0,0.0,0.0,0.0,0.0,0.0,0.0,0.0,0.0,0.0,1.0
26122,0.0,-608.0,-45.0,2120.0,16.056595,0,0.0,0.0,0.0,0.0,0.0,0.0,0.0,0.0,0.0,0.0,0.0,0.0,0.0,0.0,0.0,0.0,-9090.0,0.0,0.0,0.0,0,0.0,0.0,0.0,-45.0,0.0,0,0,0.0,0.0,0.0,0.0,0.0,0.0,0.0,-45.0,0.0,-45.0,-45.0,0.0,0.0,0.0,0.0,0.0,0.0,0.0,0.0,0.0,0.0,0.0,0.0,0.0,0.0,0.0,0.0,0.0,0.0,0.0,0.0,0.0,0.0,0.0,0.0,0.0,0.0,0.0,0.0,0.0,0.0,0.0,0.0,1.0
26123,0.0,-608.0,-45.0,2120.0,16.056595,0,0.0,0.0,0.0,0.0,0.0,0.0,0.0,0.0,0.0,0.0,0.0,0.0,0.0,0.0,0.0,0.0,-9135.0,0.0,0.0,0.0,0,0.0,0.0,0.0,-45.0,0.0,0,0,0.0,0.0,0.0,0.0,0.0,0.0,0.0,-45.0,0.0,-45.0,-45.0,0.0,0.0,0.0,0.0,0.0,0.0,0.0,0.0,0.0,0.0,0.0,0.0,0.0,0.0,0.0,0.0,0.0,0.0,0.0,0.0,0.0,0.0,0.0,0.0,0.0,0.0,0.0,0.0,0.0,0.0,0.0,0.0,1.0
26124,0.0,-608.0,-45.0,2120.0,16.056595,0,0.0,0.0,0.0,0.0,0.0,0.0,0.0,0.0,0.0,0.0,0.0,0.0,0.0,0.0,0.0,0.0,-9180.0,0.0,0.0,0.0,0,0.0,0.0,0.0,-45.0,0.0,0,0,0.0,0.0,0.0,0.0,0.0,0.0,0.0,-45.0,0.0,-45.0,-45.0,0.0,0.0,0.0,0.0,0.0,0.0,0.0,0.0,0.0,0.0,0.0,0.0,0.0,0.0,0.0,0.0,0.0,0.0,0.0,0.0,0.0,0.0,0.0,0.0,0.0,0.0,0.0,0.0,0.0,0.0,0.0,0.0,1.0
26125,0.0,-608.0,-45.0,2120.0,16.056595,0,0.0,0.0,0.0,0.0,0.0,0.0,0.0,0.0,0.0,0.0,0.0,0.0,0.0,0.0,0.0,0.0,-9225.0,0.0,0.0,0.0,0,0.0,0.0,0.0,-45.0,0.0,0,0,0.0,0.0,0.0,0.0,0.0,0.0,0.0,-45.0,0.0,-45.0,-45.0,0.0,0.0,0.0,0.0,0.0,0.0,0.0,0.0,0.0,0.0,0.0,0.0,0.0,0.0,0.0,0.0,0.0,0.0,0.0,0.0,0.0,0.0,0.0,0.0,0.0,0.0,0.0,0.0,0.0,0.0,0.0,0.0,1.0
26126,0.0,-608.0,-45.0,2120.0,16.056595,0,0.0,0.0,0.0,0.0,0.0,0.0,0.0,0.0,0.0,0.0,0.0,0.0,0.0,0.0,0.0,0.0,-9270.0,0.0,0.0,0.0,0,0.0,0.0,0.0,-45.0,0.0,0,0,0.0,0.0,0.0,0.0,0.0,0.0,0.0,-45.0,0.0,-45.0,-45.0,0.0,0.0,0.0,0.0,0.0,0.0,0.0,0.0,0.0,0.0,0.0,0.0,0.0,0.0,0.0,0.0,0.0,0.0,0.0,0.0,0.0,0.0,0.0,0.0,0.0,0.0,0.0,0.0,0.0,0.0,0.0,0.0,1.0
26127,0.0,-608.0,-45.0,2120.0,16.056595,0,0.0,0.0,0.0,0.0,0.0,0.0,0.0,0.0,0.0,0.0,0.0,0.0,0.0,0.0,0.0,0.0,-9315.0,0.0,0.0,0.0,0,0.0,0.0,0.0,-45.0,0.0,0,0,0.0,0.0,0.0,0.0,0.0,0.0,0.0,-45.0,0.0,-45.0,-45.0,0.0,0.0,0.0,0.0,0.0,0.0,0.0,0.0,0.0,0.0,0.0,0.0,0.0,0.0,0.0,0.0,0.0,0.0,0.0,0.0,0.0,0.0,0.0,0.0,0.0,0.0,0.0,0.0,0.0,0.0,0.0,0.0,1.0
26128,0.0,-608.0,-45.0,2120.0,16.056595,0,0.0,0.0,0.0,0.0,0.0,0.0,0.0,0.0,0.0,0.0,0.0,0.0,0.0,0.0,0.0,0.0,-9360.0,0.0,0.0,0.0,0,0.0,0.0,0.0,-45.0,0.0,0,0,0.0,0.0,0.0,0.0,0.0,0.0,0.0,-45.0,0.0,-45.0,-45.0,0.0,0.0,0.0,0.0,0.0,0.0,0.0,0.0,0.0,0.0,0.0,0.0,0.0,0.0,0.0,0.0,0.0,0.0,0.0,0.0,0.0,0.0,0.0,0.0,0.0,0.0,0.0,0.0,0.0,0.0,0.0,0.0,1.0
26129,0.0,-608.0,-45.0,2120.0,16.056595,0,0.0,0.0,0.0,0.0,0.0,0.0,0.0,0.0,0.0,0.0,0.0,0.0,0.0,0.0,0.0,0.0,-9405.0,0.0,0.0,0.0,0,0.0,0.0,0.0,-45.0,0.0,0,0,0.0,0.0,0.0,0.0,0.0,0.0,0.0,-45.0,0.0,-45.0,-45.0,0.0,0.0,0.0,0.0,0.0,0.0,0.0,0.0,0.0,0.0,0.0,0.0,0.0,0.0,0.0,0.0,0.0,0.0,0.0,0.0,0.0,0.0,0.0,0.0,0.0,0.0,0.0,0.0,0.0,0.0,0.0,0.0,1.0
26130,0.0,-608.0,-45.0,2120.0,16.056595,0,0.0,0.0,0.0,0.0,0.0,0.0,0.0,0.0,0.0,0.0,0.0,0.0,0.0,0.0,0.0,0.0,-9450.0,0.0,0.0,0.0,0,0.0,0.0,0.0,-45.0,0.0,0,0,0.0,0.0,0.0,0.0,0.0,0.0,0.0,-45.0,0.0,-45.0,-45.0,0.0,0.0,0.0,0.0,0.0,0.0,0.0,0.0,0.0,0.0,0.0,0.0,0.0,0.0,0.0,0.0,0.0,0.0,0.0,0.0,0.0,0.0,0.0,0.0,0.0,0.0,0.0,0.0,0.0,0.0,0.0,0.0,1.0
26131,0.0,-608.0,-45.0,2120.0,16.056595,0,0.0,0.0,0.0,0.0,0.0,0.0,0.0,0.0,0.0,0.0,0.0,0.0,0.0,0.0,0.0,0.0,-9495.0,0.0,0.0,0.0,0,0.0,0.0,0.0,-45.0,0.0,0,0,0.0,0.0,0.0,0.0,0.0,0.0,0.0,-45.0,0.0,-45.0,-45.0,0.0,0.0,0.0,0.0,0.0,0.0,0.0,0.0,0.0,0.0,0.0,0.0,0.0,0.0,0.0,0.0,0.0,0.0,0.0,0.0,0.0,0.0,0.0,0.0,0.0,0.0,0.0,0.0,0.0,0.0,0.0,0.0,1.0
26132,0.0,-608.0,-45.0,2120.0,16.056595,0,0.0,0.0,0.0,0.0,0.0,0.0,0.0,0.0,0.0,0.0,0.0,0.0,0.0,0.0,0.0,0.0,-9540.0,0.0,0.0,0.0,0,0.0,0.0,0.0,-45.0,0.0,0,0,0.0,0.0,0.0,0.0,0.0,0.0,0.0,-45.0,0.0,-45.0,-45.0,0.0,0.0,0.0,0.0,0.0,0.0,0.0,0.0,0.0,0.0,0.0,0.0,0.0,0.0,0.0,0.0,0.0,0.0,0.0,0.0,0.0,0.0,0.0,0.0,0.0,0.0,0.0,0.0,0.0,0.0,0.0,0.0,1.0
26133,0.0,-608.0,-45.0,2120.0,16.056595,0,0.0,0.0,0.0,0.0,0.0,0.0,0.0,0.0,0.0,0.0,0.0,0.0,0.0,0.0,0.0,0.0,-9585.0,0.0,0.0,0.0,0,0.0,0.0,0.0,-45.0,0.0,0,0,0.0,0.0,0.0,0.0,0.0,0.0,0.0,-45.0,0.0,-45.0,-45.0,0.0,0.0,0.0,0.0,0.0,0.0,0.0,0.0,0.0,0.0,0.0,0.0,0.0,0.0,0.0,0.0,0.0,0.0,0.0,0.0,0.0,0.0,0.0,0.0,0.0,0.0,0.0,0.0,0.0,0.0,0.0,0.0,1.0
26134,0.0,-608.0,-45.0,2120.0,16.056595,0,0.0,0.0,0.0,0.0,0.0,0.0,0.0,0.0,0.0,0.0,0.0,0.0,0.0,0.0,0.0,0.0,-9630.0,0.0,0.0,0.0,0,0.0,0.0,0.0,-45.0,0.0,0,0,0.0,0.0,0.0,0.0,0.0,0.0,0.0,-45.0,0.0,-45.0,-45.0,0.0,0.0,0.0,0.0,0.0,0.0,0.0,0.0,0.0,0.0,0.0,0.0,0.0,0.0,0.0,0.0,0.0,0.0,0.0,0.0,0.0,0.0,0.0,0.0,0.0,0.0,0.0,0.0,0.0,0.0,0.0,0.0,1.0
26135,0.0,-608.0,-45.0,2120.0,16.056595,0,0.0,0.0,0.0,0.0,0.0,0.0,0.0,0.0,0.0,0.0,0.0,0.0,0.0,0.0,0.0,0.0,-9675.0,0.0,0.0,0.0,0,0.0,0.0,0.0,-45.0,0.0,0,0,0.0,0.0,0.0,0.0,0.0,0.0,0.0,-45.0,0.0,-45.0,-45.0,0.0,0.0,0.0,0.0,0.0,0.0,0.0,0.0,0.0,0.0,0.0,0.0,0.0,0.0,0.0,0.0,0.0,0.0,0.0,0.0,0.0,0.0,0.0,0.0,0.0,0.0,0.0,0.0,0.0,0.0,0.0,0.0,1.0
26136,0.0,-608.0,-45.0,2120.0,16.056595,0,0.0,0.0,0.0,0.0,0.0,0.0,0.0,0.0,0.0,0.0,0.0,0.0,0.0,0.0,0.0,0.0,-9720.0,0.0,0.0,0.0,0,0.0,0.0,0.0,-45.0,0.0,0,0,0.0,0.0,0.0,0.0,0.0,0.0,0.0,-45.0,0.0,-45.0,-45.0,0.0,0.0,0.0,0.0,0.0,0.0,0.0,0.0,0.0,0.0,0.0,0.0,0.0,0.0,0.0,0.0,0.0,0.0,0.0,0.0,0.0,0.0,0.0,0.0,0.0,0.0,0.0,0.0,0.0,0.0,0.0,0.0,1.0
26137,0.0,-608.0,-45.0,2120.0,16.056595,0,0.0,0.0,0.0,0.0,0.0,0.0,0.0,0.0,0.0,0.0,0.0,0.0,0.0,0.0,0.0,0.0,-9765.0,0.0,0.0,0.0,0,0.0,0.0,0.0,-45.0,0.0,0,0,0.0,0.0,0.0,0.0,0.0,0.0,0.0,-45.0,0.0,-45.0,-45.0,0.0,0.0,0.0,0.0,0.0,0.0,0.0,0.0,0.0,0.0,0.0,0.0,0.0,0.0,0.0,0.0,0.0,0.0,0.0,0.0,0.0,0.0,0.0,0.0,0.0,0.0,0.0,0.0,0.0,0.0,0.0,0.0,1.0
26138,0.0,-608.0,-45.0,2120.0,16.056595,0,0.0,0.0,0.0,0.0,0.0,0.0,0.0,0.0,0.0,0.0,0.0,0.0,0.0,0.0,0.0,0.0,-9810.0,0.0,0.0,0.0,0,0.0,0.0,0.0,-45.0,0.0,0,0,0.0,0.0,0.0,0.0,0.0,0.0,0.0,-45.0,0.0,-45.0,-45.0,0.0,0.0,0.0,0.0,0.0,0.0,0.0,0.0,0.0,0.0,0.0,0.0,0.0,0.0,0.0,0.0,0.0,0.0,0.0,0.0,0.0,0.0,0.0,0.0,0.0,0.0,0.0,0.0,0.0,0.0,0.0,0.0,1.0
26139,0.0,-608.0,-45.0,2120.0,16.056595,0,0.0,0.0,0.0,0.0,0.0,0.0,0.0,0.0,0.0,0.0,0.0,0.0,0.0,0.0,0.0,0.0,-9855.0,0.0,0.0,0.0,0,0.0,0.0,0.0,-45.0,0.0,0,0,0.0,0.0,0.0,0.0,0.0,0.0,0.0,-45.0,0.0,-45.0,-45.0,0.0,0.0,0.0,0.0,0.0,0.0,0.0,0.0,0.0,0.0,0.0,0.0,0.0,0.0,0.0,0.0,0.0,0.0,0.0,0.0,0.0,0.0,0.0,0.0,0.0,0.0,0.0,0.0,0.0,0.0,0.0,0.0,1.0
26140,0.0,-608.0,-45.0,2120.0,16.056595,0,0.0,0.0,0.0,0.0,0.0,0.0,0.0,0.0,0.0,0.0,0.0,0.0,0.0,0.0,0.0,0.0,-9900.0,0.0,0.0,0.0,0,0.0,0.0,0.0,-45.0,0.0,0,0,0.0,0.0,0.0,0.0,0.0,0.0,0.0,-45.0,0.0,-45.0,-45.0,0.0,0.0,0.0,0.0,0.0,0.0,0.0,0.0,0.0,0.0,0.0,0.0,0.0,0.0,0.0,0.0,0.0,0.0,0.0,0.0,0.0,0.0,0.0,0.0,0.0,0.0,0.0,0.0,0.0,0.0,0.0,0.0,1.0
26141,0.0,-608.0,-45.0,2120.0,16.056595,0,0.0,0.0,0.0,0.0,0.0,0.0,0.0,0.0,0.0,0.0,0.0,0.0,0.0,0.0,0.0,0.0,-9945.0,0.0,0.0,0.0,0,0.0,0.0,0.0,-45.0,0.0,0,0,0.0,0.0,0.0,0.0,0.0,0.0,0.0,-45.0,0.0,-45.0,-45.0,0.0,0.0,0.0,0.0,0.0,0.0,0.0,0.0,0.0,0.0,0.0,0.0,0.0,0.0,0.0,0.0,0.0,0.0,0.0,0.0,0.0,0.0,0.0,0.0,0.0,0.0,0.0,0.0,0.0,0.0,0.0,0.0,1.0
26142,0.0,-608.0,-45.0,2120.0,16.056595,0,0.0,0.0,0.0,0.0,0.0,0.0,0.0,0.0,0.0,0.0,0.0,0.0,0.0,0.0,0.0,0.0,-9990.0,0.0,0.0,0.0,0,0.0,0.0,0.0,-45.0,0.0,0,0,0.0,0.0,0.0,0.0,0.0,0.0,0.0,-45.0,0.0,-45.0,-45.0,0.0,0.0,0.0,0.0,0.0,0.0,0.0,0.0,0.0,0.0,0.0,0.0,0.0,0.0,0.0,0.0,0.0,0.0,0.0,0.0,0.0,0.0,0.0,0.0,0.0,0.0,0.0,0.0,0.0,0.0,0.0,0.0,1.0
26143,0.0,-608.0,-45.0,2120.0,16.056595,0,0.0,0.0,0.0,0.0,0.0,0.0,0.0,0.0,0.0,0.0,0.0,0.0,0.0,0.0,0.0,0.0,-10035.0,0.0,0.0,0.0,0,0.0,0.0,0.0,-45.0,0.0,0,0,0.0,0.0,0.0,0.0,0.0,0.0,0.0,-45.0,0.0,-45.0,-45.0,0.0,0.0,0.0,0.0,0.0,0.0,0.0,0.0,0.0,0.0,0.0,0.0,0.0,0.0,0.0,0.0,0.0,0.0,0.0,0.0,0.0,0.0,0.0,0.0,0.0,0.0,0.0,0.0,0.0,0.0,0.0,0.0,1.0
26144,0.0,-608.0,-45.0,2120.0,16.056595,0,0.0,0.0,0.0,0.0,0.0,0.0,0.0,0.0,0.0,0.0,0.0,0.0,0.0,0.0,0.0,0.0,-10080.0,0.0,0.0,0.0,0,0.0,0.0,0.0,-45.0,0.0,0,0,0.0,0.0,0.0,0.0,0.0,0.0,0.0,-45.0,0.0,-45.0,-45.0,0.0,0.0,0.0,0.0,0.0,0.0,0.0,0.0,0.0,0.0,0.0,0.0,0.0,0.0,0.0,0.0,0.0,0.0,0.0,0.0,0.0,0.0,0.0,0.0,0.0,0.0,0.0,0.0,0.0,0.0,0.0,0.0,1.0
26145,0.0,-608.0,-45.0,2120.0,16.056595,0,0.0,0.0,0.0,0.0,0.0,0.0,0.0,0.0,0.0,0.0,0.0,0.0,0.0,0.0,0.0,0.0,-10125.0,0.0,0.0,0.0,0,0.0,0.0,0.0,-45.0,0.0,0,0,0.0,0.0,0.0,0.0,0.0,0.0,0.0,-45.0,0.0,-45.0,-45.0,0.0,0.0,0.0,0.0,0.0,0.0,0.0,0.0,0.0,0.0,0.0,0.0,0.0,0.0,0.0,0.0,0.0,0.0,0.0,0.0,0.0,0.0,0.0,0.0,0.0,0.0,0.0,0.0,0.0,0.0,0.0,0.0,1.0
26146,0.0,-608.0,-45.0,2120.0,16.056595,0,0.0,0.0,0.0,0.0,0.0,0.0,0.0,0.0,0.0,0.0,0.0,0.0,0.0,0.0,0.0,0.0,-10170.0,0.0,0.0,0.0,0,0.0,0.0,0.0,-45.0,0.0,0,0,0.0,0.0,0.0,0.0,0.0,0.0,0.0,-45.0,0.0,-45.0,-45.0,0.0,0.0,0.0,0.0,0.0,0.0,0.0,0.0,0.0,0.0,0.0,0.0,0.0,0.0,0.0,0.0,0.0,0.0,0.0,0.0,0.0,0.0,0.0,0.0,0.0,0.0,0.0,0.0,0.0,0.0,0.0,0.0,1.0
26147,0.0,-608.0,-45.0,2120.0,16.056595,0,0.0,0.0,0.0,0.0,0.0,0.0,0.0,0.0,0.0,0.0,0.0,0.0,0.0,0.0,0.0,0.0,-10215.0,0.0,0.0,0.0,0,0.0,0.0,0.0,-45.0,0.0,0,0,0.0,0.0,0.0,0.0,0.0,0.0,0.0,-45.0,0.0,-45.0,-45.0,0.0,0.0,0.0,0.0,0.0,0.0,0.0,0.0,0.0,0.0,0.0,0.0,0.0,0.0,0.0,0.0,0.0,0.0,0.0,0.0,0.0,0.0,0.0,0.0,0.0,0.0,0.0,0.0,0.0,0.0,0.0,0.0,1.0
26148,0.0,-608.0,-45.0,2120.0,16.056595,0,0.0,0.0,0.0,0.0,0.0,0.0,0.0,0.0,0.0,0.0,0.0,0.0,0.0,0.0,0.0,0.0,-10260.0,0.0,0.0,0.0,0,0.0,0.0,0.0,-45.0,0.0,0,0,0.0,0.0,0.0,0.0,0.0,0.0,0.0,-45.0,0.0,-45.0,-45.0,0.0,0.0,0.0,0.0,0.0,0.0,0.0,0.0,0.0,0.0,0.0,0.0,0.0,0.0,0.0,0.0,0.0,0.0,0.0,0.0,0.0,0.0,0.0,0.0,0.0,0.0,0.0,0.0,0.0,0.0,0.0,0.0,1.0
26149,0.0,-608.0,-45.0,2120.0,16.056595,0,0.0,0.0,0.0,0.0,0.0,0.0,0.0,0.0,0.0,0.0,0.0,0.0,0.0,0.0,0.0,0.0,-10305.0,0.0,0.0,0.0,0,0.0,0.0,0.0,-45.0,0.0,0,0,0.0,0.0,0.0,0.0,0.0,0.0,0.0,-45.0,0.0,-45.0,-45.0,0.0,0.0,0.0,0.0,0.0,0.0,0.0,0.0,0.0,0.0,0.0,0.0,0.0,0.0,0.0,0.0,0.0,0.0,0.0,0.0,0.0,0.0,0.0,0.0,0.0,0.0,0.0,0.0,0.0,0.0,0.0,0.0,1.0
26150,0.0,-608.0,-45.0,2120.0,16.056595,0,0.0,0.0,0.0,0.0,0.0,0.0,0.0,0.0,0.0,0.0,0.0,0.0,0.0,0.0,0.0,0.0,-10350.0,0.0,0.0,0.0,0,0.0,0.0,0.0,-45.0,0.0,0,0,0.0,0.0,0.0,0.0,0.0,0.0,0.0,-45.0,0.0,-45.0,-45.0,0.0,0.0,0.0,0.0,0.0,0.0,0.0,0.0,0.0,0.0,0.0,0.0,0.0,0.0,0.0,0.0,0.0,0.0,0.0,0.0,0.0,0.0,0.0,0.0,0.0,0.0,0.0,0.0,0.0,0.0,0.0,0.0,1.0
26151,0.0,-608.0,-45.0,2120.0,16.056595,0,0.0,0.0,0.0,0.0,0.0,0.0,0.0,0.0,0.0,0.0,0.0,0.0,0.0,0.0,0.0,0.0,-10395.0,0.0,0.0,0.0,0,0.0,0.0,0.0,-45.0,0.0,0,0,0.0,0.0,0.0,0.0,0.0,0.0,0.0,-45.0,0.0,-45.0,-45.0,0.0,0.0,0.0,0.0,0.0,0.0,0.0,0.0,0.0,0.0,0.0,0.0,0.0,0.0,0.0,0.0,0.0,0.0,0.0,0.0,0.0,0.0,0.0,0.0,0.0,0.0,0.0,0.0,0.0,0.0,0.0,0.0,1.0
26152,0.0,-608.0,-45.0,2120.0,16.056595,0,0.0,0.0,0.0,0.0,0.0,0.0,0.0,0.0,0.0,0.0,0.0,0.0,0.0,0.0,0.0,0.0,-10440.0,0.0,0.0,0.0,0,0.0,0.0,0.0,-45.0,0.0,0,0,0.0,0.0,0.0,0.0,0.0,0.0,0.0,-45.0,0.0,-45.0,-45.0,0.0,0.0,0.0,0.0,0.0,0.0,0.0,0.0,0.0,0.0,0.0,0.0,0.0,0.0,0.0,0.0,0.0,0.0,0.0,0.0,0.0,0.0,0.0,0.0,0.0,0.0,0.0,0.0,0.0,0.0,0.0,0.0,1.0
26153,0.0,-608.0,-45.0,2120.0,16.056595,0,0.0,0.0,0.0,0.0,0.0,0.0,0.0,0.0,0.0,0.0,0.0,0.0,0.0,0.0,0.0,0.0,-10485.0,0.0,0.0,0.0,0,0.0,0.0,0.0,-45.0,0.0,0,0,0.0,0.0,0.0,0.0,0.0,0.0,0.0,-45.0,0.0,-45.0,-45.0,0.0,0.0,0.0,0.0,0.0,0.0,0.0,0.0,0.0,0.0,0.0,0.0,0.0,0.0,0.0,0.0,0.0,0.0,0.0,0.0,0.0,0.0,0.0,0.0,0.0,0.0,0.0,0.0,0.0,0.0,0.0,0.0,1.0
26154,0.0,-608.0,-45.0,2120.0,16.056595,0,0.0,0.0,0.0,0.0,0.0,0.0,0.0,0.0,0.0,0.0,0.0,0.0,0.0,0.0,0.0,0.0,-10530.0,0.0,0.0,0.0,0,0.0,0.0,0.0,-45.0,0.0,0,0,0.0,0.0,0.0,0.0,0.0,0.0,0.0,-45.0,0.0,-45.0,-45.0,0.0,0.0,0.0,0.0,0.0,0.0,0.0,0.0,0.0,0.0,0.0,0.0,0.0,0.0,0.0,0.0,0.0,0.0,0.0,0.0,0.0,0.0,0.0,0.0,0.0,0.0,0.0,0.0,0.0,0.0,0.0,0.0,1.0
26155,0.0,-608.0,-45.0,2120.0,16.056595,0,0.0,0.0,0.0,0.0,0.0,0.0,0.0,0.0,0.0,0.0,0.0,0.0,0.0,0.0,0.0,0.0,-10575.0,0.0,0.0,0.0,0,0.0,0.0,0.0,-45.0,0.0,0,0,0.0,0.0,0.0,0.0,0.0,0.0,0.0,-45.0,0.0,-45.0,-45.0,0.0,0.0,0.0,0.0,0.0,0.0,0.0,0.0,0.0,0.0,0.0,0.0,0.0,0.0,0.0,0.0,0.0,0.0,0.0,0.0,0.0,0.0,0.0,0.0,0.0,0.0,0.0,0.0,0.0,0.0,0.0,0.0,1.0
26156,0.0,-608.0,-45.0,2120.0,16.056595,0,0.0,0.0,0.0,0.0,0.0,0.0,0.0,0.0,0.0,0.0,0.0,0.0,0.0,0.0,0.0,0.0,-10620.0,0.0,0.0,0.0,0,0.0,0.0,0.0,-45.0,0.0,0,0,0.0,0.0,0.0,0.0,0.0,0.0,0.0,-45.0,0.0,-45.0,-45.0,0.0,0.0,0.0,0.0,0.0,0.0,0.0,0.0,0.0,0.0,0.0,0.0,0.0,0.0,0.0,0.0,0.0,0.0,0.0,0.0,0.0,0.0,0.0,0.0,0.0,0.0,0.0,0.0,0.0,0.0,0.0,0.0,1.0
26157,0.0,-608.0,-45.0,2120.0,16.056595,0,0.0,0.0,0.0,0.0,0.0,0.0,0.0,0.0,0.0,0.0,0.0,0.0,0.0,0.0,0.0,0.0,-10665.0,0.0,0.0,0.0,0,0.0,0.0,0.0,-45.0,0.0,0,0,0.0,0.0,0.0,0.0,0.0,0.0,0.0,-45.0,0.0,-45.0,-45.0,0.0,0.0,0.0,0.0,0.0,0.0,0.0,0.0,0.0,0.0,0.0,0.0,0.0,0.0,0.0,0.0,0.0,0.0,0.0,0.0,0.0,0.0,0.0,0.0,0.0,0.0,0.0,0.0,0.0,0.0,0.0,0.0,1.0
26158,0.0,-608.0,-45.0,2120.0,16.056595,0,0.0,0.0,0.0,0.0,0.0,0.0,0.0,0.0,0.0,0.0,0.0,0.0,0.0,0.0,0.0,0.0,-10710.0,0.0,0.0,0.0,0,0.0,0.0,0.0,-45.0,0.0,0,0,0.0,0.0,0.0,0.0,0.0,0.0,0.0,-45.0,0.0,-45.0,-45.0,0.0,0.0,0.0,0.0,0.0,0.0,0.0,0.0,0.0,0.0,0.0,0.0,0.0,0.0,0.0,0.0,0.0,0.0,0.0,0.0,0.0,0.0,0.0,0.0,0.0,0.0,0.0,0.0,0.0,0.0,0.0,0.0,1.0
26159,0.0,-608.0,-45.0,2120.0,16.056595,0,0.0,0.0,0.0,0.0,0.0,0.0,0.0,0.0,0.0,0.0,0.0,0.0,0.0,0.0,0.0,0.0,-10755.0,0.0,0.0,0.0,0,0.0,0.0,0.0,-45.0,0.0,0,0,0.0,0.0,0.0,0.0,0.0,0.0,0.0,-45.0,0.0,-45.0,-45.0,0.0,0.0,0.0,0.0,0.0,0.0,0.0,0.0,0.0,0.0,0.0,0.0,0.0,0.0,0.0,0.0,0.0,0.0,0.0,0.0,0.0,0.0,0.0,0.0,0.0,0.0,0.0,0.0,0.0,0.0,0.0,0.0,1.0
26160,0.0,-608.0,-45.0,2120.0,16.056595,0,0.0,0.0,0.0,0.0,0.0,0.0,0.0,0.0,0.0,0.0,0.0,0.0,0.0,0.0,0.0,0.0,-10800.0,0.0,0.0,0.0,0,0.0,0.0,0.0,-45.0,0.0,0,0,0.0,0.0,0.0,0.0,0.0,0.0,0.0,-45.0,0.0,-45.0,-45.0,0.0,0.0,0.0,0.0,0.0,0.0,0.0,0.0,0.0,0.0,0.0,0.0,0.0,0.0,0.0,0.0,0.0,0.0,0.0,0.0,0.0,0.0,0.0,0.0,0.0,0.0,0.0,0.0,0.0,0.0,0.0,0.0,1.0
26161,0.0,-608.0,-45.0,2120.0,16.056595,0,0.0,0.0,0.0,0.0,0.0,0.0,0.0,0.0,0.0,0.0,0.0,0.0,0.0,0.0,0.0,0.0,-10845.0,0.0,0.0,0.0,0,0.0,0.0,0.0,-45.0,0.0,0,0,0.0,0.0,0.0,0.0,0.0,0.0,0.0,-45.0,0.0,-45.0,-45.0,0.0,0.0,0.0,0.0,0.0,0.0,0.0,0.0,0.0,0.0,0.0,0.0,0.0,0.0,0.0,0.0,0.0,0.0,0.0,0.0,0.0,0.0,0.0,0.0,0.0,0.0,0.0,0.0,0.0,0.0,0.0,0.0,1.0
26162,0.0,-608.0,-45.0,2120.0,16.056595,0,0.0,0.0,0.0,0.0,0.0,0.0,0.0,0.0,0.0,0.0,0.0,0.0,0.0,0.0,0.0,0.0,-10890.0,0.0,0.0,0.0,0,0.0,0.0,0.0,-45.0,0.0,0,0,0.0,0.0,0.0,0.0,0.0,0.0,0.0,-45.0,0.0,-45.0,-45.0,0.0,0.0,0.0,0.0,0.0,0.0,0.0,0.0,0.0,0.0,0.0,0.0,0.0,0.0,0.0,0.0,0.0,0.0,0.0,0.0,0.0,0.0,0.0,0.0,0.0,0.0,0.0,0.0,0.0,0.0,0.0,0.0,1.0
26163,0.0,-608.0,-45.0,2120.0,16.056595,0,0.0,0.0,0.0,0.0,0.0,0.0,0.0,0.0,0.0,0.0,0.0,0.0,0.0,0.0,0.0,0.0,-10935.0,0.0,0.0,0.0,0,0.0,0.0,0.0,-45.0,0.0,0,0,0.0,0.0,0.0,0.0,0.0,0.0,0.0,-45.0,0.0,-45.0,-45.0,0.0,0.0,0.0,0.0,0.0,0.0,0.0,0.0,0.0,0.0,0.0,0.0,0.0,0.0,0.0,0.0,0.0,0.0,0.0,0.0,0.0,0.0,0.0,0.0,0.0,0.0,0.0,0.0,0.0,0.0,0.0,0.0,1.0
26164,0.0,-608.0,-45.0,2120.0,16.056595,0,0.0,0.0,0.0,0.0,0.0,0.0,0.0,0.0,0.0,0.0,0.0,0.0,0.0,0.0,0.0,0.0,-10980.0,0.0,0.0,0.0,0,0.0,0.0,0.0,-45.0,0.0,0,0,0.0,0.0,0.0,0.0,0.0,0.0,0.0,-45.0,0.0,-45.0,-45.0,0.0,0.0,0.0,0.0,0.0,0.0,0.0,0.0,0.0,0.0,0.0,0.0,0.0,0.0,0.0,0.0,0.0,0.0,0.0,0.0,0.0,0.0,0.0,0.0,0.0,0.0,0.0,0.0,0.0,0.0,0.0,0.0,1.0
26165,0.0,-608.0,-45.0,2120.0,16.056595,0,0.0,0.0,0.0,0.0,0.0,0.0,0.0,0.0,0.0,0.0,0.0,0.0,0.0,0.0,0.0,0.0,-11025.0,0.0,0.0,0.0,0,0.0,0.0,0.0,-45.0,0.0,0,0,0.0,0.0,0.0,0.0,0.0,0.0,0.0,-45.0,0.0,-45.0,-45.0,0.0,0.0,0.0,0.0,0.0,0.0,0.0,0.0,0.0,0.0,0.0,0.0,0.0,0.0,0.0,0.0,0.0,0.0,0.0,0.0,0.0,0.0,0.0,0.0,0.0,0.0,0.0,0.0,0.0,0.0,0.0,0.0,1.0
26166,0.0,-608.0,-45.0,2120.0,16.056595,0,0.0,0.0,0.0,0.0,0.0,0.0,0.0,0.0,0.0,0.0,0.0,0.0,0.0,0.0,0.0,0.0,-11070.0,0.0,0.0,0.0,0,0.0,0.0,0.0,-45.0,0.0,0,0,0.0,0.0,0.0,0.0,0.0,0.0,0.0,-45.0,0.0,-45.0,-45.0,0.0,0.0,0.0,0.0,0.0,0.0,0.0,0.0,0.0,0.0,0.0,0.0,0.0,0.0,0.0,0.0,0.0,0.0,0.0,0.0,0.0,0.0,0.0,0.0,0.0,0.0,0.0,0.0,0.0,0.0,0.0,0.0,1.0
26167,0.0,-608.0,-45.0,2120.0,16.056595,0,0.0,0.0,0.0,0.0,0.0,0.0,0.0,0.0,0.0,0.0,0.0,0.0,0.0,0.0,0.0,0.0,-11115.0,0.0,0.0,0.0,0,0.0,0.0,0.0,-45.0,0.0,0,0,0.0,0.0,0.0,0.0,0.0,0.0,0.0,-45.0,0.0,-45.0,-45.0,0.0,0.0,0.0,0.0,0.0,0.0,0.0,0.0,0.0,0.0,0.0,0.0,0.0,0.0,0.0,0.0,0.0,0.0,0.0,0.0,0.0,0.0,0.0,0.0,0.0,0.0,0.0,0.0,0.0,0.0,0.0,0.0,1.0
26168,0.0,-608.0,-45.0,2120.0,16.056595,0,0.0,0.0,0.0,0.0,0.0,0.0,0.0,0.0,0.0,0.0,0.0,0.0,0.0,0.0,0.0,0.0,-11160.0,0.0,0.0,0.0,0,0.0,0.0,0.0,-45.0,0.0,0,0,0.0,0.0,0.0,0.0,0.0,0.0,0.0,-45.0,0.0,-45.0,-45.0,0.0,0.0,0.0,0.0,0.0,0.0,0.0,0.0,0.0,0.0,0.0,0.0,0.0,0.0,0.0,0.0,0.0,0.0,0.0,0.0,0.0,0.0,0.0,0.0,0.0,0.0,0.0,0.0,0.0,0.0,0.0,0.0,1.0
26169,0.0,-608.0,-45.0,2120.0,16.056595,0,0.0,0.0,0.0,0.0,0.0,0.0,0.0,0.0,0.0,0.0,0.0,0.0,0.0,0.0,0.0,0.0,-11205.0,0.0,0.0,0.0,0,0.0,0.0,0.0,-45.0,0.0,0,0,0.0,0.0,0.0,0.0,0.0,0.0,0.0,-45.0,0.0,-45.0,-45.0,0.0,0.0,0.0,0.0,0.0,0.0,0.0,0.0,0.0,0.0,0.0,0.0,0.0,0.0,0.0,0.0,0.0,0.0,0.0,0.0,0.0,0.0,0.0,0.0,0.0,0.0,0.0,0.0,0.0,0.0,0.0,0.0,1.0
26170,0.0,-608.0,-45.0,2120.0,16.056595,0,0.0,0.0,0.0,0.0,0.0,0.0,0.0,0.0,0.0,0.0,0.0,0.0,0.0,0.0,0.0,0.0,-11250.0,0.0,0.0,0.0,0,0.0,0.0,0.0,-45.0,0.0,0,0,0.0,0.0,0.0,0.0,0.0,0.0,0.0,-45.0,0.0,-45.0,-45.0,0.0,0.0,0.0,0.0,0.0,0.0,0.0,0.0,0.0,0.0,0.0,0.0,0.0,0.0,0.0,0.0,0.0,0.0,0.0,0.0,0.0,0.0,0.0,0.0,0.0,0.0,0.0,0.0,0.0,0.0,0.0,0.0,1.0
26171,0.0,-608.0,-45.0,2120.0,16.056595,0,0.0,0.0,0.0,0.0,0.0,0.0,0.0,0.0,0.0,0.0,0.0,0.0,0.0,0.0,0.0,0.0,-11295.0,0.0,0.0,0.0,0,0.0,0.0,0.0,-45.0,0.0,0,0,0.0,0.0,0.0,0.0,0.0,0.0,0.0,-45.0,0.0,-45.0,-45.0,0.0,0.0,0.0,0.0,0.0,0.0,0.0,0.0,0.0,0.0,0.0,0.0,0.0,0.0,0.0,0.0,0.0,0.0,0.0,0.0,0.0,0.0,0.0,0.0,0.0,0.0,0.0,0.0,0.0,0.0,0.0,0.0,1.0
26172,0.0,-608.0,-45.0,2120.0,16.056595,0,0.0,0.0,0.0,0.0,0.0,0.0,0.0,0.0,0.0,0.0,0.0,0.0,0.0,0.0,0.0,0.0,-11340.0,0.0,0.0,0.0,0,0.0,0.0,0.0,-45.0,0.0,0,0,0.0,0.0,0.0,0.0,0.0,0.0,0.0,-45.0,0.0,-45.0,-45.0,0.0,0.0,0.0,0.0,0.0,0.0,0.0,0.0,0.0,0.0,0.0,0.0,0.0,0.0,0.0,0.0,0.0,0.0,0.0,0.0,0.0,0.0,0.0,0.0,0.0,0.0,0.0,0.0,0.0,0.0,0.0,0.0,1.0
26173,0.0,-608.0,-45.0,2120.0,16.056595,0,0.0,0.0,0.0,0.0,0.0,0.0,0.0,0.0,0.0,0.0,0.0,0.0,0.0,0.0,0.0,0.0,-11385.0,0.0,0.0,0.0,0,0.0,0.0,0.0,-45.0,0.0,0,0,0.0,0.0,0.0,0.0,0.0,0.0,0.0,-45.0,0.0,-45.0,-45.0,0.0,0.0,0.0,0.0,0.0,0.0,0.0,0.0,0.0,0.0,0.0,0.0,0.0,0.0,0.0,0.0,0.0,0.0,0.0,0.0,0.0,0.0,0.0,0.0,0.0,0.0,0.0,0.0,0.0,0.0,0.0,0.0,1.0
26174,0.0,-608.0,-45.0,2120.0,16.056595,0,0.0,0.0,0.0,0.0,0.0,0.0,0.0,0.0,0.0,0.0,0.0,0.0,0.0,0.0,0.0,0.0,-11430.0,0.0,0.0,0.0,0,0.0,0.0,0.0,-45.0,0.0,0,0,0.0,0.0,0.0,0.0,0.0,0.0,0.0,-45.0,0.0,-45.0,-45.0,0.0,0.0,0.0,0.0,0.0,0.0,0.0,0.0,0.0,0.0,0.0,0.0,0.0,0.0,0.0,0.0,0.0,0.0,0.0,0.0,0.0,0.0,0.0,0.0,0.0,0.0,0.0,0.0,0.0,0.0,0.0,0.0,1.0
26175,0.0,-608.0,-45.0,2120.0,16.056595,0,0.0,0.0,0.0,0.0,0.0,0.0,0.0,0.0,0.0,0.0,0.0,0.0,0.0,0.0,0.0,0.0,-11475.0,0.0,0.0,0.0,0,0.0,0.0,0.0,-45.0,0.0,0,0,0.0,0.0,0.0,0.0,0.0,0.0,0.0,-45.0,0.0,-45.0,-45.0,0.0,0.0,0.0,0.0,0.0,0.0,0.0,0.0,0.0,0.0,0.0,0.0,0.0,0.0,0.0,0.0,0.0,0.0,0.0,0.0,0.0,0.0,0.0,0.0,0.0,0.0,0.0,0.0,0.0,0.0,0.0,0.0,1.0
26176,0.0,-608.0,-45.0,2120.0,16.056595,0,0.0,0.0,0.0,0.0,0.0,0.0,0.0,0.0,0.0,0.0,0.0,0.0,0.0,0.0,0.0,0.0,-11520.0,0.0,0.0,0.0,0,0.0,0.0,0.0,-45.0,0.0,0,0,0.0,0.0,0.0,0.0,0.0,0.0,0.0,-45.0,0.0,-45.0,-45.0,0.0,0.0,0.0,0.0,0.0,0.0,0.0,0.0,0.0,0.0,0.0,0.0,0.0,0.0,0.0,0.0,0.0,0.0,0.0,0.0,0.0,0.0,0.0,0.0,0.0,0.0,0.0,0.0,0.0,0.0,0.0,0.0,1.0
26177,0.0,-608.0,-45.0,2120.0,16.056595,0,0.0,0.0,0.0,0.0,0.0,0.0,0.0,0.0,0.0,0.0,0.0,0.0,0.0,0.0,0.0,0.0,-11565.0,0.0,0.0,0.0,0,0.0,0.0,0.0,-45.0,0.0,0,0,0.0,0.0,0.0,0.0,0.0,0.0,0.0,-45.0,0.0,-45.0,-45.0,0.0,0.0,0.0,0.0,0.0,0.0,0.0,0.0,0.0,0.0,0.0,0.0,0.0,0.0,0.0,0.0,0.0,0.0,0.0,0.0,0.0,0.0,0.0,0.0,0.0,0.0,0.0,0.0,0.0,0.0,0.0,0.0,1.0
26178,0.0,-608.0,-45.0,2120.0,16.056595,0,0.0,0.0,0.0,0.0,0.0,0.0,0.0,0.0,0.0,0.0,0.0,0.0,0.0,0.0,0.0,0.0,-11610.0,0.0,0.0,0.0,0,0.0,0.0,0.0,-45.0,0.0,0,0,0.0,0.0,0.0,0.0,0.0,0.0,0.0,-45.0,0.0,-45.0,-45.0,0.0,0.0,0.0,0.0,0.0,0.0,0.0,0.0,0.0,0.0,0.0,0.0,0.0,0.0,0.0,0.0,0.0,0.0,0.0,0.0,0.0,0.0,0.0,0.0,0.0,0.0,0.0,0.0,0.0,0.0,0.0,0.0,1.0
26179,0.0,-608.0,-45.0,2120.0,16.056595,0,0.0,0.0,0.0,0.0,0.0,0.0,0.0,0.0,0.0,0.0,0.0,0.0,0.0,0.0,0.0,0.0,-11655.0,0.0,0.0,0.0,0,0.0,0.0,0.0,-45.0,0.0,0,0,0.0,0.0,0.0,0.0,0.0,0.0,0.0,-45.0,0.0,-45.0,-45.0,0.0,0.0,0.0,0.0,0.0,0.0,0.0,0.0,0.0,0.0,0.0,0.0,0.0,0.0,0.0,0.0,0.0,0.0,0.0,0.0,0.0,0.0,0.0,0.0,0.0,0.0,0.0,0.0,0.0,0.0,0.0,0.0,1.0
26180,0.0,-608.0,-45.0,2120.0,16.056595,0,0.0,0.0,0.0,0.0,0.0,0.0,0.0,0.0,0.0,0.0,0.0,0.0,0.0,0.0,0.0,0.0,-11700.0,0.0,0.0,0.0,0,0.0,0.0,0.0,-45.0,0.0,0,0,0.0,0.0,0.0,0.0,0.0,0.0,0.0,-45.0,0.0,-45.0,-45.0,0.0,0.0,0.0,0.0,0.0,0.0,0.0,0.0,0.0,0.0,0.0,0.0,0.0,0.0,0.0,0.0,0.0,0.0,0.0,0.0,0.0,0.0,0.0,0.0,0.0,0.0,0.0,0.0,0.0,0.0,0.0,0.0,1.0
26181,0.0,-608.0,-45.0,2120.0,16.056595,0,0.0,0.0,0.0,0.0,0.0,0.0,0.0,0.0,0.0,0.0,0.0,0.0,0.0,0.0,0.0,0.0,-11745.0,0.0,0.0,0.0,0,0.0,0.0,0.0,-45.0,0.0,0,0,0.0,0.0,0.0,0.0,0.0,0.0,0.0,-45.0,0.0,-45.0,-45.0,0.0,0.0,0.0,0.0,0.0,0.0,0.0,0.0,0.0,0.0,0.0,0.0,0.0,0.0,0.0,0.0,0.0,0.0,0.0,0.0,0.0,0.0,0.0,0.0,0.0,0.0,0.0,0.0,0.0,0.0,0.0,0.0,1.0
26182,0.0,-608.0,-45.0,2120.0,16.056595,0,0.0,0.0,0.0,0.0,0.0,0.0,0.0,0.0,0.0,0.0,0.0,0.0,0.0,0.0,0.0,0.0,-11790.0,0.0,0.0,0.0,0,0.0,0.0,0.0,-45.0,0.0,0,0,0.0,0.0,0.0,0.0,0.0,0.0,0.0,-45.0,0.0,-45.0,-45.0,0.0,0.0,0.0,0.0,0.0,0.0,0.0,0.0,0.0,0.0,0.0,0.0,0.0,0.0,0.0,0.0,0.0,0.0,0.0,0.0,0.0,0.0,0.0,0.0,0.0,0.0,0.0,0.0,0.0,0.0,0.0,0.0,1.0
26183,0.0,-608.0,-45.0,2120.0,16.056595,0,0.0,0.0,0.0,0.0,0.0,0.0,0.0,0.0,0.0,0.0,0.0,0.0,0.0,0.0,0.0,0.0,-11835.0,0.0,0.0,0.0,0,0.0,0.0,0.0,-45.0,0.0,0,0,0.0,0.0,0.0,0.0,0.0,0.0,0.0,-45.0,0.0,-45.0,-45.0,0.0,0.0,0.0,0.0,0.0,0.0,0.0,0.0,0.0,0.0,0.0,0.0,0.0,0.0,0.0,0.0,0.0,0.0,0.0,0.0,0.0,0.0,0.0,0.0,0.0,0.0,0.0,0.0,0.0,0.0,0.0,0.0,1.0
26184,0.0,-608.0,-45.0,2120.0,16.056595,0,0.0,0.0,0.0,0.0,0.0,0.0,0.0,0.0,0.0,0.0,0.0,0.0,0.0,0.0,0.0,0.0,-11880.0,0.0,0.0,0.0,0,0.0,0.0,0.0,-45.0,0.0,0,0,0.0,0.0,0.0,0.0,0.0,0.0,0.0,-45.0,0.0,-45.0,-45.0,0.0,0.0,0.0,0.0,0.0,0.0,0.0,0.0,0.0,0.0,0.0,0.0,0.0,0.0,0.0,0.0,0.0,0.0,0.0,0.0,0.0,0.0,0.0,0.0,0.0,0.0,0.0,0.0,0.0,0.0,0.0,0.0,1.0
26185,0.0,-608.0,-45.0,2120.0,16.056595,0,0.0,0.0,0.0,0.0,0.0,0.0,0.0,0.0,0.0,0.0,0.0,0.0,0.0,0.0,0.0,0.0,-11925.0,0.0,0.0,0.0,0,0.0,0.0,0.0,-45.0,0.0,0,0,0.0,0.0,0.0,0.0,0.0,0.0,0.0,-45.0,0.0,-45.0,-45.0,0.0,0.0,0.0,0.0,0.0,0.0,0.0,0.0,0.0,0.0,0.0,0.0,0.0,0.0,0.0,0.0,0.0,0.0,0.0,0.0,0.0,0.0,0.0,0.0,0.0,0.0,0.0,0.0,0.0,0.0,0.0,0.0,1.0
26186,0.0,-608.0,-45.0,2120.0,16.056595,0,0.0,0.0,0.0,0.0,0.0,0.0,0.0,0.0,0.0,0.0,0.0,0.0,0.0,0.0,0.0,0.0,-11970.0,0.0,0.0,0.0,0,0.0,0.0,0.0,-45.0,0.0,0,0,0.0,0.0,0.0,0.0,0.0,0.0,0.0,-45.0,0.0,-45.0,-45.0,0.0,0.0,0.0,0.0,0.0,0.0,0.0,0.0,0.0,0.0,0.0,0.0,0.0,0.0,0.0,0.0,0.0,0.0,0.0,0.0,0.0,0.0,0.0,0.0,0.0,0.0,0.0,0.0,0.0,0.0,0.0,0.0,1.0
26187,0.0,-608.0,-45.0,2120.0,16.056595,0,0.0,0.0,0.0,0.0,0.0,0.0,0.0,0.0,0.0,0.0,0.0,0.0,0.0,0.0,0.0,0.0,-12015.0,0.0,0.0,0.0,0,0.0,0.0,0.0,-45.0,0.0,0,0,0.0,0.0,0.0,0.0,0.0,0.0,0.0,-45.0,0.0,-45.0,-45.0,0.0,0.0,0.0,0.0,0.0,0.0,0.0,0.0,0.0,0.0,0.0,0.0,0.0,0.0,0.0,0.0,0.0,0.0,0.0,0.0,0.0,0.0,0.0,0.0,0.0,0.0,0.0,0.0,0.0,0.0,0.0,0.0,1.0
26188,0.0,-608.0,-45.0,2120.0,16.056595,0,0.0,0.0,0.0,0.0,0.0,0.0,0.0,0.0,0.0,0.0,0.0,0.0,0.0,0.0,0.0,0.0,-12060.0,0.0,0.0,0.0,0,0.0,0.0,0.0,-45.0,0.0,0,0,0.0,0.0,0.0,0.0,0.0,0.0,0.0,-45.0,0.0,-45.0,-45.0,0.0,0.0,0.0,0.0,0.0,0.0,0.0,0.0,0.0,0.0,0.0,0.0,0.0,0.0,0.0,0.0,0.0,0.0,0.0,0.0,0.0,0.0,0.0,0.0,0.0,0.0,0.0,0.0,0.0,0.0,0.0,0.0,1.0
26189,0.0,-608.0,-45.0,2120.0,16.056595,0,0.0,0.0,0.0,0.0,0.0,0.0,0.0,0.0,0.0,0.0,0.0,0.0,0.0,0.0,0.0,0.0,-12105.0,0.0,0.0,0.0,0,0.0,0.0,0.0,-45.0,0.0,0,0,0.0,0.0,0.0,0.0,0.0,0.0,0.0,-45.0,0.0,-45.0,-45.0,0.0,0.0,0.0,0.0,0.0,0.0,0.0,0.0,0.0,0.0,0.0,0.0,0.0,0.0,0.0,0.0,0.0,0.0,0.0,0.0,0.0,0.0,0.0,0.0,0.0,0.0,0.0,0.0,0.0,0.0,0.0,0.0,1.0
26190,0.0,-608.0,-45.0,2120.0,16.056595,0,0.0,0.0,0.0,0.0,0.0,0.0,0.0,0.0,0.0,0.0,0.0,0.0,0.0,0.0,0.0,0.0,-12150.0,0.0,0.0,0.0,0,0.0,0.0,0.0,-45.0,0.0,0,0,0.0,0.0,0.0,0.0,0.0,0.0,0.0,-45.0,0.0,-45.0,-45.0,0.0,0.0,0.0,0.0,0.0,0.0,0.0,0.0,0.0,0.0,0.0,0.0,0.0,0.0,0.0,0.0,0.0,0.0,0.0,0.0,0.0,0.0,0.0,0.0,0.0,0.0,0.0,0.0,0.0,0.0,0.0,0.0,1.0
26191,0.0,-608.0,-45.0,2120.0,16.056595,0,0.0,0.0,0.0,0.0,0.0,0.0,0.0,0.0,0.0,0.0,0.0,0.0,0.0,0.0,0.0,0.0,-12195.0,0.0,0.0,0.0,0,0.0,0.0,0.0,-45.0,0.0,0,0,0.0,0.0,0.0,0.0,0.0,0.0,0.0,-45.0,0.0,-45.0,-45.0,0.0,0.0,0.0,0.0,0.0,0.0,0.0,0.0,0.0,0.0,0.0,0.0,0.0,0.0,0.0,0.0,0.0,0.0,0.0,0.0,0.0,0.0,0.0,0.0,0.0,0.0,0.0,0.0,0.0,0.0,0.0,0.0,1.0
26192,0.0,-608.0,-45.0,2120.0,16.056595,0,0.0,0.0,0.0,0.0,0.0,0.0,0.0,0.0,0.0,0.0,0.0,0.0,0.0,0.0,0.0,0.0,-12240.0,0.0,0.0,0.0,0,0.0,0.0,0.0,-45.0,0.0,0,0,0.0,0.0,0.0,0.0,0.0,0.0,0.0,-45.0,0.0,-45.0,-45.0,0.0,0.0,0.0,0.0,0.0,0.0,0.0,0.0,0.0,0.0,0.0,0.0,0.0,0.0,0.0,0.0,0.0,0.0,0.0,0.0,0.0,0.0,0.0,0.0,0.0,0.0,0.0,0.0,0.0,0.0,0.0,0.0,1.0
26193,0.0,-608.0,-45.0,2120.0,16.056595,0,0.0,0.0,0.0,0.0,0.0,0.0,0.0,0.0,0.0,0.0,0.0,0.0,0.0,0.0,0.0,0.0,-12285.0,0.0,0.0,0.0,0,0.0,0.0,0.0,-45.0,0.0,0,0,0.0,0.0,0.0,0.0,0.0,0.0,0.0,-45.0,0.0,-45.0,-45.0,0.0,0.0,0.0,0.0,0.0,0.0,0.0,0.0,0.0,0.0,0.0,0.0,0.0,0.0,0.0,0.0,0.0,0.0,0.0,0.0,0.0,0.0,0.0,0.0,0.0,0.0,0.0,0.0,0.0,0.0,0.0,0.0,1.0
26194,0.0,-608.0,-45.0,2120.0,16.056595,0,0.0,0.0,0.0,0.0,0.0,0.0,0.0,0.0,0.0,0.0,0.0,0.0,0.0,0.0,0.0,0.0,-12330.0,0.0,0.0,0.0,0,0.0,0.0,0.0,-45.0,0.0,0,0,0.0,0.0,0.0,0.0,0.0,0.0,0.0,-45.0,0.0,-45.0,-45.0,0.0,0.0,0.0,0.0,0.0,0.0,0.0,0.0,0.0,0.0,0.0,0.0,0.0,0.0,0.0,0.0,0.0,0.0,0.0,0.0,0.0,0.0,0.0,0.0,0.0,0.0,0.0,0.0,0.0,0.0,0.0,0.0,1.0
26195,0.0,-608.0,-45.0,2120.0,16.056595,0,0.0,0.0,0.0,0.0,0.0,0.0,0.0,0.0,0.0,0.0,0.0,0.0,0.0,0.0,0.0,0.0,-12375.0,0.0,0.0,0.0,0,0.0,0.0,0.0,-45.0,0.0,0,0,0.0,0.0,0.0,0.0,0.0,0.0,0.0,-45.0,0.0,-45.0,-45.0,0.0,0.0,0.0,0.0,0.0,0.0,0.0,0.0,0.0,0.0,0.0,0.0,0.0,0.0,0.0,0.0,0.0,0.0,0.0,0.0,0.0,0.0,0.0,0.0,0.0,0.0,0.0,0.0,0.0,0.0,0.0,0.0,1.0
26196,0.0,-608.0,-45.0,2120.0,16.056595,0,0.0,0.0,0.0,0.0,0.0,0.0,0.0,0.0,0.0,0.0,0.0,0.0,0.0,0.0,0.0,0.0,-12420.0,0.0,0.0,0.0,0,0.0,0.0,0.0,-45.0,0.0,0,0,0.0,0.0,0.0,0.0,0.0,0.0,0.0,-45.0,0.0,-45.0,-45.0,0.0,0.0,0.0,0.0,0.0,0.0,0.0,0.0,0.0,0.0,0.0,0.0,0.0,0.0,0.0,0.0,0.0,0.0,0.0,0.0,0.0,0.0,0.0,0.0,0.0,0.0,0.0,0.0,0.0,0.0,0.0,0.0,1.0
26197,0.0,-608.0,-45.0,2120.0,16.056595,0,0.0,0.0,0.0,0.0,0.0,0.0,0.0,0.0,0.0,0.0,0.0,0.0,0.0,0.0,0.0,0.0,-12465.0,0.0,0.0,0.0,0,0.0,0.0,0.0,-45.0,0.0,0,0,0.0,0.0,0.0,0.0,0.0,0.0,0.0,-45.0,0.0,-45.0,-45.0,0.0,0.0,0.0,0.0,0.0,0.0,0.0,0.0,0.0,0.0,0.0,0.0,0.0,0.0,0.0,0.0,0.0,0.0,0.0,0.0,0.0,0.0,0.0,0.0,0.0,0.0,0.0,0.0,0.0,0.0,0.0,0.0,1.0
26198,0.0,-608.0,-45.0,2120.0,16.056595,0,0.0,0.0,0.0,0.0,0.0,0.0,0.0,0.0,0.0,0.0,0.0,0.0,0.0,0.0,0.0,0.0,-12510.0,0.0,0.0,0.0,0,0.0,0.0,0.0,-45.0,0.0,0,0,0.0,0.0,0.0,0.0,0.0,0.0,0.0,-45.0,0.0,-45.0,-45.0,0.0,0.0,0.0,0.0,0.0,0.0,0.0,0.0,0.0,0.0,0.0,0.0,0.0,0.0,0.0,0.0,0.0,0.0,0.0,0.0,0.0,0.0,0.0,0.0,0.0,0.0,0.0,0.0,0.0,0.0,0.0,0.0,1.0
26199,0.0,-608.0,-45.0,2120.0,16.056595,0,0.0,0.0,0.0,0.0,0.0,0.0,0.0,0.0,0.0,0.0,0.0,0.0,0.0,0.0,0.0,0.0,-12555.0,0.0,0.0,0.0,0,0.0,0.0,0.0,-45.0,0.0,0,0,0.0,0.0,0.0,0.0,0.0,0.0,0.0,-45.0,0.0,-45.0,-45.0,0.0,0.0,0.0,0.0,0.0,0.0,0.0,0.0,0.0,0.0,0.0,0.0,0.0,0.0,0.0,0.0,0.0,0.0,0.0,0.0,0.0,0.0,0.0,0.0,0.0,0.0,0.0,0.0,0.0,0.0,0.0,0.0,1.0
26200,0.0,-608.0,-45.0,2120.0,16.056595,0,0.0,0.0,0.0,0.0,0.0,0.0,0.0,0.0,0.0,0.0,0.0,0.0,0.0,0.0,0.0,0.0,-12600.0,0.0,0.0,0.0,0,0.0,0.0,0.0,-45.0,0.0,0,0,0.0,0.0,0.0,0.0,0.0,0.0,0.0,-45.0,0.0,-45.0,-45.0,0.0,0.0,0.0,0.0,0.0,0.0,0.0,0.0,0.0,0.0,0.0,0.0,0.0,0.0,0.0,0.0,0.0,0.0,0.0,0.0,0.0,0.0,0.0,0.0,0.0,0.0,0.0,0.0,0.0,0.0,0.0,0.0,1.0
26201,0.0,-608.0,-45.0,2120.0,16.056595,0,0.0,0.0,0.0,0.0,0.0,0.0,0.0,0.0,0.0,0.0,0.0,0.0,0.0,0.0,0.0,0.0,-12645.0,0.0,0.0,0.0,0,0.0,0.0,0.0,-45.0,0.0,0,0,0.0,0.0,0.0,0.0,0.0,0.0,0.0,-45.0,0.0,-45.0,-45.0,0.0,0.0,0.0,0.0,0.0,0.0,0.0,0.0,0.0,0.0,0.0,0.0,0.0,0.0,0.0,0.0,0.0,0.0,0.0,0.0,0.0,0.0,0.0,0.0,0.0,0.0,0.0,0.0,0.0,0.0,0.0,0.0,1.0
26202,0.0,-608.0,-45.0,2120.0,16.056595,0,0.0,0.0,0.0,0.0,0.0,0.0,0.0,0.0,0.0,0.0,0.0,0.0,0.0,0.0,0.0,0.0,-12690.0,0.0,0.0,0.0,0,0.0,0.0,0.0,-45.0,0.0,0,0,0.0,0.0,0.0,0.0,0.0,0.0,0.0,-45.0,0.0,-45.0,-45.0,0.0,0.0,0.0,0.0,0.0,0.0,0.0,0.0,0.0,0.0,0.0,0.0,0.0,0.0,0.0,0.0,0.0,0.0,0.0,0.0,0.0,0.0,0.0,0.0,0.0,0.0,0.0,0.0,0.0,0.0,0.0,0.0,1.0
26203,0.0,-608.0,-45.0,2120.0,16.056595,0,0.0,0.0,0.0,0.0,0.0,0.0,0.0,0.0,0.0,0.0,0.0,0.0,0.0,0.0,0.0,0.0,-12735.0,0.0,0.0,0.0,0,0.0,0.0,0.0,-45.0,0.0,0,0,0.0,0.0,0.0,0.0,0.0,0.0,0.0,-45.0,0.0,-45.0,-45.0,0.0,0.0,0.0,0.0,0.0,0.0,0.0,0.0,0.0,0.0,0.0,0.0,0.0,0.0,0.0,0.0,0.0,0.0,0.0,0.0,0.0,0.0,0.0,0.0,0.0,0.0,0.0,0.0,0.0,0.0,0.0,0.0,1.0
26204,0.0,-608.0,-45.0,2120.0,16.056595,0,0.0,0.0,0.0,0.0,0.0,0.0,0.0,0.0,0.0,0.0,0.0,0.0,0.0,0.0,0.0,0.0,-12780.0,0.0,0.0,0.0,0,0.0,0.0,0.0,-45.0,0.0,0,0,0.0,0.0,0.0,0.0,0.0,0.0,0.0,-45.0,0.0,-45.0,-45.0,0.0,0.0,0.0,0.0,0.0,0.0,0.0,0.0,0.0,0.0,0.0,0.0,0.0,0.0,0.0,0.0,0.0,0.0,0.0,0.0,0.0,0.0,0.0,0.0,0.0,0.0,0.0,0.0,0.0,0.0,0.0,0.0,1.0
26205,0.0,-608.0,-45.0,2120.0,16.056595,0,0.0,0.0,0.0,0.0,0.0,0.0,0.0,0.0,0.0,0.0,0.0,0.0,0.0,0.0,0.0,0.0,-12825.0,0.0,0.0,0.0,0,0.0,0.0,0.0,-45.0,0.0,0,0,0.0,0.0,0.0,0.0,0.0,0.0,0.0,-45.0,0.0,-45.0,-45.0,0.0,0.0,0.0,0.0,0.0,0.0,0.0,0.0,0.0,0.0,0.0,0.0,0.0,0.0,0.0,0.0,0.0,0.0,0.0,0.0,0.0,0.0,0.0,0.0,0.0,0.0,0.0,0.0,0.0,0.0,0.0,0.0,1.0
26206,0.0,-608.0,-45.0,2120.0,16.056595,0,0.0,0.0,0.0,0.0,0.0,0.0,0.0,0.0,0.0,0.0,0.0,0.0,0.0,0.0,0.0,0.0,-12870.0,0.0,0.0,0.0,0,0.0,0.0,0.0,-45.0,0.0,0,0,0.0,0.0,0.0,0.0,0.0,0.0,0.0,-45.0,0.0,-45.0,-45.0,0.0,0.0,0.0,0.0,0.0,0.0,0.0,0.0,0.0,0.0,0.0,0.0,0.0,0.0,0.0,0.0,0.0,0.0,0.0,0.0,0.0,0.0,0.0,0.0,0.0,0.0,0.0,0.0,0.0,0.0,0.0,0.0,1.0
26207,0.0,-608.0,-45.0,2120.0,16.056595,0,0.0,0.0,0.0,0.0,0.0,0.0,0.0,0.0,0.0,0.0,0.0,0.0,0.0,0.0,0.0,0.0,-12915.0,0.0,0.0,0.0,0,0.0,0.0,0.0,-45.0,0.0,0,0,0.0,0.0,0.0,0.0,0.0,0.0,0.0,-45.0,0.0,-45.0,-45.0,0.0,0.0,0.0,0.0,0.0,0.0,0.0,0.0,0.0,0.0,0.0,0.0,0.0,0.0,0.0,0.0,0.0,0.0,0.0,0.0,0.0,0.0,0.0,0.0,0.0,0.0,0.0,0.0,0.0,0.0,0.0,0.0,1.0
26208,0.0,-608.0,-45.0,2120.0,16.056595,0,0.0,0.0,0.0,0.0,0.0,0.0,0.0,0.0,0.0,0.0,0.0,0.0,0.0,0.0,0.0,0.0,-12960.0,0.0,0.0,0.0,0,0.0,0.0,0.0,-45.0,0.0,0,0,0.0,0.0,0.0,0.0,0.0,0.0,0.0,-45.0,0.0,-45.0,-45.0,0.0,0.0,0.0,0.0,0.0,0.0,0.0,0.0,0.0,0.0,0.0,0.0,0.0,0.0,0.0,0.0,0.0,0.0,0.0,0.0,0.0,0.0,0.0,0.0,0.0,0.0,0.0,0.0,0.0,0.0,0.0,0.0,1.0
26209,0.0,-608.0,-45.0,2120.0,16.056595,0,0.0,0.0,0.0,0.0,0.0,0.0,0.0,0.0,0.0,0.0,0.0,0.0,0.0,0.0,0.0,0.0,-13005.0,0.0,0.0,0.0,0,0.0,0.0,0.0,-45.0,0.0,0,0,0.0,0.0,0.0,0.0,0.0,0.0,0.0,-45.0,0.0,-45.0,-45.0,0.0,0.0,0.0,0.0,0.0,0.0,0.0,0.0,0.0,0.0,0.0,0.0,0.0,0.0,0.0,0.0,0.0,0.0,0.0,0.0,0.0,0.0,0.0,0.0,0.0,0.0,0.0,0.0,0.0,0.0,0.0,0.0,1.0
26210,0.0,-608.0,-45.0,2120.0,16.056595,0,0.0,0.0,0.0,0.0,0.0,0.0,0.0,0.0,0.0,0.0,0.0,0.0,0.0,0.0,0.0,0.0,-13050.0,0.0,0.0,0.0,0,0.0,0.0,0.0,-45.0,0.0,0,0,0.0,0.0,0.0,0.0,0.0,0.0,0.0,-45.0,0.0,-45.0,-45.0,0.0,0.0,0.0,0.0,0.0,0.0,0.0,0.0,0.0,0.0,0.0,0.0,0.0,0.0,0.0,0.0,0.0,0.0,0.0,0.0,0.0,0.0,0.0,0.0,0.0,0.0,0.0,0.0,0.0,0.0,0.0,0.0,1.0
26211,0.0,-608.0,-45.0,2120.0,16.056595,0,0.0,0.0,0.0,0.0,0.0,0.0,0.0,0.0,0.0,0.0,0.0,0.0,0.0,0.0,0.0,0.0,-13095.0,0.0,0.0,0.0,0,0.0,0.0,0.0,-45.0,0.0,0,0,0.0,0.0,0.0,0.0,0.0,0.0,0.0,-45.0,0.0,-45.0,-45.0,0.0,0.0,0.0,0.0,0.0,0.0,0.0,0.0,0.0,0.0,0.0,0.0,0.0,0.0,0.0,0.0,0.0,0.0,0.0,0.0,0.0,0.0,0.0,0.0,0.0,0.0,0.0,0.0,0.0,0.0,0.0,0.0,1.0
26212,0.0,-608.0,-45.0,2120.0,16.056595,0,0.0,0.0,0.0,0.0,0.0,0.0,0.0,0.0,0.0,0.0,0.0,0.0,0.0,0.0,0.0,0.0,-13140.0,0.0,0.0,0.0,0,0.0,0.0,0.0,-45.0,0.0,0,0,0.0,0.0,0.0,0.0,0.0,0.0,0.0,-45.0,0.0,-45.0,-45.0,0.0,0.0,0.0,0.0,0.0,0.0,0.0,0.0,0.0,0.0,0.0,0.0,0.0,0.0,0.0,0.0,0.0,0.0,0.0,0.0,0.0,0.0,0.0,0.0,0.0,0.0,0.0,0.0,0.0,0.0,0.0,0.0,1.0
26213,0.0,-608.0,-45.0,2120.0,16.056595,0,0.0,0.0,0.0,0.0,0.0,0.0,0.0,0.0,0.0,0.0,0.0,0.0,0.0,0.0,0.0,0.0,-13185.0,0.0,0.0,0.0,0,0.0,0.0,0.0,-45.0,0.0,0,0,0.0,0.0,0.0,0.0,0.0,0.0,0.0,-45.0,0.0,-45.0,-45.0,0.0,0.0,0.0,0.0,0.0,0.0,0.0,0.0,0.0,0.0,0.0,0.0,0.0,0.0,0.0,0.0,0.0,0.0,0.0,0.0,0.0,0.0,0.0,0.0,0.0,0.0,0.0,0.0,0.0,0.0,0.0,0.0,1.0
26214,0.0,-608.0,-45.0,2120.0,16.056595,0,0.0,0.0,0.0,0.0,0.0,0.0,0.0,0.0,0.0,0.0,0.0,0.0,0.0,0.0,0.0,0.0,-13230.0,0.0,0.0,0.0,0,0.0,0.0,0.0,-45.0,0.0,0,0,0.0,0.0,0.0,0.0,0.0,0.0,0.0,-45.0,0.0,-45.0,-45.0,0.0,0.0,0.0,0.0,0.0,0.0,0.0,0.0,0.0,0.0,0.0,0.0,0.0,0.0,0.0,0.0,0.0,0.0,0.0,0.0,0.0,0.0,0.0,0.0,0.0,0.0,0.0,0.0,0.0,0.0,0.0,0.0,1.0
26215,0.0,-608.0,-45.0,2120.0,16.056595,0,0.0,0.0,0.0,0.0,0.0,0.0,0.0,0.0,0.0,0.0,0.0,0.0,0.0,0.0,0.0,0.0,-13275.0,0.0,0.0,0.0,0,0.0,0.0,0.0,-45.0,0.0,0,0,0.0,0.0,0.0,0.0,0.0,0.0,0.0,-45.0,0.0,-45.0,-45.0,0.0,0.0,0.0,0.0,0.0,0.0,0.0,0.0,0.0,0.0,0.0,0.0,0.0,0.0,0.0,0.0,0.0,0.0,0.0,0.0,0.0,0.0,0.0,0.0,0.0,0.0,0.0,0.0,0.0,0.0,0.0,0.0,1.0
26216,0.0,-608.0,-45.0,2120.0,16.056595,0,0.0,0.0,0.0,0.0,0.0,0.0,0.0,0.0,0.0,0.0,0.0,0.0,0.0,0.0,0.0,0.0,-13320.0,0.0,0.0,0.0,0,0.0,0.0,0.0,-45.0,0.0,0,0,0.0,0.0,0.0,0.0,0.0,0.0,0.0,-45.0,0.0,-45.0,-45.0,0.0,0.0,0.0,0.0,0.0,0.0,0.0,0.0,0.0,0.0,0.0,0.0,0.0,0.0,0.0,0.0,0.0,0.0,0.0,0.0,0.0,0.0,0.0,0.0,0.0,0.0,0.0,0.0,0.0,0.0,0.0,0.0,1.0
26217,0.0,-608.0,-45.0,2120.0,16.056595,0,0.0,0.0,0.0,0.0,0.0,0.0,0.0,0.0,0.0,0.0,0.0,0.0,0.0,0.0,0.0,0.0,-13365.0,0.0,0.0,0.0,0,0.0,0.0,0.0,-45.0,0.0,0,0,0.0,0.0,0.0,0.0,0.0,0.0,0.0,-45.0,0.0,-45.0,-45.0,0.0,0.0,0.0,0.0,0.0,0.0,0.0,0.0,0.0,0.0,0.0,0.0,0.0,0.0,0.0,0.0,0.0,0.0,0.0,0.0,0.0,0.0,0.0,0.0,0.0,0.0,0.0,0.0,0.0,0.0,0.0,0.0,1.0
26218,0.0,-608.0,-45.0,2120.0,16.056595,0,0.0,0.0,0.0,0.0,0.0,0.0,0.0,0.0,0.0,0.0,0.0,0.0,0.0,0.0,0.0,0.0,-13410.0,0.0,0.0,0.0,0,0.0,0.0,0.0,-45.0,0.0,0,0,0.0,0.0,0.0,0.0,0.0,0.0,0.0,-45.0,0.0,-45.0,-45.0,0.0,0.0,0.0,0.0,0.0,0.0,0.0,0.0,0.0,0.0,0.0,0.0,0.0,0.0,0.0,0.0,0.0,0.0,0.0,0.0,0.0,0.0,0.0,0.0,0.0,0.0,0.0,0.0,0.0,0.0,0.0,0.0,1.0
26219,0.0,-608.0,-45.0,2120.0,16.056595,0,0.0,0.0,0.0,0.0,0.0,0.0,0.0,0.0,0.0,0.0,0.0,0.0,0.0,0.0,0.0,0.0,-13455.0,0.0,0.0,0.0,0,0.0,0.0,0.0,-45.0,0.0,0,0,0.0,0.0,0.0,0.0,0.0,0.0,0.0,-45.0,0.0,-45.0,-45.0,0.0,0.0,0.0,0.0,0.0,0.0,0.0,0.0,0.0,0.0,0.0,0.0,0.0,0.0,0.0,0.0,0.0,0.0,0.0,0.0,0.0,0.0,0.0,0.0,0.0,0.0,0.0,0.0,0.0,0.0,0.0,0.0,1.0
26220,0.0,-608.0,-45.0,2120.0,16.056595,0,0.0,0.0,0.0,0.0,0.0,0.0,0.0,0.0,0.0,0.0,0.0,0.0,0.0,0.0,0.0,0.0,-13500.0,0.0,0.0,0.0,0,0.0,0.0,0.0,-45.0,0.0,0,0,0.0,0.0,0.0,0.0,0.0,0.0,0.0,-45.0,0.0,-45.0,-45.0,0.0,0.0,0.0,0.0,0.0,0.0,0.0,0.0,0.0,0.0,0.0,0.0,0.0,0.0,0.0,0.0,0.0,0.0,0.0,0.0,0.0,0.0,0.0,0.0,0.0,0.0,0.0,0.0,0.0,0.0,0.0,0.0,1.0
